repeat,fold,method,target,n_test,mae,r2,alpha
0,0,Training_mean,Baso,35,0.17915483813626637,-0.1480694823784936,
0,0,Training_mean,Ccr7_DC,35,0.002197802197802198,-0.029411764705882693,
0,0,Training_mean,Eos,35,0.011844197975584836,,
0,0,Training_mean,Erythroid,35,0.015019117135905459,-0.0008450599156590854,
0,0,Training_mean,Lymphoid,35,0.00894342015301348,-0.14959560054429333,
0,0,Training_mean,Mast,35,0.026739376596347075,-0.10028628840036347,
0,0,Training_mean,Meg,35,0.05823598517088957,-0.05032946318472553,
0,0,Training_mean,Monocyte,35,0.22925587053416094,-0.037194797174328054,
0,0,Training_mean,Neutrophil,35,0.3314468119650582,-0.1364126794189684,
0,0,Training_mean,Undifferentiated,35,0.31343502318925726,-0.00016806876977715213,
0,0,Training_mean,pDC,35,0.00364963503649635,,
0,0,RNA_mean,Baso,35,0.11816806291407415,0.35996659547543763,100.0
0,0,RNA_mean,Ccr7_DC,35,0.002197802197802198,-0.029411764705882693,100.0
0,0,RNA_mean,Eos,35,0.01293715068272182,,100.0
0,0,RNA_mean,Erythroid,35,0.015942115413158067,0.2243091275620439,100.0
0,0,RNA_mean,Lymphoid,35,0.0059827221156081,0.11050280232151166,100.0
0,0,RNA_mean,Mast,35,0.02683622546173038,-0.7124174550727624,100.0
0,0,RNA_mean,Meg,35,0.05319040219464219,0.10165131975771613,100.0
0,0,RNA_mean,Monocyte,35,0.2004722909001787,0.14023855202612312,100.0
0,0,RNA_mean,Neutrophil,35,0.26067270642063345,0.16292168688574027,100.0
0,0,RNA_mean,Undifferentiated,35,0.26137663920792525,0.2819371980024884,100.0
0,0,RNA_mean,pDC,35,0.007672420792680766,,100.0
0,0,RNA_mean_variance,Baso,35,0.1222203474137045,0.3260739140784923,100.0
0,0,RNA_mean_variance,Ccr7_DC,35,0.002197802197802198,-0.029411764705882693,100.0
0,0,RNA_mean_variance,Eos,35,0.015401603085254983,,100.0
0,0,RNA_mean_variance,Erythroid,35,0.014331626666743043,0.3570254467368883,100.0
0,0,RNA_mean_variance,Lymphoid,35,0.007447069312527694,-0.5008773258819215,100.0
0,0,RNA_mean_variance,Mast,35,0.029128964092100213,-0.7963617610698008,100.0
0,0,RNA_mean_variance,Meg,35,0.05773168547301898,0.10656581030774714,100.0
0,0,RNA_mean_variance,Monocyte,35,0.2279465078164189,-0.09320159540543282,100.0
0,0,RNA_mean_variance,Neutrophil,35,0.26502531210472247,0.1410625269239505,100.0
0,0,RNA_mean_variance,Undifferentiated,35,0.28543619539838194,0.04553283137360653,100.0
0,0,RNA_mean_variance,pDC,35,0.008082198963633606,,100.0
0,0,Size_only,Baso,35,0.18070036247054383,-0.1598377369591084,100.0
0,0,Size_only,Ccr7_DC,35,0.002197802197802198,-0.029411764705882693,100.0
0,0,Size_only,Eos,35,0.012404900729524392,,100.0
0,0,Size_only,Erythroid,35,0.015589353304678451,0.0027789837259106775,100.0
0,0,Size_only,Lymphoid,35,0.008791037555936923,-0.14678459771520158,100.0
0,0,Size_only,Mast,35,0.02776105795985298,-0.11492874047963109,100.0
0,0,Size_only,Meg,35,0.05665879431799493,-0.03600779888879746,100.0
0,0,Size_only,Monocyte,35,0.22890376966085446,-0.0357889054265601,100.0
0,0,Size_only,Neutrophil,35,0.3407641920511541,-0.2042499407528542,100.0
0,0,Size_only,Undifferentiated,35,0.31509824341848924,-0.013796643013264553,100.0
0,0,Size_only,pDC,35,0.003936030606095936,,100.0
0,0,Threadfin_mean,Baso,35,0.11962008961588094,0.3570467113357775,100.0
0,0,Threadfin_mean,Ccr7_DC,35,0.002197802197802198,-0.029411764705882693,100.0
0,0,Threadfin_mean,Eos,35,0.012873656593870717,,100.0
0,0,Threadfin_mean,Erythroid,35,0.015809908368035235,0.22150038164531305,100.0
0,0,Threadfin_mean,Lymphoid,35,0.006093892201026894,0.0939762236957401,100.0
0,0,Threadfin_mean,Mast,35,0.027083908211230228,-0.752742513350573,100.0
0,0,Threadfin_mean,Meg,35,0.05327928202192885,0.11231711614604367,100.0
0,0,Threadfin_mean,Monocyte,35,0.19792567467253885,0.15386971755234724,100.0
0,0,Threadfin_mean,Neutrophil,35,0.26123326036615224,0.16031542248375397,100.0
0,0,Threadfin_mean,Undifferentiated,35,0.2620992249407406,0.27762754230235354,100.0
0,0,Threadfin_mean,pDC,35,0.00745751124420714,,100.0
0,0,Threadfin_kernel,Baso,35,0.1092037293037579,0.4697073309562376,100.0
0,0,Threadfin_kernel,Ccr7_DC,35,0.002197802197802198,-0.029411764705882693,100.0
0,0,Threadfin_kernel,Eos,35,0.012272468287758511,,100.0
0,0,Threadfin_kernel,Erythroid,35,0.015847697013828124,0.23492316236938993,100.0
0,0,Threadfin_kernel,Lymphoid,35,0.007449003760157004,-0.02775158780743192,100.0
0,0,Threadfin_kernel,Mast,35,0.023306046550052327,-0.5461184730536497,100.0
0,0,Threadfin_kernel,Meg,35,0.05387430322271062,0.12639281753326848,100.0
0,0,Threadfin_kernel,Monocyte,35,0.20736277003354356,0.12031823236504258,100.0
0,0,Threadfin_kernel,Neutrophil,35,0.2435292449693838,0.2335744065122065,100.0
0,0,Threadfin_kernel,Undifferentiated,35,0.2814236728380426,0.15905095728562257,100.0
0,0,Threadfin_kernel,pDC,35,0.006645642902780094,,100.0
0,1,Training_mean,Baso,35,0.20845159206378835,-0.003543930921204419,
0,1,Training_mean,Ccr7_DC,35,0.000561482313307131,,
0,1,Training_mean,Eos,35,0.029241769700580955,-0.016899749908839468,
0,1,Training_mean,Erythroid,35,0.010178426601784264,,
0,1,Training_mean,Lymphoid,35,0.007715925599137276,,
0,1,Training_mean,Mast,35,0.023740238355598964,-3.378538733064298,
0,1,Training_mean,Meg,35,0.03029827185216301,-0.010275939176713988,
0,1,Training_mean,Monocyte,35,0.2245964149579413,-0.3264191912661478,
0,1,Training_mean,Neutrophil,35,0.30842694873340476,-6.1170146861133645e-06,
0,1,Training_mean,Undifferentiated,35,0.3091036141525426,-0.11705202573555318,
0,1,Training_mean,pDC,35,0.014285714285714285,-0.02941176470588225,
0,1,RNA_mean,Baso,35,0.15459800676392654,0.34925469026234524,100.0
0,1,RNA_mean,Ccr7_DC,35,0.0006111309514380992,,100.0
0,1,RNA_mean,Eos,35,0.029918009206275683,0.05006024118889607,100.0
0,1,RNA_mean,Erythroid,35,0.013018613145686687,,100.0
0,1,RNA_mean,Lymphoid,35,0.009887051603124876,,100.0
0,1,RNA_mean,Mast,35,0.023142142950447066,-10.765587557327683,100.0
0,1,RNA_mean,Meg,35,0.02723074135119158,0.27315188524297573,100.0
0,1,RNA_mean,Monocyte,35,0.20822785069850258,-0.24682189609873628,100.0
0,1,RNA_mean,Neutrophil,35,0.2612633015027049,0.2079379458109314,100.0
0,1,RNA_mean,Undifferentiated,35,0.29100182193350854,0.034525894797346246,100.0
0,1,RNA_mean,pDC,35,0.014285714285714285,-0.02941176470588225,100.0
0,1,RNA_mean_variance,Baso,35,0.16148526194721458,0.2935929667436509,100.0
0,1,RNA_mean_variance,Ccr7_DC,35,0.0007156302262696304,,100.0
0,1,RNA_mean_variance,Eos,35,0.030900828525911844,0.04906414575479223,100.0
0,1,RNA_mean_variance,Erythroid,35,0.01363719270198739,,100.0
0,1,RNA_mean_variance,Lymphoid,35,0.009134714663793732,,100.0
0,1,RNA_mean_variance,Mast,35,0.018796119289994563,-8.494193549452893,100.0
0,1,RNA_mean_variance,Meg,35,0.03602119464769793,-0.971027520479667,100.0
0,1,RNA_mean_variance,Monocyte,35,0.2230642581124499,-0.44650874732577406,100.0
0,1,RNA_mean_variance,Neutrophil,35,0.2568785884681602,0.14741049190932187,100.0
0,1,RNA_mean_variance,Undifferentiated,35,0.3197807919976604,-0.16720031613759367,100.0
0,1,RNA_mean_variance,pDC,35,0.014285714285714285,-0.02941176470588225,100.0
0,1,Size_only,Baso,35,0.20814290610699526,-0.004884158627442847,100.0
0,1,Size_only,Ccr7_DC,35,0.0005870151371611922,,100.0
0,1,Size_only,Eos,35,0.029273115701549,-0.01655326908332566,100.0
0,1,Size_only,Erythroid,35,0.010641279958649831,,100.0
0,1,Size_only,Lymphoid,35,0.007623294091855802,,100.0
0,1,Size_only,Mast,35,0.02441956227650707,-3.783334552054499,100.0
0,1,Size_only,Meg,35,0.02843805255308486,0.03938075513471151,100.0
0,1,Size_only,Monocyte,35,0.22407852379822243,-0.33167629649803,100.0
0,1,Size_only,Neutrophil,35,0.3064192950087251,0.00779800785010587,100.0
0,1,Size_only,Undifferentiated,35,0.3107506767573012,-0.10708710202416638,100.0
0,1,Size_only,pDC,35,0.014285714285714285,-0.02941176470588225,100.0
0,1,Threadfin_mean,Baso,35,0.15547791028830962,0.34265630517710854,100.0
0,1,Threadfin_mean,Ccr7_DC,35,0.0005992869546090661,,100.0
0,1,Threadfin_mean,Eos,35,0.02986979697857927,0.051226564749671466,100.0
0,1,Threadfin_mean,Erythroid,35,0.012934375127083389,,100.0
0,1,Threadfin_mean,Lymphoid,35,0.00968473401543854,,100.0
0,1,Threadfin_mean,Mast,35,0.023114768869127843,-10.706729092872681,100.0
0,1,Threadfin_mean,Meg,35,0.02707573419050237,0.30924003584631543,100.0
0,1,Threadfin_mean,Monocyte,35,0.20797384582869247,-0.24990083751187453,100.0
0,1,Threadfin_mean,Neutrophil,35,0.2606579540725247,0.21079657038005895,100.0
0,1,Threadfin_mean,Undifferentiated,35,0.29191143940469105,0.03447886297097491,100.0
0,1,Threadfin_mean,pDC,35,0.014285714285714285,-0.02941176470588225,100.0
0,1,Threadfin_kernel,Baso,35,0.17801055788310285,0.20304818497899935,100.0
0,1,Threadfin_kernel,Ccr7_DC,35,0.0005498177658288715,,100.0
0,1,Threadfin_kernel,Eos,35,0.029597533625501,0.03572615229246623,100.0
0,1,Threadfin_kernel,Erythroid,35,0.01046656088234214,,100.0
0,1,Threadfin_kernel,Lymphoid,35,0.009985032264556446,,100.0
0,1,Threadfin_kernel,Mast,35,0.022781786900279072,-10.007961326621492,100.0
0,1,Threadfin_kernel,Meg,35,0.023113356104780287,0.4072415887536265,100.0
0,1,Threadfin_kernel,Monocyte,35,0.20121047747143944,-0.2154458443381,100.0
0,1,Threadfin_kernel,Neutrophil,35,0.26021693901611415,0.19882452515243465,100.0
0,1,Threadfin_kernel,Undifferentiated,35,0.2890460215861584,0.03740914515266902,100.0
0,1,Threadfin_kernel,pDC,35,0.014285714285714285,-0.02941176470588225,100.0
0,2,Training_mean,Baso,34,0.22986902339669624,-0.030915598693764812,
0,2,Training_mean,Ccr7_DC,34,0.0005574136008918616,,
0,2,Training_mean,Eos,34,0.020373630348054905,-0.011614563154080493,
0,2,Training_mean,Erythroid,34,0.014028606611726818,-0.006734365247691443,
0,2,Training_mean,Lymphoid,34,0.01366417990458911,-0.0033974135412577766,
0,2,Training_mean,Mast,34,0.051740298597611714,-0.026588179642367926,
0,2,Training_mean,Meg,34,0.03287569703132624,-0.002964379287615282,
0,2,Training_mean,Monocyte,34,0.3672467286812249,-0.21139213447019878,
0,2,Training_mean,Neutrophil,34,0.28853824042636644,-0.2771091551806286,
0,2,Training_mean,Undifferentiated,34,0.3142163578722948,-0.15782919901570236,
0,2,Training_mean,pDC,34,0.0036231884057971015,,
0,2,RNA_mean,Baso,34,0.17481337929264162,0.36696617557886,100.0
0,2,RNA_mean,Ccr7_DC,34,0.0008814363872635808,,100.0
0,2,RNA_mean,Eos,34,0.020639435719068337,0.2959205917626696,100.0
0,2,RNA_mean,Erythroid,34,0.0142344535985852,0.07830732356942727,100.0
0,2,RNA_mean,Lymphoid,34,0.01714873159922534,-0.08608470092495812,100.0
0,2,RNA_mean,Mast,34,0.04679708377019886,0.015553130070147025,100.0
0,2,RNA_mean,Meg,34,0.029380349990199593,0.29091626632535983,100.0
0,2,RNA_mean,Monocyte,34,0.3180609696015214,-0.0014059345619383823,100.0
0,2,RNA_mean,Neutrophil,34,0.22739521627111703,-0.09256281069263039,100.0
0,2,RNA_mean,Undifferentiated,34,0.23940901935926207,0.2403875107151321,100.0
0,2,RNA_mean,pDC,34,0.005344088902347721,,100.0
0,2,RNA_mean_variance,Baso,34,0.17060444523754817,0.3359586399186427,100.0
0,2,RNA_mean_variance,Ccr7_DC,34,0.0010895721125587657,,100.0
0,2,RNA_mean_variance,Eos,34,0.024147261908743212,0.21074767098068425,100.0
0,2,RNA_mean_variance,Erythroid,34,0.015059608090942833,0.10962018218173275,100.0
0,2,RNA_mean_variance,Lymphoid,34,0.01749760351628515,-0.03331109343139094,100.0
0,2,RNA_mean_variance,Mast,34,0.04751296292909983,0.011243489224345038,100.0
0,2,RNA_mean_variance,Meg,34,0.035690726560246466,0.13091982993866524,100.0
0,2,RNA_mean_variance,Monocyte,34,0.322347966358383,-0.028219287958827888,100.0
0,2,RNA_mean_variance,Neutrophil,34,0.2229102408710467,-0.08440517464070552,100.0
0,2,RNA_mean_variance,Undifferentiated,34,0.2447237593281089,0.22016842328434905,100.0
0,2,RNA_mean_variance,pDC,34,0.0044463545045600236,,100.0
0,2,Size_only,Baso,34,0.23003382015675036,-0.030835814022022845,100.0
0,2,Size_only,Ccr7_DC,34,0.0005146434808661947,,100.0
0,2,Size_only,Eos,34,0.019762420244978998,-0.021137968685581487,100.0
0,2,Size_only,Erythroid,34,0.01329193859602433,0.008821124432564664,100.0
0,2,Size_only,Lymphoid,34,0.014165750442798154,-0.013117264706199228,100.0
0,2,Size_only,Mast,34,0.05088599417589126,-0.022234832826314443,100.0
0,2,Size_only,Meg,34,0.03388951023398178,0.061520605588063715,100.0
0,2,Size_only,Monocyte,34,0.36793096659568414,-0.21401254368387246,100.0
0,2,Size_only,Neutrophil,34,0.2872333957065864,-0.276750850150167,100.0
0,2,Size_only,Undifferentiated,34,0.3150097329951218,-0.16614120097548568,100.0
0,2,Size_only,pDC,34,0.0033451826256302663,,100.0
0,2,Threadfin_mean,Baso,34,0.1731515030644298,0.3827482564511495,100.0
0,2,Threadfin_mean,Ccr7_DC,34,0.0008718010926245136,,100.0
0,2,Threadfin_mean,Eos,34,0.020747364912990746,0.31633247736645675,100.0
0,2,Threadfin_mean,Erythroid,34,0.014029380934503042,0.09317227302065878,100.0
0,2,Threadfin_mean,Lymphoid,34,0.0172917407394482,-0.08053865513635072,100.0
0,2,Threadfin_mean,Mast,34,0.04647314953712356,0.022509661877255893,100.0
0,2,Threadfin_mean,Meg,34,0.02924576861539484,0.3170174223600877,100.0
0,2,Threadfin_mean,Monocyte,34,0.3168480485092018,-0.0020793220588075645,100.0
0,2,Threadfin_mean,Neutrophil,34,0.2255387537159392,-0.0843257499450698,100.0
0,2,Threadfin_mean,Undifferentiated,34,0.2384291908763971,0.24138993754477311,100.0
0,2,Threadfin_mean,pDC,34,0.005106270233699719,,100.0
0,2,Threadfin_kernel,Baso,34,0.1660109724209872,0.37666331832602584,100.0
0,2,Threadfin_kernel,Ccr7_DC,34,0.0010597882560058711,,100.0
0,2,Threadfin_kernel,Eos,34,0.021517298150726585,0.24194772201715875,100.0
0,2,Threadfin_kernel,Erythroid,34,0.01386479145581653,0.0213902811611556,100.0
0,2,Threadfin_kernel,Lymphoid,34,0.016284152986618814,0.05048174614753398,100.0
0,2,Threadfin_kernel,Mast,34,0.046380691729593845,-0.05087899639654303,100.0
0,2,Threadfin_kernel,Meg,34,0.028929653580453393,0.37384585367097645,100.0
0,2,Threadfin_kernel,Monocyte,34,0.3020818102868936,0.07899547540237095,100.0
0,2,Threadfin_kernel,Neutrophil,34,0.22994091163954777,-0.06368497883692537,100.0
0,2,Threadfin_kernel,Undifferentiated,34,0.24358967604835235,0.21046066036981304,100.0
0,2,Threadfin_kernel,pDC,34,0.004690203802183275,,100.0
0,3,Training_mean,Baso,34,0.20305714617115608,-0.0015588626524682958,
0,3,Training_mean,Ccr7_DC,34,0.0005574136008918616,,
0,3,Training_mean,Eos,34,0.018597250055050567,-6.700499717737785e-05,
0,3,Training_mean,Erythroid,34,0.010104669887278582,,
0,3,Training_mean,Lymphoid,34,0.01725015535757224,-0.01321543690427629,
0,3,Training_mean,Mast,34,0.025807369939185948,-0.2047815865590119,
0,3,Training_mean,Meg,34,0.02216490521996714,-39.65136349524524,
0,3,Training_mean,Monocyte,34,0.26272425190387,-0.0007409479459898893,
0,3,Training_mean,Neutrophil,34,0.28001796434352216,-0.043261498628088146,
0,3,Training_mean,Undifferentiated,34,0.2905124977363112,-0.007267521837179602,
0,3,Training_mean,pDC,34,0.0036231884057971015,,
0,3,RNA_mean,Baso,34,0.1642309244896914,0.3050932867867059,100.0
0,3,RNA_mean,Ccr7_DC,34,0.0005666706137537189,,100.0
0,3,RNA_mean,Eos,34,0.019158611744048766,0.2446273197127632,100.0
0,3,RNA_mean,Erythroid,34,0.011259807188146035,,100.0
0,3,RNA_mean,Lymphoid,34,0.017120924007221355,-0.03976469385164294,100.0
0,3,RNA_mean,Mast,34,0.022496574609905628,-0.9315610327860753,100.0
0,3,RNA_mean,Meg,34,0.02490567255596283,-96.52601514709669,100.0
0,3,RNA_mean,Monocyte,34,0.23186964841943605,0.14874250122217902,100.0
0,3,RNA_mean,Neutrophil,34,0.24989966554998186,0.11572058453558465,100.0
0,3,RNA_mean,Undifferentiated,34,0.24610265909426013,0.2652794462059779,100.0
0,3,RNA_mean,pDC,34,0.005176534020232365,,100.0
0,3,RNA_mean_variance,Baso,34,0.162233155035526,0.3063146028352619,100.0
0,3,RNA_mean_variance,Ccr7_DC,34,0.000991850154926343,,100.0
0,3,RNA_mean_variance,Eos,34,0.017863642188661055,0.23950748813089773,100.0
0,3,RNA_mean_variance,Erythroid,34,0.013699143323773408,,100.0
0,3,RNA_mean_variance,Lymphoid,34,0.018244651755891753,-0.02874736198087735,100.0
0,3,RNA_mean_variance,Mast,34,0.02479226300721148,-1.1429285741278163,100.0
0,3,RNA_mean_variance,Meg,34,0.0215407845600709,-125.55139769264076,100.0
0,3,RNA_mean_variance,Monocyte,34,0.22417931602775326,0.1279162946951814,100.0
0,3,RNA_mean_variance,Neutrophil,34,0.25597465132410624,0.09336321657568236,100.0
0,3,RNA_mean_variance,Undifferentiated,34,0.2731643383104914,0.05831076405968372,100.0
0,3,RNA_mean_variance,pDC,34,0.007718133522704353,,100.0
0,3,Size_only,Baso,34,0.2043431027226287,-0.012158760481014275,100.0
0,3,Size_only,Ccr7_DC,34,0.0005508959395555432,,100.0
0,3,Size_only,Eos,34,0.018504564120782656,0.003780704123886758,100.0
0,3,Size_only,Erythroid,34,0.009986519170942986,,100.0
0,3,Size_only,Lymphoid,34,0.017383549443314834,-0.01814390706897817,100.0
0,3,Size_only,Mast,34,0.02541502438578968,-0.18695444591617627,100.0
0,3,Size_only,Meg,34,0.02300386976742829,-54.31765787622635,100.0
0,3,Size_only,Monocyte,34,0.2624395881372118,0.000544926319185568,100.0
0,3,Size_only,Neutrophil,34,0.27919218192401624,-0.037472336364775094,100.0
0,3,Size_only,Undifferentiated,34,0.2876383079721401,0.015453478617605931,100.0
0,3,Size_only,pDC,34,0.0035808236071110315,,100.0
0,3,Threadfin_mean,Baso,34,0.1634658380576428,0.30528303433579307,100.0
0,3,Threadfin_mean,Ccr7_DC,34,0.0005797753365550736,,100.0
0,3,Threadfin_mean,Eos,34,0.019011266358036405,0.24560806363588705,100.0
0,3,Threadfin_mean,Erythroid,34,0.011241607952870773,,100.0
0,3,Threadfin_mean,Lymphoid,34,0.01728676856658547,-0.03943966365600371,100.0
0,3,Threadfin_mean,Mast,34,0.022754992248525018,-0.9432606651693642,100.0
0,3,Threadfin_mean,Meg,34,0.02474553674013511,-99.5592984384964,100.0
0,3,Threadfin_mean,Monocyte,34,0.22964857777729322,0.158820311745547,100.0
0,3,Threadfin_mean,Neutrophil,34,0.2501818708784201,0.10629910159931766,100.0
0,3,Threadfin_mean,Undifferentiated,34,0.24590302533020778,0.2627920124133034,100.0
0,3,Threadfin_mean,pDC,34,0.005147590604263249,,100.0
0,3,Threadfin_kernel,Baso,34,0.1567539960151398,0.3127491025995264,100.0
0,3,Threadfin_kernel,Ccr7_DC,34,0.000711846483309733,,100.0
0,3,Threadfin_kernel,Eos,34,0.01888221794686942,0.22074185964463278,100.0
0,3,Threadfin_kernel,Erythroid,34,0.006915874700227217,,100.0
0,3,Threadfin_kernel,Lymphoid,34,0.016906694770285377,0.03021114784194978,100.0
0,3,Threadfin_kernel,Mast,34,0.02161849012428262,-0.9656337754097151,100.0
0,3,Threadfin_kernel,Meg,34,0.016516263045889445,-59.77244878885254,100.0
0,3,Threadfin_kernel,Monocyte,34,0.226896864266498,0.20997815428824518,100.0
0,3,Threadfin_kernel,Neutrophil,34,0.23396404912692093,0.1893377144356615,100.0
0,3,Threadfin_kernel,Undifferentiated,34,0.2369486245653332,0.3137140446205312,100.0
0,3,Threadfin_kernel,pDC,34,0.005016726667731368,,100.0
0,4,Training_mean,Baso,34,0.18806991918135588,-1.5637549452218735e-05,
0,4,Training_mean,Ccr7_DC,34,0.0005574136008918616,,
0,4,Training_mean,Eos,34,0.011758370454022626,,
0,4,Training_mean,Erythroid,34,0.03065501562944018,-0.048509039794484066,
0,4,Training_mean,Lymphoid,34,0.012857335427667907,-0.0012687063875509441,
0,4,Training_mean,Mast,34,0.0498466380996353,-0.020161801048135475,
0,4,Training_mean,Meg,34,0.02969404780830057,-0.02156065391180295,
0,4,Training_mean,Monocyte,34,0.2753450702146396,-3.917126982111441e-06,
0,4,Training_mean,Neutrophil,34,0.2763025193842393,-0.04219418157238608,
0,4,Training_mean,Undifferentiated,34,0.31771936146597257,-0.009965560045843924,
0,4,Training_mean,pDC,34,0.0036231884057971015,,
0,4,RNA_mean,Baso,34,0.16273581657758923,0.14303015913328299,100.0
0,4,RNA_mean,Ccr7_DC,34,0.001398381285766578,,100.0
0,4,RNA_mean,Eos,34,0.014403597917407751,,100.0
0,4,RNA_mean,Erythroid,34,0.028580885822390163,0.042167592412547195,100.0
0,4,RNA_mean,Lymphoid,34,0.013627047614885241,0.06636841747291966,100.0
0,4,RNA_mean,Mast,34,0.04687039465381649,0.004509537806452024,100.0
0,4,RNA_mean,Meg,34,0.022249531166877574,0.40985187837333803,100.0
0,4,RNA_mean,Monocyte,34,0.2571888505168207,0.09480010782591985,100.0
0,4,RNA_mean,Neutrophil,34,0.23638700641174068,0.15294119368055226,100.0
0,4,RNA_mean,Undifferentiated,34,0.28528452354487777,0.13520538864874954,100.0
0,4,RNA_mean,pDC,34,0.008384268838734202,,100.0
0,4,RNA_mean_variance,Baso,34,0.1616741655573332,0.11831944094329827,100.0
0,4,RNA_mean_variance,Ccr7_DC,34,0.0017514914516676286,,100.0
0,4,RNA_mean_variance,Eos,34,0.014903407838359913,,100.0
0,4,RNA_mean_variance,Erythroid,34,0.027883980251347276,0.0693552520978763,100.0
0,4,RNA_mean_variance,Lymphoid,34,0.014432487649815706,0.08891953551349585,100.0
0,4,RNA_mean_variance,Mast,34,0.05142823465562352,-0.005440801132855944,100.0
0,4,RNA_mean_variance,Meg,34,0.023052672357328868,0.2747928224641142,100.0
0,4,RNA_mean_variance,Monocyte,34,0.2539579311675395,0.09499777204271997,100.0
0,4,RNA_mean_variance,Neutrophil,34,0.2408516352421568,0.14868866047590823,100.0
0,4,RNA_mean_variance,Undifferentiated,34,0.2788873522323918,0.17363153945575038,100.0
0,4,RNA_mean_variance,pDC,34,0.008780957004466258,,100.0
0,4,Size_only,Baso,34,0.18872582132268642,-0.002507942644950134,100.0
0,4,Size_only,Ccr7_DC,34,0.0005442464949530936,,100.0
0,4,Size_only,Eos,34,0.01153301531372939,,100.0
0,4,Size_only,Erythroid,34,0.03051247249310042,-0.04609204283944024,100.0
0,4,Size_only,Lymphoid,34,0.013005698463468345,-0.04319787384539531,100.0
0,4,Size_only,Mast,34,0.04992038589668081,-0.017461169213106587,100.0
0,4,Size_only,Meg,34,0.032251983848702544,-0.23787470532834964,100.0
0,4,Size_only,Monocyte,34,0.2751133560689033,0.0013257400607199488,100.0
0,4,Size_only,Neutrophil,34,0.2760240942535668,-0.031897163177498467,100.0
0,4,Size_only,Undifferentiated,34,0.31299549489049144,0.010677798326684584,100.0
0,4,Size_only,pDC,34,0.0035376022171951078,,100.0
0,4,Threadfin_mean,Baso,34,0.16438736511120022,0.13423464169261246,100.0
0,4,Threadfin_mean,Ccr7_DC,34,0.0013845542693210287,,100.0
0,4,Threadfin_mean,Eos,34,0.014046187089194829,,100.0
0,4,Threadfin_mean,Erythroid,34,0.02865335618716295,0.040277088166089325,100.0
0,4,Threadfin_mean,Lymphoid,34,0.01361735130124339,0.08410963080694833,100.0
0,4,Threadfin_mean,Mast,34,0.046600494312436055,0.021027501814060212,100.0
0,4,Threadfin_mean,Meg,34,0.022251936976872947,0.3947561045402014,100.0
0,4,Threadfin_mean,Monocyte,34,0.25633055173441505,0.10018236048737394,100.0
0,4,Threadfin_mean,Neutrophil,34,0.23442222336478707,0.16236946045353495,100.0
0,4,Threadfin_mean,Undifferentiated,34,0.2850520059850366,0.14381355969868037,100.0
0,4,Threadfin_mean,pDC,34,0.008571052494858193,,100.0
0,4,Threadfin_kernel,Baso,34,0.1510034137715361,0.264895863266155,100.0
0,4,Threadfin_kernel,Ccr7_DC,34,0.0010599921112052092,,100.0
0,4,Threadfin_kernel,Eos,34,0.012207849433592455,,100.0
0,4,Threadfin_kernel,Erythroid,34,0.029296551267158716,0.06053647307683285,100.0
0,4,Threadfin_kernel,Lymphoid,34,0.012954983377743775,0.08026242551353002,100.0
0,4,Threadfin_kernel,Mast,34,0.051716545078985966,-0.05271017769589936,100.0
0,4,Threadfin_kernel,Meg,34,0.023532750138202604,0.31968280355013057,100.0
0,4,Threadfin_kernel,Monocyte,34,0.2399409351618361,0.11059692540382537,100.0
0,4,Threadfin_kernel,Neutrophil,34,0.2329571711438246,0.1543727016555978,100.0
0,4,Threadfin_kernel,Undifferentiated,34,0.28813177195994755,0.13802117550674586,100.0
0,4,Threadfin_kernel,pDC,34,0.008108519123999907,,100.0
1,0,Training_mean,Baso,35,0.2319525950804158,-0.022743138474246694,
1,0,Training_mean,Ccr7_DC,35,0.000561482313307131,,
1,0,Training_mean,Eos,35,0.011844197975584836,,
1,0,Training_mean,Erythroid,35,0.013934654153632256,-0.008129802226457539,
1,0,Training_mean,Lymphoid,35,0.007715925599137276,,
1,0,Training_mean,Mast,35,0.04106134751912344,-0.017786107840409127,
1,0,Training_mean,Meg,35,0.022845030145610203,-1.8557934089392218,
1,0,Training_mean,Monocyte,35,0.2572175081663935,-0.02652080237204224,
1,0,Training_mean,Neutrophil,35,0.2998142884464429,-0.056799756563790105,
1,0,Training_mean,Undifferentiated,35,0.3398403998767022,-0.05276041169779,
1,0,Training_mean,pDC,35,0.014285714285714285,-0.02941176470588225,
1,0,RNA_mean,Baso,35,0.20327510440481922,0.26308194018412157,100.0
1,0,RNA_mean,Ccr7_DC,35,0.0006471297152789442,,100.0
1,0,RNA_mean,Eos,35,0.0226048444780255,,100.0
1,0,RNA_mean,Erythroid,35,0.017875222088103847,-0.0699515845409826,100.0
1,0,RNA_mean,Lymphoid,35,0.00956483077025041,,100.0
1,0,RNA_mean,Mast,35,0.04378922880893866,-0.07087587505435011,100.0
1,0,RNA_mean,Meg,35,0.028126387164506703,-6.845708931994864,100.0
1,0,RNA_mean,Monocyte,35,0.199664990220741,0.259983050602279,100.0
1,0,RNA_mean,Neutrophil,35,0.23781602845192842,0.21108008428016023,100.0
1,0,RNA_mean,Undifferentiated,35,0.27719558743493883,0.19903586111201665,100.0
1,0,RNA_mean,pDC,35,0.014285714285714285,-0.02941176470588225,100.0
1,0,RNA_mean_variance,Baso,35,0.21417618546128633,0.23216765408812312,100.0
1,0,RNA_mean_variance,Ccr7_DC,35,0.0008839912893433523,,100.0
1,0,RNA_mean_variance,Eos,35,0.022539921570569277,,100.0
1,0,RNA_mean_variance,Erythroid,35,0.016911324587251458,0.045136944695365444,100.0
1,0,RNA_mean_variance,Lymphoid,35,0.010542319199794292,,100.0
1,0,RNA_mean_variance,Mast,35,0.045716636754644505,-0.0895176483584601,100.0
1,0,RNA_mean_variance,Meg,35,0.02703037278371907,-8.022376784498988,100.0
1,0,RNA_mean_variance,Monocyte,35,0.2031512286407506,0.199549583143786,100.0
1,0,RNA_mean_variance,Neutrophil,35,0.2521376130257423,0.11007370336301803,100.0
1,0,RNA_mean_variance,Undifferentiated,35,0.3043092068816933,0.06155399012593643,100.0
1,0,RNA_mean_variance,pDC,35,0.014285714285714285,-0.02941176470588225,100.0
1,0,Size_only,Baso,35,0.23382805189558628,-0.03122865283726628,100.0
1,0,Size_only,Ccr7_DC,35,0.0005914095622051005,,100.0
1,0,Size_only,Eos,35,0.012218385020349725,,100.0
1,0,Size_only,Erythroid,35,0.014316439608635295,-0.003643243016997033,100.0
1,0,Size_only,Lymphoid,35,0.0076135726443844615,,100.0
1,0,Size_only,Mast,35,0.041129571755095046,-0.009826412922887329,100.0
1,0,Size_only,Meg,35,0.021448460123893193,-1.9258516619633332,100.0
1,0,Size_only,Monocyte,35,0.2569774722826808,-0.025300341720795094,100.0
1,0,Size_only,Neutrophil,35,0.30007652831734877,-0.06653152683704966,100.0
1,0,Size_only,Undifferentiated,35,0.33811121683572937,-0.0374914777491544,100.0
1,0,Size_only,pDC,35,0.014285714285714285,-0.02941176470588225,100.0
1,0,Threadfin_mean,Baso,35,0.20260459420048593,0.27012275126709995,100.0
1,0,Threadfin_mean,Ccr7_DC,35,0.0006478169589797973,,100.0
1,0,Threadfin_mean,Eos,35,0.02223646208377422,,100.0
1,0,Threadfin_mean,Erythroid,35,0.017471089994715118,-0.03921646486833752,100.0
1,0,Threadfin_mean,Lymphoid,35,0.009312445217507813,,100.0
1,0,Threadfin_mean,Mast,35,0.044013742247944,-0.06675792337342545,100.0
1,0,Threadfin_mean,Meg,35,0.02834191393074703,-6.963853778113204,100.0
1,0,Threadfin_mean,Monocyte,35,0.1988554060083021,0.2653523054731278,100.0
1,0,Threadfin_mean,Neutrophil,35,0.23674334810969674,0.21829443039859475,100.0
1,0,Threadfin_mean,Undifferentiated,35,0.2783147934503204,0.19865700150306587,100.0
1,0,Threadfin_mean,pDC,35,0.014285714285714285,-0.02941176470588225,100.0
1,0,Threadfin_kernel,Baso,35,0.20442273714938017,0.2974584526148608,100.0
1,0,Threadfin_kernel,Ccr7_DC,35,0.0007623555588534998,,100.0
1,0,Threadfin_kernel,Eos,35,0.019520276022340615,,100.0
1,0,Threadfin_kernel,Erythroid,35,0.016845194573665585,0.032838428073949544,100.0
1,0,Threadfin_kernel,Lymphoid,35,0.010502649734256629,,100.0
1,0,Threadfin_kernel,Mast,35,0.039930033616779534,-0.10683985870699741,100.0
1,0,Threadfin_kernel,Meg,35,0.026548469330967814,-5.950829407299113,100.0
1,0,Threadfin_kernel,Monocyte,35,0.1981348638523687,0.3016502926634965,100.0
1,0,Threadfin_kernel,Neutrophil,35,0.21821311677671984,0.2834867127531736,100.0
1,0,Threadfin_kernel,Undifferentiated,35,0.28124317213036826,0.16975054221913288,100.0
1,0,Threadfin_kernel,pDC,35,0.014285714285714285,-0.02941176470588225,100.0
1,1,Training_mean,Baso,35,0.20381758080639995,-0.005209864045762513,
1,1,Training_mean,Ccr7_DC,35,0.000561482313307131,,
1,1,Training_mean,Eos,35,0.019869031443588273,-0.003487239839226719,
1,1,Training_mean,Erythroid,35,0.010178426601784264,,
1,1,Training_mean,Lymphoid,35,0.013471946892176295,-0.002831461357887255,
1,1,Training_mean,Mast,35,0.023592574457419514,,
1,1,Training_mean,Meg,35,0.0449313376957054,-0.014755889690053703,
1,1,Training_mean,Monocyte,35,0.24002907699061582,-0.02354268045260932,
1,1,Training_mean,Neutrophil,35,0.26530493560923735,-0.0008212958593820652,
1,1,Training_mean,Undifferentiated,35,0.29110615680095786,-0.007372343099178114,
1,1,Training_mean,pDC,35,0.00364963503649635,,
1,1,RNA_mean,Baso,35,0.14789152399837815,0.37422762430040146,100.0
1,1,RNA_mean,Ccr7_DC,35,0.0010002993612683246,,100.0
1,1,RNA_mean,Eos,35,0.01974092238780224,0.24195434852778364,100.0
1,1,RNA_mean,Erythroid,35,0.00934320945026619,,100.0
1,1,RNA_mean,Lymphoid,35,0.0145277830931282,-0.07894217175911455,100.0
1,1,RNA_mean,Mast,35,0.013595901933565203,,100.0
1,1,RNA_mean,Meg,35,0.042328415035593266,0.13664465823434913,100.0
1,1,RNA_mean,Monocyte,35,0.2142705400939525,0.09892149381984994,100.0
1,1,RNA_mean,Neutrophil,35,0.2023288396256976,0.2684365917059287,100.0
1,1,RNA_mean,Undifferentiated,35,0.25349997195927787,0.3324503030342003,100.0
1,1,RNA_mean,pDC,35,0.006738026737834194,,100.0
1,1,RNA_mean_variance,Baso,35,0.15934576182295013,0.22128434235978967,100.0
1,1,RNA_mean_variance,Ccr7_DC,35,0.0013645265796055485,,100.0
1,1,RNA_mean_variance,Eos,35,0.02163068428434012,0.17413728000289386,100.0
1,1,RNA_mean_variance,Erythroid,35,0.009785310376901179,,100.0
1,1,RNA_mean_variance,Lymphoid,35,0.013868709780960059,-0.029704787599688975,100.0
1,1,RNA_mean_variance,Mast,35,0.012765339662187866,,100.0
1,1,RNA_mean_variance,Meg,35,0.043944618953581975,0.1604052343147585,100.0
1,1,RNA_mean_variance,Monocyte,35,0.20653883397707182,0.0575400443428985,100.0
1,1,RNA_mean_variance,Neutrophil,35,0.19456580493499392,0.225607857372086,100.0
1,1,RNA_mean_variance,Undifferentiated,35,0.2602877986994003,0.2602612246814937,100.0
1,1,RNA_mean_variance,pDC,35,0.009509875337659781,,100.0
1,1,Size_only,Baso,35,0.21428504715299757,-0.06154190140210414,100.0
1,1,Size_only,Ccr7_DC,35,0.0005067997681212503,,100.0
1,1,Size_only,Eos,35,0.019533908274411763,0.0006651465512372834,100.0
1,1,Size_only,Erythroid,35,0.009187153574331327,,100.0
1,1,Size_only,Lymphoid,35,0.01415962985604221,-0.014614241584099963,100.0
1,1,Size_only,Mast,35,0.021671312552350466,,100.0
1,1,Size_only,Meg,35,0.04672914078230022,0.011398330477880636,100.0
1,1,Size_only,Monocyte,35,0.2411241064452135,-0.04478175208899304,100.0
1,1,Size_only,Neutrophil,35,0.2646064482240145,0.005374182008722639,100.0
1,1,Size_only,Undifferentiated,35,0.2872536582580124,0.015418567687378593,100.0
1,1,Size_only,pDC,35,0.0032941984927881258,,100.0
1,1,Threadfin_mean,Baso,35,0.14648296630795984,0.3748565798010204,100.0
1,1,Threadfin_mean,Ccr7_DC,35,0.0009972190816921016,,100.0
1,1,Threadfin_mean,Eos,35,0.0195888676352822,0.2439717740696139,100.0
1,1,Threadfin_mean,Erythroid,35,0.009319454687471841,,100.0
1,1,Threadfin_mean,Lymphoid,35,0.014559494085628844,-0.07471640547209879,100.0
1,1,Threadfin_mean,Mast,35,0.01397836619769048,,100.0
1,1,Threadfin_mean,Meg,35,0.04236275635902112,0.1501759468278404,100.0
1,1,Threadfin_mean,Monocyte,35,0.21262479988637786,0.10366031217108673,100.0
1,1,Threadfin_mean,Neutrophil,35,0.2020197867922506,0.2723948905840311,100.0
1,1,Threadfin_mean,Undifferentiated,35,0.25315435119178525,0.33267307288668646,100.0
1,1,Threadfin_mean,pDC,35,0.006700775103729621,,100.0
1,1,Threadfin_kernel,Baso,35,0.1466115714806514,0.3173787974351622,100.0
1,1,Threadfin_kernel,Ccr7_DC,35,0.0009271406977493752,,100.0
1,1,Threadfin_kernel,Eos,35,0.02054087725360611,0.1968031851264116,100.0
1,1,Threadfin_kernel,Erythroid,35,0.006472031460418355,,100.0
1,1,Threadfin_kernel,Lymphoid,35,0.01502873412306729,0.028978208982139098,100.0
1,1,Threadfin_kernel,Mast,35,0.018664854305290777,,100.0
1,1,Threadfin_kernel,Meg,35,0.03817966746354922,0.12380325008094906,100.0
1,1,Threadfin_kernel,Monocyte,35,0.19336913517078003,0.24953560550336107,100.0
1,1,Threadfin_kernel,Neutrophil,35,0.1893700712521949,0.315170267061603,100.0
1,1,Threadfin_kernel,Undifferentiated,35,0.25082621867863936,0.3280741313079377,100.0
1,1,Threadfin_kernel,pDC,35,0.0046092412888859334,,100.0
1,2,Training_mean,Baso,34,0.19001640930336214,-4.067951051034413e-05,
1,2,Training_mean,Ccr7_DC,34,0.0005574136008918616,,
1,2,Training_mean,Eos,34,0.034671707945365234,-0.03469378719269689,
1,2,Training_mean,Erythroid,34,0.03065501562944018,-0.048509039794484066,
1,2,Training_mean,Lymphoid,34,0.007660013094795704,,
1,2,Training_mean,Mast,34,0.02463473373298522,-0.6818254529913228,
1,2,Training_mean,Meg,34,0.030945802798201125,-0.0053396618325229905,
1,2,Training_mean,Monocyte,34,0.2932211505125376,-2.4737096548932413e-07,
1,2,Training_mean,Neutrophil,34,0.29972282255075916,-0.0026241600578402746,
1,2,Training_mean,Undifferentiated,34,0.31218587931978975,-0.011052357936142343,
1,2,Training_mean,pDC,34,0.0036231884057971015,,
1,2,RNA_mean,Baso,34,0.1621999071147874,0.23855719848638657,100.0
1,2,RNA_mean,Ccr7_DC,34,0.0007868503568769323,,100.0
1,2,RNA_mean,Eos,34,0.036131384152290565,0.003318853775057695,100.0
1,2,RNA_mean,Erythroid,34,0.029291250887825276,0.04213158079447776,100.0
1,2,RNA_mean,Lymphoid,34,0.008954731750932029,,100.0
1,2,RNA_mean,Mast,34,0.02295829679802321,-2.9139632918231477,100.0
1,2,RNA_mean,Meg,34,0.02510044743539503,0.38098648322456174,100.0
1,2,RNA_mean,Monocyte,34,0.24851384897840406,0.2097720771374716,100.0
1,2,RNA_mean,Neutrophil,34,0.24423793902699048,0.33888740733021905,100.0
1,2,RNA_mean,Undifferentiated,34,0.253936971594768,0.25353201887611554,100.0
1,2,RNA_mean,pDC,34,0.006150365759180311,,100.0
1,2,RNA_mean_variance,Baso,34,0.1622602260565857,0.23856703828818693,100.0
1,2,RNA_mean_variance,Ccr7_DC,34,0.0008481777970112436,,100.0
1,2,RNA_mean_variance,Eos,34,0.036672884318701776,-0.00017198408862273418,100.0
1,2,RNA_mean_variance,Erythroid,34,0.030705331340416947,0.06231545941461025,100.0
1,2,RNA_mean_variance,Lymphoid,34,0.008991822728763936,,100.0
1,2,RNA_mean_variance,Mast,34,0.02517506059586934,-3.2352925313470013,100.0
1,2,RNA_mean_variance,Meg,34,0.02669359993476925,0.15076670552833904,100.0
1,2,RNA_mean_variance,Monocyte,34,0.25058751199135043,0.15077292805623455,100.0
1,2,RNA_mean_variance,Neutrophil,34,0.25163533297676866,0.27162406386781923,100.0
1,2,RNA_mean_variance,Undifferentiated,34,0.24793018839160094,0.27015182576910834,100.0
1,2,RNA_mean_variance,pDC,34,0.0060154047609745145,,100.0
1,2,Size_only,Baso,34,0.19010744927773623,-9.339437582966958e-05,100.0
1,2,Size_only,Ccr7_DC,34,0.0005525342413155072,,100.0
1,2,Size_only,Eos,34,0.03468721749245856,-0.03412099259468082,100.0
1,2,Size_only,Erythroid,34,0.030561064261654444,-0.04610615792235295,100.0
1,2,Size_only,Lymphoid,34,0.007707885594990325,,100.0
1,2,Size_only,Mast,34,0.025278831399689613,-1.021760929999703,100.0
1,2,Size_only,Meg,34,0.03317728381418721,-0.1922374414948409,100.0
1,2,Size_only,Monocyte,34,0.2942147709151219,-0.014441701443281163,100.0
1,2,Size_only,Neutrophil,34,0.2981170349332354,0.00586729381787221,100.0
1,2,Size_only,Undifferentiated,34,0.3128089294454704,-0.017007851829937914,100.0
1,2,Size_only,pDC,34,0.003591472568550796,,100.0
1,2,Threadfin_mean,Baso,34,0.16323363014096187,0.24123536575962723,100.0
1,2,Threadfin_mean,Ccr7_DC,34,0.0007779588687458943,,100.0
1,2,Threadfin_mean,Eos,34,0.03619244071023362,0.003689081496667579,100.0
1,2,Threadfin_mean,Erythroid,34,0.02945901961499316,0.04044890124753642,100.0
1,2,Threadfin_mean,Lymphoid,34,0.008638757734515846,,100.0
1,2,Threadfin_mean,Mast,34,0.023153311289792085,-3.0055580649730382,100.0
1,2,Threadfin_mean,Meg,34,0.02498029032120002,0.3766095942378519,100.0
1,2,Threadfin_mean,Monocyte,34,0.24883697811481642,0.20653120106223,100.0
1,2,Threadfin_mean,Neutrophil,34,0.24582345077497003,0.32975255400502035,100.0
1,2,Threadfin_mean,Undifferentiated,34,0.25222977799759977,0.2556442647304493,100.0
1,2,Threadfin_mean,pDC,34,0.006055433240653331,,100.0
1,2,Threadfin_kernel,Baso,34,0.16084190563735654,0.18925106963648375,100.0
1,2,Threadfin_kernel,Ccr7_DC,34,0.0006275092099567392,,100.0
1,2,Threadfin_kernel,Eos,34,0.03524261780545037,-0.0025091420658864827,100.0
1,2,Threadfin_kernel,Erythroid,34,0.028985679808082216,0.05659574422942981,100.0
1,2,Threadfin_kernel,Lymphoid,34,0.008478503164467868,,100.0
1,2,Threadfin_kernel,Mast,34,0.018078726924421234,-2.2108479772476826,100.0
1,2,Threadfin_kernel,Meg,34,0.02124925542221063,0.4692635881854841,100.0
1,2,Threadfin_kernel,Monocyte,34,0.23894130367073707,0.2527320268545963,100.0
1,2,Threadfin_kernel,Neutrophil,34,0.25221081423772,0.3378761393126599,100.0
1,2,Threadfin_kernel,Undifferentiated,34,0.26577796131601,0.19443786920237338,100.0
1,2,Threadfin_kernel,pDC,34,0.00573992081408227,,100.0
1,3,Training_mean,Baso,34,0.2170538680483127,-0.009912928767870532,
1,3,Training_mean,Ccr7_DC,34,0.0005574136008918616,,
1,3,Training_mean,Eos,34,0.014294079511470815,-0.07300188120511586,
1,3,Training_mean,Erythroid,34,0.010104669887278582,,
1,3,Training_mean,Lymphoid,34,0.017250155357572235,-0.013215436904276512,
1,3,Training_mean,Mast,34,0.038987605801646875,-0.001032607505786709,
1,3,Training_mean,Meg,34,0.05237404759270397,-0.035601630966076714,
1,3,Training_mean,Monocyte,34,0.23510788308228786,-0.02900583414849578,
1,3,Training_mean,Neutrophil,34,0.26877848516199365,-0.10025546846625444,
1,3,Training_mean,Undifferentiated,34,0.28395159455870594,-0.06209675481572119,
1,3,Training_mean,pDC,34,0.0036231884057971015,,
1,3,RNA_mean,Baso,34,0.16446131062028665,0.3335605784361334,100.0
1,3,RNA_mean,Ccr7_DC,34,0.0009879191392803263,,100.0
1,3,RNA_mean,Eos,34,0.011697778266467186,0.16787476089170927,100.0
1,3,RNA_mean,Erythroid,34,0.014868197425076848,,100.0
1,3,RNA_mean,Lymphoid,34,0.018788954804358878,-0.04646033806823224,100.0
1,3,RNA_mean,Mast,34,0.03810873646836947,0.007599778317970984,100.0
1,3,RNA_mean,Meg,34,0.04308236452644229,0.16096436010349258,100.0
1,3,RNA_mean,Monocyte,34,0.22524780561484944,-0.014552269020401187,100.0
1,3,RNA_mean,Neutrophil,34,0.2361046309437107,0.045053690414584735,100.0
1,3,RNA_mean,Undifferentiated,34,0.2496459775976526,0.1521535244414285,100.0
1,3,RNA_mean,pDC,34,0.005088436403585707,,100.0
1,3,RNA_mean_variance,Baso,34,0.15627478788598997,0.36509354291296336,100.0
1,3,RNA_mean_variance,Ccr7_DC,34,0.001208892128060517,,100.0
1,3,RNA_mean_variance,Eos,34,0.012230448709495616,0.10180058940909409,100.0
1,3,RNA_mean_variance,Erythroid,34,0.013974733732859878,,100.0
1,3,RNA_mean_variance,Lymphoid,34,0.018636717942308974,-0.025627059496049043,100.0
1,3,RNA_mean_variance,Mast,34,0.03958998961880913,0.0214557260508641,100.0
1,3,RNA_mean_variance,Meg,34,0.044996894325693176,0.18717278900964918,100.0
1,3,RNA_mean_variance,Monocyte,34,0.24662371311664522,-0.18329365731403136,100.0
1,3,RNA_mean_variance,Neutrophil,34,0.2337261856059103,0.05248757092629497,100.0
1,3,RNA_mean_variance,Undifferentiated,34,0.27057217162408137,0.015318889643681555,100.0
1,3,RNA_mean_variance,pDC,34,0.007820326732197666,,100.0
1,3,Size_only,Baso,34,0.21877855116696215,-0.01605238442880408,100.0
1,3,Size_only,Ccr7_DC,34,0.0005831698579958493,,100.0
1,3,Size_only,Eos,34,0.014504020281304517,-0.07329087742729223,100.0
1,3,Size_only,Erythroid,34,0.010571573592446981,,100.0
1,3,Size_only,Lymphoid,34,0.017061660921389055,-0.01759299377654,100.0
1,3,Size_only,Mast,34,0.039487716823458786,0.0032262951340239487,100.0
1,3,Size_only,Meg,34,0.05116449096001715,-0.017220357984916168,100.0
1,3,Size_only,Monocyte,34,0.23709340415372515,-0.05842962303036825,100.0
1,3,Size_only,Neutrophil,34,0.2725561151180759,-0.14232441525188877,100.0
1,3,Size_only,Undifferentiated,34,0.2885388631323701,-0.08007977895853147,100.0
1,3,Size_only,pDC,34,0.0037906040769730216,,100.0
1,3,Threadfin_mean,Baso,34,0.16415801403198285,0.34011372114658445,100.0
1,3,Threadfin_mean,Ccr7_DC,34,0.0009592189583727525,,100.0
1,3,Threadfin_mean,Eos,34,0.011650883963082833,0.17648087455293193,100.0
1,3,Threadfin_mean,Erythroid,34,0.014792845878549432,,100.0
1,3,Threadfin_mean,Lymphoid,34,0.018768693843035394,-0.04416005504928555,100.0
1,3,Threadfin_mean,Mast,34,0.03778087450952528,0.021315911118813813,100.0
1,3,Threadfin_mean,Meg,34,0.0427275089673446,0.1775225833204891,100.0
1,3,Threadfin_mean,Monocyte,34,0.2242210261986901,-0.01832580154597041,100.0
1,3,Threadfin_mean,Neutrophil,34,0.23461766904682005,0.05146857432720198,100.0
1,3,Threadfin_mean,Undifferentiated,34,0.25120320642755906,0.14416179104500781,100.0
1,3,Threadfin_mean,pDC,34,0.004962194066860665,,100.0
1,3,Threadfin_kernel,Baso,34,0.1540082502426411,0.36652283572630406,100.0
1,3,Threadfin_kernel,Ccr7_DC,34,0.0010428568927466236,,100.0
1,3,Threadfin_kernel,Eos,34,0.011544553715413077,0.18481787524457127,100.0
1,3,Threadfin_kernel,Erythroid,34,0.014716329734142908,,100.0
1,3,Threadfin_kernel,Lymphoid,34,0.018734394753834753,0.028670676264075934,100.0
1,3,Threadfin_kernel,Mast,34,0.0360528689893105,-0.06861431852948052,100.0
1,3,Threadfin_kernel,Meg,34,0.043717669960105954,0.16097017678154257,100.0
1,3,Threadfin_kernel,Monocyte,34,0.23501570149190107,-0.10696439697646332,100.0
1,3,Threadfin_kernel,Neutrophil,34,0.22702852014659022,0.05844636049455276,100.0
1,3,Threadfin_kernel,Undifferentiated,34,0.25477002862218434,0.1504435412999704,100.0
1,3,Threadfin_kernel,pDC,34,0.00559284020624331,,100.0
1,4,Training_mean,Baso,34,0.16405015720582672,-0.38646137537207315,
1,4,Training_mean,Ccr7_DC,34,0.0022624434389140274,-0.030303030303030498,
1,4,Training_mean,Eos,34,0.011758370454022626,,
1,4,Training_mean,Erythroid,34,0.015158188879416501,-0.0004953861547947191,
1,4,Training_mean,Lymphoid,34,0.014283918695683401,-0.009740661673452333,
1,4,Training_mean,Mast,34,0.0494385083162818,-0.016783786451141758,
1,4,Training_mean,Meg,34,0.022572712215003787,-189.35894836077725,
1,4,Training_mean,Monocyte,34,0.3243114371995906,-0.13297592333463282,
1,4,Training_mean,Neutrophil,34,0.3390730101878353,-0.1246557164869273,
1,4,Training_mean,Undifferentiated,34,0.31453782437742117,-0.30242399332354886,
1,4,Training_mean,pDC,34,0.0036231884057971015,,
1,4,RNA_mean,Baso,34,0.10192069507149212,0.29040143280100206,100.0
1,4,RNA_mean,Ccr7_DC,34,0.0022624434389140274,-0.030303030303030498,100.0
1,4,RNA_mean,Eos,34,0.009633888631416246,,100.0
1,4,RNA_mean,Erythroid,34,0.0167059065972674,0.0791681531893963,100.0
1,4,RNA_mean,Lymphoid,34,0.01276186210156273,0.09675721350511468,100.0
1,4,RNA_mean,Mast,34,0.04297755722312585,0.15028034338227847,100.0
1,4,RNA_mean,Meg,34,0.02165403758845641,-513.2768144232303,100.0
1,4,RNA_mean,Monocyte,34,0.3019170609503264,0.016451857044395335,100.0
1,4,RNA_mean,Neutrophil,34,0.3070166537253497,0.011263900926948622,100.0
1,4,RNA_mean,Undifferentiated,34,0.28547811541583495,-0.16729883841993431,100.0
1,4,RNA_mean,pDC,34,0.007895467898753636,,100.0
1,4,RNA_mean_variance,Baso,34,0.10745020236765199,0.1323137430204998,100.0
1,4,RNA_mean_variance,Ccr7_DC,34,0.0022624434389140274,-0.030303030303030498,100.0
1,4,RNA_mean_variance,Eos,34,0.011102634407828138,,100.0
1,4,RNA_mean_variance,Erythroid,34,0.01635262184529839,0.16722929580480472,100.0
1,4,RNA_mean_variance,Lymphoid,34,0.014551338855713412,0.13208323903171992,100.0
1,4,RNA_mean_variance,Mast,34,0.043283542327117175,0.13112575441431684,100.0
1,4,RNA_mean_variance,Meg,34,0.023050715293491134,-572.2722138801946,100.0
1,4,RNA_mean_variance,Monocyte,34,0.30736868123282207,-0.053489158940689174,100.0
1,4,RNA_mean_variance,Neutrophil,34,0.31189397058186175,-0.03142740955007506,100.0
1,4,RNA_mean_variance,Undifferentiated,34,0.2854506192672767,-0.1676014207933023,100.0
1,4,RNA_mean_variance,pDC,34,0.008541070061790593,,100.0
1,4,Size_only,Baso,34,0.16403376512761333,-0.38837753880496106,100.0
1,4,Size_only,Ccr7_DC,34,0.0022624434389140274,-0.030303030303030498,100.0
1,4,Size_only,Eos,34,0.011902086100971532,,100.0
1,4,Size_only,Erythroid,34,0.01525409848214458,0.006255971445949471,100.0
1,4,Size_only,Lymphoid,34,0.014575689668636998,-0.039414879887494036,100.0
1,4,Size_only,Mast,34,0.04945786148514024,-0.013111426903694712,100.0
1,4,Size_only,Meg,34,0.021731483358207397,-215.31679932577083,100.0
1,4,Size_only,Monocyte,34,0.32280610176917457,-0.13282725217673996,100.0
1,4,Size_only,Neutrophil,34,0.33667723912617353,-0.12017252980270876,100.0
1,4,Size_only,Undifferentiated,34,0.3109908986250244,-0.29427647996024286,100.0
1,4,Size_only,pDC,34,0.0037001434217361915,,100.0
1,4,Threadfin_mean,Baso,34,0.10323406112002938,0.26306930748049584,100.0
1,4,Threadfin_mean,Ccr7_DC,34,0.0022624434389140274,-0.030303030303030498,100.0
1,4,Threadfin_mean,Eos,34,0.00978008982809448,,100.0
1,4,Threadfin_mean,Erythroid,34,0.016838668888987565,0.06233528538031863,100.0
1,4,Threadfin_mean,Lymphoid,34,0.012757980075961614,0.11456393013593302,100.0
1,4,Threadfin_mean,Mast,34,0.042972329531155505,0.1533592733411091,100.0
1,4,Threadfin_mean,Meg,34,0.02158453759700967,-518.2426235265818,100.0
1,4,Threadfin_mean,Monocyte,34,0.30102685533904194,0.02042221838833924,100.0
1,4,Threadfin_mean,Neutrophil,34,0.30726897025280986,0.004473469506865002,100.0
1,4,Threadfin_mean,Undifferentiated,34,0.28192964747990706,-0.1521789922905883,100.0
1,4,Threadfin_mean,pDC,34,0.008171646566295813,,100.0
1,4,Threadfin_kernel,Baso,34,0.093245167686871,0.41288385920399295,100.0
1,4,Threadfin_kernel,Ccr7_DC,34,0.0022624434389140274,-0.030303030303030498,100.0
1,4,Threadfin_kernel,Eos,34,0.00841473688361914,,100.0
1,4,Threadfin_kernel,Erythroid,34,0.013687111227906988,0.27403229504117,100.0
1,4,Threadfin_kernel,Lymphoid,34,0.013164604243298794,0.11680202327151135,100.0
1,4,Threadfin_kernel,Mast,34,0.046843563096158516,-0.052829082767713365,100.0
1,4,Threadfin_kernel,Meg,34,0.020819675513197505,-719.400779822245,100.0
1,4,Threadfin_kernel,Monocyte,34,0.29588515201945387,0.054305445977343214,100.0
1,4,Threadfin_kernel,Neutrophil,34,0.3090841777451634,0.003997643244113114,100.0
1,4,Threadfin_kernel,Undifferentiated,34,0.28838676191351414,-0.12941129377950666,100.0
1,4,Threadfin_kernel,pDC,34,0.008878055248106838,,100.0
2,0,Training_mean,Baso,35,0.19933539891336524,-0.000576605620955073,
2,0,Training_mean,Ccr7_DC,35,0.002197802197802198,-0.029411764705882693,
2,0,Training_mean,Eos,35,0.018561151512142125,-0.0008307436954826386,
2,0,Training_mean,Erythroid,35,0.020441432047271467,-0.008671537218948977,
2,0,Training_mean,Lymphoid,35,0.020191909816518784,-0.05108133415453109,
2,0,Training_mean,Mast,35,0.023592574457419514,,
2,0,Training_mean,Meg,35,0.02828298634998977,-0.06090833231636639,
2,0,Training_mean,Monocyte,35,0.2884455588361095,-0.024410397011356055,
2,0,Training_mean,Neutrophil,35,0.32044151009606386,-0.00010495662407783435,
2,0,Training_mean,Undifferentiated,35,0.3025549919768163,-0.02528204369300946,
2,0,Training_mean,pDC,35,0.014285714285714285,-0.02941176470588225,
2,0,RNA_mean,Baso,35,0.14357181465827246,0.3900231360469901,100.0
2,0,RNA_mean,Ccr7_DC,35,0.002197802197802198,-0.029411764705882693,100.0
2,0,RNA_mean,Eos,35,0.01766799379645925,0.34919346377619154,100.0
2,0,RNA_mean,Erythroid,35,0.022650388441979884,0.10815335711348906,100.0
2,0,RNA_mean,Lymphoid,35,0.020836157257503464,-0.05587167590405917,100.0
2,0,RNA_mean,Mast,35,0.021121539434950265,,100.0
2,0,RNA_mean,Meg,35,0.022782640858474354,0.26365356396088147,100.0
2,0,RNA_mean,Monocyte,35,0.2588320013560811,0.1717153487614922,100.0
2,0,RNA_mean,Neutrophil,35,0.2771006134590741,0.1949025797966234,100.0
2,0,RNA_mean,Undifferentiated,35,0.2466989099261138,0.2334588289048204,100.0
2,0,RNA_mean,pDC,35,0.014285714285714285,-0.02941176470588225,100.0
2,0,RNA_mean_variance,Baso,35,0.14773285493030397,0.4200037277253593,100.0
2,0,RNA_mean_variance,Ccr7_DC,35,0.002197802197802198,-0.029411764705882693,100.0
2,0,RNA_mean_variance,Eos,35,0.02219088666247681,0.22992535898306954,100.0
2,0,RNA_mean_variance,Erythroid,35,0.02311912246846727,0.14847407408294866,100.0
2,0,RNA_mean_variance,Lymphoid,35,0.02165638154458331,-0.049382038806968565,100.0
2,0,RNA_mean_variance,Mast,35,0.021555469850344317,,100.0
2,0,RNA_mean_variance,Meg,35,0.02816639189209257,-0.12097421728014024,100.0
2,0,RNA_mean_variance,Monocyte,35,0.2757962707190033,0.03156442014715877,100.0
2,0,RNA_mean_variance,Neutrophil,35,0.2809697166137738,0.10642889919593645,100.0
2,0,RNA_mean_variance,Undifferentiated,35,0.24780816386056528,0.22526464223013754,100.0
2,0,RNA_mean_variance,pDC,35,0.014285714285714285,-0.02941176470588225,100.0
2,0,Size_only,Baso,35,0.19993311669073807,-0.0018694846205742355,100.0
2,0,Size_only,Ccr7_DC,35,0.002197802197802198,-0.029411764705882693,100.0
2,0,Size_only,Eos,35,0.018159032842020004,-0.019705431334564594,100.0
2,0,Size_only,Erythroid,35,0.02001021629781961,-0.004556593098730355,100.0
2,0,Size_only,Lymphoid,35,0.020099159000508814,-0.05794626239340461,100.0
2,0,Size_only,Mast,35,0.022336608925830517,,100.0
2,0,Size_only,Meg,35,0.031987296326521926,-0.3238320874996401,100.0
2,0,Size_only,Monocyte,35,0.2884742654256656,-0.024676963933493834,100.0
2,0,Size_only,Neutrophil,35,0.3179266937505247,0.00790129682200369,100.0
2,0,Size_only,Undifferentiated,35,0.2996921074270989,-0.0010399263294851302,100.0
2,0,Size_only,pDC,35,0.014285714285714285,-0.02941176470588225,100.0
2,0,Threadfin_mean,Baso,35,0.14399090320739752,0.3948041249798909,100.0
2,0,Threadfin_mean,Ccr7_DC,35,0.002197802197802198,-0.029411764705882693,100.0
2,0,Threadfin_mean,Eos,35,0.017509477462424244,0.37557720728927513,100.0
2,0,Threadfin_mean,Erythroid,35,0.022322329360573493,0.10696079836066208,100.0
2,0,Threadfin_mean,Lymphoid,35,0.020709293787637202,-0.05370550720509848,100.0
2,0,Threadfin_mean,Mast,35,0.021155234752135415,,100.0
2,0,Threadfin_mean,Meg,35,0.023364094061488025,0.22069313006200353,100.0
2,0,Threadfin_mean,Monocyte,35,0.2572822247276984,0.1747451434860242,100.0
2,0,Threadfin_mean,Neutrophil,35,0.2780974503356035,0.18953832832661954,100.0
2,0,Threadfin_mean,Undifferentiated,35,0.24547881745183645,0.24021691510647458,100.0
2,0,Threadfin_mean,pDC,35,0.014285714285714285,-0.02941176470588225,100.0
2,0,Threadfin_kernel,Baso,35,0.13931194731317775,0.4547910886894465,100.0
2,0,Threadfin_kernel,Ccr7_DC,35,0.002197802197802198,-0.029411764705882693,100.0
2,0,Threadfin_kernel,Eos,35,0.015931920358035256,0.32668671842876984,100.0
2,0,Threadfin_kernel,Erythroid,35,0.02330266930288673,0.12582055057409802,100.0
2,0,Threadfin_kernel,Lymphoid,35,0.021603686239371193,0.029215727961060978,100.0
2,0,Threadfin_kernel,Mast,35,0.022271816914769274,,100.0
2,0,Threadfin_kernel,Meg,35,0.023412461191576726,0.29016062987915603,100.0
2,0,Threadfin_kernel,Monocyte,35,0.2521518072939262,0.18537909508368988,100.0
2,0,Threadfin_kernel,Neutrophil,35,0.264002605596774,0.23130330306645275,100.0
2,0,Threadfin_kernel,Undifferentiated,35,0.26097388806234884,0.19264662446859626,100.0
2,0,Threadfin_kernel,pDC,35,0.014285714285714285,-0.02941176470588225,100.0
2,1,Training_mean,Baso,35,0.20259536973207065,-0.0008427249268967429,
2,1,Training_mean,Ccr7_DC,35,0.000561482313307131,,
2,1,Training_mean,Eos,35,0.011844197975584836,,
2,1,Training_mean,Erythroid,35,0.010178426601784264,,
2,1,Training_mean,Lymphoid,35,0.007715925599137276,,
2,1,Training_mean,Mast,35,0.039429234820029205,-0.0034372248313552234,
2,1,Training_mean,Meg,35,0.02952237261544486,-0.02988017121758224,
2,1,Training_mean,Monocyte,35,0.28683808818334594,-0.011514580256094975,
2,1,Training_mean,Neutrophil,35,0.30246286308352255,-0.01628507479406749,
2,1,Training_mean,Undifferentiated,35,0.315569049035397,-0.02782836197291072,
2,1,Training_mean,pDC,35,0.00364963503649635,,
2,1,RNA_mean,Baso,35,0.14953983792953982,0.309405008137443,100.0
2,1,RNA_mean,Ccr7_DC,35,0.0007379152870271355,,100.0
2,1,RNA_mean,Eos,35,0.014511431753635406,,100.0
2,1,RNA_mean,Erythroid,35,0.008265852244013721,,100.0
2,1,RNA_mean,Lymphoid,35,0.007845661080708461,,100.0
2,1,RNA_mean,Mast,35,0.03819099574112511,-0.034739619963990886,100.0
2,1,RNA_mean,Meg,35,0.022085597964326797,0.32474196088347673,100.0
2,1,RNA_mean,Monocyte,35,0.262792437874496,0.16807714556034137,100.0
2,1,RNA_mean,Neutrophil,35,0.2966811324183789,0.03513476634970225,100.0
2,1,RNA_mean,Undifferentiated,35,0.2771668507151945,0.15024005037844612,100.0
2,1,RNA_mean,pDC,35,0.0051930208898349,,100.0
2,1,RNA_mean_variance,Baso,35,0.15854939200701182,0.1900845453310196,100.0
2,1,RNA_mean_variance,Ccr7_DC,35,0.0007643909451352166,,100.0
2,1,RNA_mean_variance,Eos,35,0.01601491342631302,,100.0
2,1,RNA_mean_variance,Erythroid,35,0.009049083571881056,,100.0
2,1,RNA_mean_variance,Lymphoid,35,0.008737776328676514,,100.0
2,1,RNA_mean_variance,Mast,35,0.036019169626313574,-0.013760963946657156,100.0
2,1,RNA_mean_variance,Meg,35,0.022775479877956823,0.5729325437331135,100.0
2,1,RNA_mean_variance,Monocyte,35,0.23612583685158361,0.2260306598979206,100.0
2,1,RNA_mean_variance,Neutrophil,35,0.2951268078321959,-0.0051903744722847645,100.0
2,1,RNA_mean_variance,Undifferentiated,35,0.2555565014919833,0.21623232037132234,100.0
2,1,RNA_mean_variance,pDC,35,0.007030486618168652,,100.0
2,1,Size_only,Baso,35,0.20487859619091534,-0.009136790026763153,10.0
2,1,Size_only,Ccr7_DC,35,0.000635627443090302,,10.0
2,1,Size_only,Eos,35,0.012747610333367515,,10.0
2,1,Size_only,Erythroid,35,0.011522513037798087,,10.0
2,1,Size_only,Lymphoid,35,0.007502845090122891,,10.0
2,1,Size_only,Mast,35,0.042416413329260376,-0.003872334401606059,10.0
2,1,Size_only,Meg,35,0.024628186203998623,0.07212594047505705,10.0
2,1,Size_only,Monocyte,35,0.28487489808425964,-0.018014907416821435,10.0
2,1,Size_only,Neutrophil,35,0.3027077423346099,-0.0262675205785301,10.0
2,1,Size_only,Undifferentiated,35,0.3127297713520935,-0.015923640005817807,10.0
2,1,Size_only,pDC,35,0.004131578380086964,,10.0
2,1,Threadfin_mean,Baso,35,0.14977403437002565,0.3166582480316458,100.0
2,1,Threadfin_mean,Ccr7_DC,35,0.0007310907601448166,,100.0
2,1,Threadfin_mean,Eos,35,0.01458920175967106,,100.0
2,1,Threadfin_mean,Erythroid,35,0.008361507811765643,,100.0
2,1,Threadfin_mean,Lymphoid,35,0.007780324599111335,,100.0
2,1,Threadfin_mean,Mast,35,0.037717700927426025,-0.020040040903775758,100.0
2,1,Threadfin_mean,Meg,35,0.02195948174714985,0.36221655420825816,100.0
2,1,Threadfin_mean,Monocyte,35,0.26169574993475275,0.1736025291752401,100.0
2,1,Threadfin_mean,Neutrophil,35,0.29636722550648553,0.0370466608967821,100.0
2,1,Threadfin_mean,Undifferentiated,35,0.27738234361137265,0.15401900171105587,100.0
2,1,Threadfin_mean,pDC,35,0.005031019836344816,,100.0
2,1,Threadfin_kernel,Baso,35,0.15962199317426345,0.2446513770278419,100.0
2,1,Threadfin_kernel,Ccr7_DC,35,0.0006751784939869644,,100.0
2,1,Threadfin_kernel,Eos,35,0.014141002481556636,,100.0
2,1,Threadfin_kernel,Erythroid,35,0.006448517609449976,,100.0
2,1,Threadfin_kernel,Lymphoid,35,0.008498582610420326,,100.0
2,1,Threadfin_kernel,Mast,35,0.03472978968603531,-0.04896701694402972,100.0
2,1,Threadfin_kernel,Meg,35,0.019427474975039143,0.4340020126086177,100.0
2,1,Threadfin_kernel,Monocyte,35,0.24717467543829497,0.24736964310140874,100.0
2,1,Threadfin_kernel,Neutrophil,35,0.28791561534185217,0.09813033815919381,100.0
2,1,Threadfin_kernel,Undifferentiated,35,0.265198864783482,0.24228435761595546,100.0
2,1,Threadfin_kernel,pDC,35,0.0046300661149013215,,100.0
2,2,Training_mean,Baso,34,0.18429395599240472,-0.027867848224572445,
2,2,Training_mean,Ccr7_DC,34,0.0005574136008918616,,
2,2,Training_mean,Eos,34,0.018597250055050567,-6.700499717737785e-05,
2,2,Training_mean,Erythroid,34,0.010104669887278582,,
2,2,Training_mean,Lymphoid,34,0.007660013094795704,,
2,2,Training_mean,Mast,34,0.04828761317561685,-0.014417591213374381,
2,2,Training_mean,Meg,34,0.04023478584264475,-0.004502324868362884,
2,2,Training_mean,Monocyte,34,0.2611097242456198,-0.030350144005017343,
2,2,Training_mean,Neutrophil,34,0.28014420723453987,-0.03221697288021641,
2,2,Training_mean,Undifferentiated,34,0.2853046755618884,-0.0056995380179434285,
2,2,Training_mean,pDC,34,0.0036231884057971015,,
2,2,RNA_mean,Baso,34,0.14950282555021327,0.26787889283125255,100.0
2,2,RNA_mean,Ccr7_DC,34,0.0006819228095564005,,100.0
2,2,RNA_mean,Eos,34,0.02005691144330401,0.25011395979544904,100.0
2,2,RNA_mean,Erythroid,34,0.013788461858840653,,100.0
2,2,RNA_mean,Lymphoid,34,0.00871889235542553,,100.0
2,2,RNA_mean,Mast,34,0.04727621687548783,0.10283920330384544,100.0
2,2,RNA_mean,Meg,34,0.03761289497437634,0.17919923955840755,100.0
2,2,RNA_mean,Monocyte,34,0.2147472272402758,0.2160867913363903,100.0
2,2,RNA_mean,Neutrophil,34,0.22755449325329957,0.17109861291813877,100.0
2,2,RNA_mean,Undifferentiated,34,0.2598162478580113,0.1457762577962768,100.0
2,2,RNA_mean,pDC,34,0.005329334897169247,,100.0
2,2,RNA_mean_variance,Baso,34,0.13769641552506542,0.292040800844781,100.0
2,2,RNA_mean_variance,Ccr7_DC,34,0.0005679402366855784,,100.0
2,2,RNA_mean_variance,Eos,34,0.020446243006553427,0.2219515345225075,100.0
2,2,RNA_mean_variance,Erythroid,34,0.013190621958689435,,100.0
2,2,RNA_mean_variance,Lymphoid,34,0.0078194178200005,,100.0
2,2,RNA_mean_variance,Mast,34,0.04798481382244705,0.07424312946215095,100.0
2,2,RNA_mean_variance,Meg,34,0.04106565515827415,0.24160433898209244,100.0
2,2,RNA_mean_variance,Monocyte,34,0.21072025207751027,0.20518579985668584,100.0
2,2,RNA_mean_variance,Neutrophil,34,0.22454237192212084,0.18464669526888167,100.0
2,2,RNA_mean_variance,Undifferentiated,34,0.2646296280413346,0.12576015898807857,100.0
2,2,RNA_mean_variance,pDC,34,0.005561611378866741,,100.0
2,2,Size_only,Baso,34,0.18433333744787006,-0.028203190925543575,100.0
2,2,Size_only,Ccr7_DC,34,0.0005467618099983991,,100.0
2,2,Size_only,Eos,34,0.01848380941473695,0.003779621930392052,100.0
2,2,Size_only,Erythroid,34,0.009911576589026538,,100.0
2,2,Size_only,Lymphoid,34,0.007714216778410321,,100.0
2,2,Size_only,Mast,34,0.04790984648897127,-0.010777270772522662,100.0
2,2,Size_only,Meg,34,0.04048708401264472,0.01653453953715711,100.0
2,2,Size_only,Monocyte,34,0.2638515973352258,-0.04832956758372431,100.0
2,2,Size_only,Neutrophil,34,0.27880968235004705,-0.023699719377459072,100.0
2,2,Size_only,Undifferentiated,34,0.2871379168196118,-0.005900428299230764,100.0
2,2,Size_only,pDC,34,0.0035539517649895947,,100.0
2,2,Threadfin_mean,Baso,34,0.15020073230620118,0.24779815603162958,100.0
2,2,Threadfin_mean,Ccr7_DC,34,0.0006855398195827453,,100.0
2,2,Threadfin_mean,Eos,34,0.020043562396267135,0.24550244723325287,100.0
2,2,Threadfin_mean,Erythroid,34,0.014184500872832016,,100.0
2,2,Threadfin_mean,Lymphoid,34,0.00865391765047846,,100.0
2,2,Threadfin_mean,Mast,34,0.047051167437466124,0.11174955783795482,100.0
2,2,Threadfin_mean,Meg,34,0.03760150144252245,0.19022217574633615,100.0
2,2,Threadfin_mean,Monocyte,34,0.2127951797174309,0.2226101832321672,100.0
2,2,Threadfin_mean,Neutrophil,34,0.22655485990375948,0.1716960959059708,100.0
2,2,Threadfin_mean,Undifferentiated,34,0.2603870307369145,0.13830332156315128,100.0
2,2,Threadfin_mean,pDC,34,0.005420923474443497,,100.0
2,2,Threadfin_kernel,Baso,34,0.12608278546738189,0.41538755980494113,100.0
2,2,Threadfin_kernel,Ccr7_DC,34,0.0007039531367977592,,100.0
2,2,Threadfin_kernel,Eos,34,0.018525453749646256,0.24477797230943998,100.0
2,2,Threadfin_kernel,Erythroid,34,0.009693442062417705,,100.0
2,2,Threadfin_kernel,Lymphoid,34,0.009531370642419835,,100.0
2,2,Threadfin_kernel,Mast,34,0.048638024123869486,-0.05256866127294901,100.0
2,2,Threadfin_kernel,Meg,34,0.03761164952136316,0.21597680164818123,100.0
2,2,Threadfin_kernel,Monocyte,34,0.2271554933794122,0.1737954827464564,100.0
2,2,Threadfin_kernel,Neutrophil,34,0.22916945051843127,0.12025093015753141,100.0
2,2,Threadfin_kernel,Undifferentiated,34,0.26930919013152793,0.07264312902906689,100.0
2,2,Threadfin_kernel,pDC,34,0.003327305816060328,,100.0
2,3,Training_mean,Baso,34,0.19138510921333338,-0.003868503751708774,
2,3,Training_mean,Ccr7_DC,34,0.0005574136008918616,,
2,3,Training_mean,Eos,34,0.013120487545039975,-0.3009212158358827,
2,3,Training_mean,Erythroid,34,0.010104669887278582,,
2,3,Training_mean,Lymphoid,34,0.017250155357572235,-0.013215436904276512,
2,3,Training_mean,Mast,34,0.022930568514556365,-2.501562091900393,
2,3,Training_mean,Meg,34,0.02391694111516667,-1.1987196721889215,
2,3,Training_mean,Monocyte,34,0.2331926965325984,-0.00029609688940901435,
2,3,Training_mean,Neutrophil,34,0.25507996197355454,-0.057222046860563314,
2,3,Training_mean,Undifferentiated,34,0.2996994930812832,-0.13165264345656968,
2,3,Training_mean,pDC,34,0.0036231884057971015,,
2,3,RNA_mean,Baso,34,0.12760981125722037,0.36131343316177744,100.0
2,3,RNA_mean,Ccr7_DC,34,0.0010058269112692762,,100.0
2,3,RNA_mean,Eos,34,0.013783797624217158,-1.7817453929844609,100.0
2,3,RNA_mean,Erythroid,34,0.01049856943769983,,100.0
2,3,RNA_mean,Lymphoid,34,0.018446084589764378,-0.04540266075771049,100.0
2,3,RNA_mean,Mast,34,0.017376015035605798,-6.451283686693659,100.0
2,3,RNA_mean,Meg,34,0.018294316212303735,-1.1593163143645437,100.0
2,3,RNA_mean,Monocyte,34,0.21536897657316673,0.05717975058954561,100.0
2,3,RNA_mean,Neutrophil,34,0.2125026537836774,0.05158612258933071,100.0
2,3,RNA_mean,Undifferentiated,34,0.2744584401949245,0.11861396466817209,100.0
2,3,RNA_mean,pDC,34,0.006548861500478405,,100.0
2,3,RNA_mean_variance,Baso,34,0.13954782665237145,0.3234143305974604,100.0
2,3,RNA_mean_variance,Ccr7_DC,34,0.00168954218401375,,100.0
2,3,RNA_mean_variance,Eos,34,0.014602396823730405,-2.4143202824449626,100.0
2,3,RNA_mean_variance,Erythroid,34,0.013651623997087454,,100.0
2,3,RNA_mean_variance,Lymphoid,34,0.018817363974639328,-0.03625531566580209,100.0
2,3,RNA_mean_variance,Mast,34,0.018865765864254553,-6.367952513473087,100.0
2,3,RNA_mean_variance,Meg,34,0.013382371466022535,-0.7807154110677776,100.0
2,3,RNA_mean_variance,Monocyte,34,0.2151310684262621,0.059123295159629774,100.0
2,3,RNA_mean_variance,Neutrophil,34,0.21020800797764552,0.01138027652912621,100.0
2,3,RNA_mean_variance,Undifferentiated,34,0.2848054141480792,0.021477784493404872,100.0
2,3,RNA_mean_variance,pDC,34,0.007514393046114813,,100.0
2,3,Size_only,Baso,34,0.19192574319678565,-0.018800862124899176,10.0
2,3,Size_only,Ccr7_DC,34,0.000609154619387151,,10.0
2,3,Size_only,Eos,34,0.013457755507404266,-0.3372628698962823,10.0
2,3,Size_only,Erythroid,34,0.011042619572557078,,10.0
2,3,Size_only,Lymphoid,34,0.01695591065284739,-0.02047254777624463,10.0
2,3,Size_only,Mast,34,0.02393209656766123,-3.136812141421392,10.0
2,3,Size_only,Meg,34,0.021754771079273635,-2.02285858482979,10.0
2,3,Size_only,Monocyte,34,0.2328492405345507,0.0035123447236566907,10.0
2,3,Size_only,Neutrophil,34,0.2525714715625491,-0.04061199332354759,10.0
2,3,Size_only,Undifferentiated,34,0.29650395876057595,-0.11618423811372192,10.0
2,3,Size_only,pDC,34,0.003959505026016479,,10.0
2,3,Threadfin_mean,Baso,34,0.12743577656495997,0.36052547705988425,100.0
2,3,Threadfin_mean,Ccr7_DC,34,0.0009992706640067814,,100.0
2,3,Threadfin_mean,Eos,34,0.013605674364553687,-1.724755161146848,100.0
2,3,Threadfin_mean,Erythroid,34,0.010108264155752974,,100.0
2,3,Threadfin_mean,Lymphoid,34,0.01858232910714161,-0.04567943681440512,100.0
2,3,Threadfin_mean,Mast,34,0.017655827940826176,-6.498794095407676,100.0
2,3,Threadfin_mean,Meg,34,0.0183800110168035,-1.220438373463665,100.0
2,3,Threadfin_mean,Monocyte,34,0.21414078386279067,0.06034077023451512,100.0
2,3,Threadfin_mean,Neutrophil,34,0.2115261215656503,0.06571113737102852,100.0
2,3,Threadfin_mean,Undifferentiated,34,0.27202804741900954,0.1359076162665206,100.0
2,3,Threadfin_mean,pDC,34,0.00616329060563528,,100.0
2,3,Threadfin_kernel,Baso,34,0.1380596814706557,0.2776989295702834,100.0
2,3,Threadfin_kernel,Ccr7_DC,34,0.001079697366050318,,100.0
2,3,Threadfin_kernel,Eos,34,0.01448857783226768,-1.7770364032501789,100.0
2,3,Threadfin_kernel,Erythroid,34,0.005764366408593246,,100.0
2,3,Threadfin_kernel,Lymphoid,34,0.018782303044697194,0.018201236445728353,100.0
2,3,Threadfin_kernel,Mast,34,0.016733105424965162,-6.856498224982772,100.0
2,3,Threadfin_kernel,Meg,34,0.017377813161805936,-1.0505429955687893,100.0
2,3,Threadfin_kernel,Monocyte,34,0.22131369199469142,0.061398206581677495,100.0
2,3,Threadfin_kernel,Neutrophil,34,0.1932165283559333,0.22100217473042483,100.0
2,3,Threadfin_kernel,Undifferentiated,34,0.2727888998392091,0.09124315383699078,100.0
2,3,Threadfin_kernel,pDC,34,0.005580483815685418,,100.0
2,4,Training_mean,Baso,34,0.22543777716751592,-0.023791929830589753,
2,4,Training_mean,Ccr7_DC,34,0.0005574136008918616,,
2,4,Training_mean,Eos,34,0.029893072731947412,-0.017809990264052944,
2,4,Training_mean,Erythroid,34,0.029290991759022455,-0.0632735565809448,
2,4,Training_mean,Lymphoid,34,0.007660013094795704,,
2,4,Training_mean,Mast,34,0.043471884814719024,-0.01985845788332985,
2,4,Training_mean,Meg,34,0.052897302487561255,-0.04862157836921277,
2,4,Training_mean,Monocyte,34,0.27002471643261394,-0.019332360876817445,
2,4,Training_mean,Neutrophil,34,0.30542781768306043,-0.020982946457441143,
2,4,Training_mean,Undifferentiated,34,0.33418651793926557,-0.010573147495303248,
2,4,Training_mean,pDC,34,0.0036231884057971015,,
2,4,RNA_mean,Baso,34,0.19195612406585952,0.258696607674758,100.0
2,4,RNA_mean,Ccr7_DC,34,0.0005907611166014034,,100.0
2,4,RNA_mean,Eos,34,0.03093991777403098,0.05653658549144369,100.0
2,4,RNA_mean,Erythroid,34,0.03268908895280142,0.07459809077698998,100.0
2,4,RNA_mean,Lymphoid,34,0.007295811511593296,,100.0
2,4,RNA_mean,Mast,34,0.04403071642194774,-0.08174884240190128,100.0
2,4,RNA_mean,Meg,34,0.05572822624591302,0.11772970610998978,100.0
2,4,RNA_mean,Monocyte,34,0.22488065207938165,0.016176608095885392,100.0
2,4,RNA_mean,Neutrophil,34,0.22172823817303117,0.4124234939125003,100.0
2,4,RNA_mean,Undifferentiated,34,0.28612960055107856,0.2147212144643319,100.0
2,4,RNA_mean,pDC,34,0.009378232370021151,,100.0
2,4,RNA_mean_variance,Baso,34,0.1936911290105394,0.2482029029324453,100.0
2,4,RNA_mean_variance,Ccr7_DC,34,0.0007280306931266643,,100.0
2,4,RNA_mean_variance,Eos,34,0.03121063570627788,0.058118910018302605,100.0
2,4,RNA_mean_variance,Erythroid,34,0.031910265634807276,0.10233709839475913,100.0
2,4,RNA_mean_variance,Lymphoid,34,0.008517837487435079,,100.0
2,4,RNA_mean_variance,Mast,34,0.047980859349299146,-0.10704320350966445,100.0
2,4,RNA_mean_variance,Meg,34,0.053537245145537045,0.03075308281794109,100.0
2,4,RNA_mean_variance,Monocyte,34,0.2398910367278242,-0.003273586743745005,100.0
2,4,RNA_mean_variance,Neutrophil,34,0.20573751481029082,0.4248161215154147,100.0
2,4,RNA_mean_variance,Undifferentiated,34,0.2932933204278027,0.11616374121233941,100.0
2,4,RNA_mean_variance,pDC,34,0.01428143382209408,,100.0
2,4,Size_only,Baso,34,0.22543887265794815,-0.023790280199054603,100.0
2,4,Size_only,Ccr7_DC,34,0.0005371164376060213,,100.0
2,4,Size_only,Eos,34,0.02987583807945268,-0.01766634552043267,100.0
2,4,Size_only,Erythroid,34,0.02905627699433533,-0.059588890961184804,100.0
2,4,Size_only,Lymphoid,34,0.0077838478034396585,,100.0
2,4,Size_only,Mast,34,0.042595322060513585,-0.011063245515285036,100.0
2,4,Size_only,Meg,34,0.05289567301359132,-0.024723012804521716,100.0
2,4,Size_only,Monocyte,34,0.26951936505314156,-0.017200930466944264,100.0
2,4,Size_only,Neutrophil,34,0.3082354885550191,-0.040168459115787813,100.0
2,4,Size_only,Undifferentiated,34,0.3312840878897123,-0.011510770043123841,100.0
2,4,Size_only,pDC,34,0.0034912568444391383,,100.0
2,4,Threadfin_mean,Baso,34,0.19093222156185813,0.2629017822533469,100.0
2,4,Threadfin_mean,Ccr7_DC,34,0.0005744854429730564,,100.0
2,4,Threadfin_mean,Eos,34,0.030826480433488308,0.05729923156634109,100.0
2,4,Threadfin_mean,Erythroid,34,0.032845980551667965,0.07049876101647656,100.0
2,4,Threadfin_mean,Lymphoid,34,0.007415602471305525,,100.0
2,4,Threadfin_mean,Mast,34,0.044462280792938354,-0.07899864017666314,100.0
2,4,Threadfin_mean,Meg,34,0.055740928268836684,0.13156048604998571,100.0
2,4,Threadfin_mean,Monocyte,34,0.22276038226996173,0.027264247336216463,100.0
2,4,Threadfin_mean,Neutrophil,34,0.22013582743616422,0.4162956410583356,100.0
2,4,Threadfin_mean,Undifferentiated,34,0.28618347021290313,0.21038137574555893,100.0
2,4,Threadfin_mean,pDC,34,0.009486975541863346,,100.0
2,4,Threadfin_kernel,Baso,34,0.1953443076009622,0.26145245818954943,100.0
2,4,Threadfin_kernel,Ccr7_DC,34,0.0005668799474592334,,100.0
2,4,Threadfin_kernel,Eos,34,0.03042911549020124,0.04848269351677614,100.0
2,4,Threadfin_kernel,Erythroid,34,0.030889431394488912,0.10851938003517625,100.0
2,4,Threadfin_kernel,Lymphoid,34,0.007613362203316497,,100.0
2,4,Threadfin_kernel,Mast,34,0.044500073454849534,-0.11686185530398463,100.0
2,4,Threadfin_kernel,Meg,34,0.05240383199055112,0.11627360633403683,100.0
2,4,Threadfin_kernel,Monocyte,34,0.20462368412223841,0.16340319985940466,100.0
2,4,Threadfin_kernel,Neutrophil,34,0.199372634199414,0.4736295108463947,100.0
2,4,Threadfin_kernel,Undifferentiated,34,0.28204635024551766,0.25103571214006315,100.0
2,4,Threadfin_kernel,pDC,34,0.0076211220690455906,,100.0
