,target,n_measured,donor,target_name
M1|C00001,0.7272727272727273,22,M1,division_gate:mCherry-low
M1|C00002,0.2727272727272727,22,M1,division_gate:mCherry-low
M1|C00003,0.9047619047619048,21,M1,division_gate:mCherry-low
M1|C00004,0.2777777777777778,18,M1,division_gate:mCherry-low
M1|C00005,0.8666666666666667,15,M1,division_gate:mCherry-low
M1|C00006,0.15384615384615385,13,M1,division_gate:mCherry-low
M1|C00007,0.75,12,M1,division_gate:mCherry-low
M1|C00008,0.75,12,M1,division_gate:mCherry-low
M1|C00009,0.2,10,M1,division_gate:mCherry-low
M1|C00010,0.7777777777777778,9,M1,division_gate:mCherry-low
M1|C00011,0.375,8,M1,division_gate:mCherry-low
M1|C00012,0.375,8,M1,division_gate:mCherry-low
M1|C00013,0.875,8,M1,division_gate:mCherry-low
M1|C00014,0.75,8,M1,division_gate:mCherry-low
M1|C00015,1.0,7,M1,division_gate:mCherry-low
M1|C00016,0.7142857142857143,7,M1,division_gate:mCherry-low
M1|C00017,0.8333333333333334,6,M1,division_gate:mCherry-low
M1|C00018,1.0,5,M1,division_gate:mCherry-low
M1|C00019,0.8,5,M1,division_gate:mCherry-low
M1|C00020,0.8,5,M1,division_gate:mCherry-low
M1|C00021,0.6,5,M1,division_gate:mCherry-low
M1|C00022,0.8,5,M1,division_gate:mCherry-low
M1|C00023,1.0,4,M1,division_gate:mCherry-low
M1|C00024,1.0,4,M1,division_gate:mCherry-low
M1|C00025,0.5,4,M1,division_gate:mCherry-low
M1|C00026,0.5,4,M1,division_gate:mCherry-low
M1|C00027,1.0,4,M1,division_gate:mCherry-low
M1|C00028,1.0,3,M1,division_gate:mCherry-low
M1|C00029,1.0,3,M1,division_gate:mCherry-low
M1|C00030,0.3333333333333333,3,M1,division_gate:mCherry-low
M1|C00031,1.0,3,M1,division_gate:mCherry-low
M1|C00032,1.0,3,M1,division_gate:mCherry-low
M1|C00033,0.3333333333333333,3,M1,division_gate:mCherry-low
M1|C00034,0.0,3,M1,division_gate:mCherry-low
M1|C00035,1.0,3,M1,division_gate:mCherry-low
M1|C00036,0.6666666666666666,3,M1,division_gate:mCherry-low
M1|C00037,1.0,3,M1,division_gate:mCherry-low
M1|C00038,0.6666666666666666,3,M1,division_gate:mCherry-low
M1|C00039,0.6666666666666666,3,M1,division_gate:mCherry-low
M1|C00040,0.5,2,M1,division_gate:mCherry-low
M1|C00041,1.0,2,M1,division_gate:mCherry-low
M1|C00042,0.0,2,M1,division_gate:mCherry-low
M1|C00043,1.0,2,M1,division_gate:mCherry-low
M1|C00044,0.5,2,M1,division_gate:mCherry-low
M1|C00045,1.0,2,M1,division_gate:mCherry-low
M1|C00046,1.0,2,M1,division_gate:mCherry-low
M1|C00047,0.5,2,M1,division_gate:mCherry-low
M1|C00048,0.5,2,M1,division_gate:mCherry-low
M1|C00049,1.0,2,M1,division_gate:mCherry-low
M1|C00050,1.0,2,M1,division_gate:mCherry-low
M1|C00051,0.0,2,M1,division_gate:mCherry-low
M1|C00052,1.0,2,M1,division_gate:mCherry-low
M1|C00053,0.0,2,M1,division_gate:mCherry-low
M1|C00054,1.0,2,M1,division_gate:mCherry-low
M1|C00055,0.0,2,M1,division_gate:mCherry-low
M1|C00056,0.0,2,M1,division_gate:mCherry-low
M1|C00057,0.0,2,M1,division_gate:mCherry-low
M1|C00058,0.0,2,M1,division_gate:mCherry-low
M1|C00059,0.5,2,M1,division_gate:mCherry-low
M1|C00060,0.0,2,M1,division_gate:mCherry-low
M1|C00061,0.5,2,M1,division_gate:mCherry-low
M1|C00062,1.0,2,M1,division_gate:mCherry-low
M1|C00063,1.0,2,M1,division_gate:mCherry-low
M1|C00064,1.0,2,M1,division_gate:mCherry-low
M2|C00001,0.9565217391304348,92,M2,division_gate:mCherry-low
M2|C00002,0.725,40,M2,division_gate:mCherry-low
M2|C00003,0.7,20,M2,division_gate:mCherry-low
M2|C00004,0.4375,16,M2,division_gate:mCherry-low
M2|C00005,0.2727272727272727,11,M2,division_gate:mCherry-low
M2|C00006,0.6666666666666666,9,M2,division_gate:mCherry-low
M2|C00007,0.8571428571428571,7,M2,division_gate:mCherry-low
M2|C00008,1.0,6,M2,division_gate:mCherry-low
M2|C00009,0.16666666666666666,6,M2,division_gate:mCherry-low
M2|C00010,1.0,5,M2,division_gate:mCherry-low
M2|C00011,0.5,4,M2,division_gate:mCherry-low
M2|C00012,1.0,4,M2,division_gate:mCherry-low
M2|C00013,1.0,4,M2,division_gate:mCherry-low
M2|C00014,1.0,4,M2,division_gate:mCherry-low
M2|C00015,0.25,4,M2,division_gate:mCherry-low
M2|C00016,0.75,4,M2,division_gate:mCherry-low
M2|C00017,0.75,4,M2,division_gate:mCherry-low
M2|C00018,0.0,3,M2,division_gate:mCherry-low
M2|C00019,1.0,3,M2,division_gate:mCherry-low
M2|C00020,1.0,3,M2,division_gate:mCherry-low
M2|C00021,1.0,3,M2,division_gate:mCherry-low
M2|C00022,1.0,3,M2,division_gate:mCherry-low
M2|C00023,0.0,3,M2,division_gate:mCherry-low
M2|C00024,0.5,2,M2,division_gate:mCherry-low
M2|C00025,0.5,2,M2,division_gate:mCherry-low
M2|C00026,1.0,2,M2,division_gate:mCherry-low
M2|C00027,0.5,2,M2,division_gate:mCherry-low
M2|C00028,1.0,2,M2,division_gate:mCherry-low
M2|C00029,0.5,2,M2,division_gate:mCherry-low
M2|C00030,0.0,2,M2,division_gate:mCherry-low
M2|C00031,0.5,2,M2,division_gate:mCherry-low
M2|C00032,1.0,2,M2,division_gate:mCherry-low
M2|C00033,1.0,2,M2,division_gate:mCherry-low
M2|C00034,0.0,2,M2,division_gate:mCherry-low
M2|C00035,0.0,2,M2,division_gate:mCherry-low
M2|C00036,1.0,2,M2,division_gate:mCherry-low
M3|C00001,0.9183673469387755,49,M3,division_gate:mCherry-low
M3|C00002,0.8095238095238095,42,M3,division_gate:mCherry-low
M3|C00003,0.9032258064516129,31,M3,division_gate:mCherry-low
M3|C00004,0.8387096774193549,31,M3,division_gate:mCherry-low
M3|C00005,0.6785714285714286,28,M3,division_gate:mCherry-low
M3|C00006,0.6956521739130435,23,M3,division_gate:mCherry-low
M3|C00007,1.0,21,M3,division_gate:mCherry-low
M3|C00008,0.65,20,M3,division_gate:mCherry-low
M3|C00009,0.631578947368421,19,M3,division_gate:mCherry-low
M3|C00010,0.8333333333333334,18,M3,division_gate:mCherry-low
M3|C00011,0.9285714285714286,14,M3,division_gate:mCherry-low
M3|C00012,0.38461538461538464,13,M3,division_gate:mCherry-low
M3|C00013,0.16666666666666666,12,M3,division_gate:mCherry-low
M3|C00014,0.5833333333333334,12,M3,division_gate:mCherry-low
M3|C00015,0.5,10,M3,division_gate:mCherry-low
M3|C00016,0.8,10,M3,division_gate:mCherry-low
M3|C00017,0.3333333333333333,9,M3,division_gate:mCherry-low
M3|C00018,0.375,8,M3,division_gate:mCherry-low
M3|C00019,0.5,8,M3,division_gate:mCherry-low
M3|C00020,0.6666666666666666,6,M3,division_gate:mCherry-low
M3|C00021,0.4,5,M3,division_gate:mCherry-low
M3|C00022,0.6,5,M3,division_gate:mCherry-low
M3|C00023,0.6,5,M3,division_gate:mCherry-low
M3|C00024,1.0,5,M3,division_gate:mCherry-low
M3|C00025,1.0,5,M3,division_gate:mCherry-low
M3|C00026,0.0,4,M3,division_gate:mCherry-low
M3|C00027,0.5,4,M3,division_gate:mCherry-low
M3|C00028,0.25,4,M3,division_gate:mCherry-low
M3|C00029,0.75,4,M3,division_gate:mCherry-low
M3|C00030,0.5,4,M3,division_gate:mCherry-low
M3|C00031,0.0,3,M3,division_gate:mCherry-low
M3|C00032,1.0,3,M3,division_gate:mCherry-low
M3|C00033,0.6666666666666666,3,M3,division_gate:mCherry-low
M3|C00034,0.0,3,M3,division_gate:mCherry-low
M3|C00035,0.6666666666666666,3,M3,division_gate:mCherry-low
M3|C00036,1.0,3,M3,division_gate:mCherry-low
M3|C00037,1.0,3,M3,division_gate:mCherry-low
M3|C00038,1.0,3,M3,division_gate:mCherry-low
M3|C00039,0.3333333333333333,3,M3,division_gate:mCherry-low
M3|C00040,0.3333333333333333,3,M3,division_gate:mCherry-low
M3|C00041,0.3333333333333333,3,M3,division_gate:mCherry-low
M3|C00042,1.0,3,M3,division_gate:mCherry-low
M3|C00043,0.3333333333333333,3,M3,division_gate:mCherry-low
M3|C00044,1.0,3,M3,division_gate:mCherry-low
M3|C00045,0.0,3,M3,division_gate:mCherry-low
M3|C00046,1.0,3,M3,division_gate:mCherry-low
M3|C00047,1.0,3,M3,division_gate:mCherry-low
M3|C00048,1.0,3,M3,division_gate:mCherry-low
M3|C00049,0.3333333333333333,3,M3,division_gate:mCherry-low
M3|C00050,0.5,2,M3,division_gate:mCherry-low
M3|C00051,0.5,2,M3,division_gate:mCherry-low
M3|C00052,0.5,2,M3,division_gate:mCherry-low
M3|C00053,0.0,2,M3,division_gate:mCherry-low
M3|C00054,0.0,2,M3,division_gate:mCherry-low
M3|C00055,0.5,2,M3,division_gate:mCherry-low
M3|C00056,1.0,2,M3,division_gate:mCherry-low
M3|C00057,1.0,2,M3,division_gate:mCherry-low
M3|C00058,0.5,2,M3,division_gate:mCherry-low
M3|C00059,0.0,2,M3,division_gate:mCherry-low
M3|C00060,1.0,2,M3,division_gate:mCherry-low
M3|C00061,0.5,2,M3,division_gate:mCherry-low
M3|C00062,1.0,2,M3,division_gate:mCherry-low
M3|C00063,0.5,2,M3,division_gate:mCherry-low
M3|C00064,0.5,2,M3,division_gate:mCherry-low
M3|C00065,0.0,2,M3,division_gate:mCherry-low
M3|C00066,0.0,2,M3,division_gate:mCherry-low
M3|C00067,1.0,2,M3,division_gate:mCherry-low
M3|C00068,0.0,2,M3,division_gate:mCherry-low
M3|C00069,0.5,2,M3,division_gate:mCherry-low
M3|C00070,0.0,2,M3,division_gate:mCherry-low
M3|C00071,0.0,2,M3,division_gate:mCherry-low
M3|C00072,1.0,2,M3,division_gate:mCherry-low
M3|C00073,0.5,2,M3,division_gate:mCherry-low
M3|C00074,1.0,2,M3,division_gate:mCherry-low
M4|C00001,0.8571428571428571,56,M4,division_gate:mCherry-low
M4|C00002,0.7837837837837838,37,M4,division_gate:mCherry-low
M4|C00003,0.8571428571428571,28,M4,division_gate:mCherry-low
M4|C00004,0.96,25,M4,division_gate:mCherry-low
M4|C00005,0.7727272727272727,22,M4,division_gate:mCherry-low
M4|C00006,0.6666666666666666,18,M4,division_gate:mCherry-low
M4|C00007,0.5,18,M4,division_gate:mCherry-low
M4|C00008,0.8823529411764706,17,M4,division_gate:mCherry-low
M4|C00009,0.8,15,M4,division_gate:mCherry-low
M4|C00010,0.8461538461538461,13,M4,division_gate:mCherry-low
M4|C00011,0.75,12,M4,division_gate:mCherry-low
M4|C00012,1.0,12,M4,division_gate:mCherry-low
M4|C00013,0.8181818181818182,11,M4,division_gate:mCherry-low
M4|C00014,0.5,10,M4,division_gate:mCherry-low
M4|C00015,0.7777777777777778,9,M4,division_gate:mCherry-low
M4|C00016,0.875,8,M4,division_gate:mCherry-low
M4|C00017,0.8571428571428571,7,M4,division_gate:mCherry-low
M4|C00018,0.7142857142857143,7,M4,division_gate:mCherry-low
M4|C00019,1.0,6,M4,division_gate:mCherry-low
M4|C00020,0.5,6,M4,division_gate:mCherry-low
M4|C00021,0.6666666666666666,6,M4,division_gate:mCherry-low
M4|C00022,0.5,6,M4,division_gate:mCherry-low
M4|C00023,0.8333333333333334,6,M4,division_gate:mCherry-low
M4|C00024,0.6666666666666666,6,M4,division_gate:mCherry-low
M4|C00025,1.0,5,M4,division_gate:mCherry-low
M4|C00026,0.8,5,M4,division_gate:mCherry-low
M4|C00027,0.75,4,M4,division_gate:mCherry-low
M4|C00028,1.0,4,M4,division_gate:mCherry-low
M4|C00029,0.0,3,M4,division_gate:mCherry-low
M4|C00030,0.3333333333333333,3,M4,division_gate:mCherry-low
M4|C00031,1.0,3,M4,division_gate:mCherry-low
M4|C00032,0.5,2,M4,division_gate:mCherry-low
M4|C00033,0.0,2,M4,division_gate:mCherry-low
M4|C00034,1.0,2,M4,division_gate:mCherry-low
M4|C00035,0.5,2,M4,division_gate:mCherry-low
M4|C00036,0.0,2,M4,division_gate:mCherry-low
M4|C00037,0.5,2,M4,division_gate:mCherry-low
M4|C00038,0.5,2,M4,division_gate:mCherry-low
M4|C00039,0.5,2,M4,division_gate:mCherry-low
M4|C00040,1.0,2,M4,division_gate:mCherry-low
M4|C00041,1.0,2,M4,division_gate:mCherry-low
M4|C00042,0.0,2,M4,division_gate:mCherry-low
M5|C00001,0.7142857142857143,42,M5,division_gate:mCherry-low
M5|C00002,0.5294117647058824,17,M5,division_gate:mCherry-low
M5|C00003,0.6666666666666666,12,M5,division_gate:mCherry-low
M5|C00004,0.5714285714285714,7,M5,division_gate:mCherry-low
M5|C00005,0.2857142857142857,7,M5,division_gate:mCherry-low
M5|C00006,0.75,4,M5,division_gate:mCherry-low
M5|C00007,1.0,4,M5,division_gate:mCherry-low
M5|C00008,0.0,4,M5,division_gate:mCherry-low
M5|C00009,0.6666666666666666,3,M5,division_gate:mCherry-low
M5|C00010,1.0,3,M5,division_gate:mCherry-low
M5|C00011,0.5,2,M5,division_gate:mCherry-low
M5|C00012,0.0,2,M5,division_gate:mCherry-low
M5|C00013,1.0,2,M5,division_gate:mCherry-low
M5|C00014,1.0,2,M5,division_gate:mCherry-low
M5|C00015,0.0,2,M5,division_gate:mCherry-low
M5|C00016,0.5,2,M5,division_gate:mCherry-low
M6|C00001,0.7692307692307693,39,M6,division_gate:mCherry-low
M6|C00002,0.8421052631578947,19,M6,division_gate:mCherry-low
M6|C00003,0.6666666666666666,18,M6,division_gate:mCherry-low
M6|C00004,0.625,16,M6,division_gate:mCherry-low
M6|C00005,0.9166666666666666,12,M6,division_gate:mCherry-low
M6|C00006,0.3333333333333333,12,M6,division_gate:mCherry-low
M6|C00007,0.7272727272727273,11,M6,division_gate:mCherry-low
M6|C00008,0.5,10,M6,division_gate:mCherry-low
M6|C00009,0.4444444444444444,9,M6,division_gate:mCherry-low
M6|C00010,0.5,8,M6,division_gate:mCherry-low
M6|C00011,0.25,8,M6,division_gate:mCherry-low
M6|C00012,0.42857142857142855,7,M6,division_gate:mCherry-low
M6|C00013,0.5714285714285714,7,M6,division_gate:mCherry-low
M6|C00014,0.8571428571428571,7,M6,division_gate:mCherry-low
M6|C00015,1.0,6,M6,division_gate:mCherry-low
M6|C00016,1.0,6,M6,division_gate:mCherry-low
M6|C00017,1.0,5,M6,division_gate:mCherry-low
M6|C00018,0.0,5,M6,division_gate:mCherry-low
M6|C00019,1.0,4,M6,division_gate:mCherry-low
M6|C00020,1.0,4,M6,division_gate:mCherry-low
M6|C00021,0.0,4,M6,division_gate:mCherry-low
M6|C00022,0.5,4,M6,division_gate:mCherry-low
M6|C00023,0.75,4,M6,division_gate:mCherry-low
M6|C00024,0.5,4,M6,division_gate:mCherry-low
M6|C00025,0.6666666666666666,3,M6,division_gate:mCherry-low
M6|C00026,1.0,3,M6,division_gate:mCherry-low
M6|C00027,1.0,3,M6,division_gate:mCherry-low
M6|C00028,0.0,3,M6,division_gate:mCherry-low
M6|C00029,0.6666666666666666,3,M6,division_gate:mCherry-low
M6|C00030,0.3333333333333333,3,M6,division_gate:mCherry-low
M6|C00031,0.0,2,M6,division_gate:mCherry-low
M6|C00032,0.0,2,M6,division_gate:mCherry-low
M6|C00033,0.0,2,M6,division_gate:mCherry-low
M6|C00034,0.0,2,M6,division_gate:mCherry-low
M6|C00035,1.0,2,M6,division_gate:mCherry-low
M6|C00036,0.5,2,M6,division_gate:mCherry-low
M6|C00037,0.0,2,M6,division_gate:mCherry-low
M6|C00038,0.0,2,M6,division_gate:mCherry-low
M6|C00039,1.0,2,M6,division_gate:mCherry-low
M6|C00040,0.5,2,M6,division_gate:mCherry-low
M6|C00041,0.0,2,M6,division_gate:mCherry-low
M6|C00042,0.0,2,M6,division_gate:mCherry-low
M6|C00043,0.0,2,M6,division_gate:mCherry-low
M6|C00044,0.5,2,M6,division_gate:mCherry-low
M6|C00045,0.0,2,M6,division_gate:mCherry-low
M6|C00046,1.0,2,M6,division_gate:mCherry-low
M6|C00047,1.0,2,M6,division_gate:mCherry-low
M7|C00001,0.78,50,M7,division_gate:mCherry-low
M7|C00002,0.9,50,M7,division_gate:mCherry-low
M7|C00003,0.7647058823529411,34,M7,division_gate:mCherry-low
M7|C00004,0.7096774193548387,31,M7,division_gate:mCherry-low
M7|C00005,0.6551724137931034,29,M7,division_gate:mCherry-low
M7|C00006,0.9230769230769231,26,M7,division_gate:mCherry-low
M7|C00007,0.4,20,M7,division_gate:mCherry-low
M7|C00008,0.55,20,M7,division_gate:mCherry-low
M7|C00009,1.0,20,M7,division_gate:mCherry-low
M7|C00010,0.6,20,M7,division_gate:mCherry-low
M7|C00011,0.9,20,M7,division_gate:mCherry-low
M7|C00012,0.5789473684210527,19,M7,division_gate:mCherry-low
M7|C00013,0.9473684210526315,19,M7,division_gate:mCherry-low
M7|C00014,0.5882352941176471,17,M7,division_gate:mCherry-low
M7|C00015,0.9333333333333333,15,M7,division_gate:mCherry-low
M7|C00016,0.8666666666666667,15,M7,division_gate:mCherry-low
M7|C00017,0.3333333333333333,15,M7,division_gate:mCherry-low
M7|C00018,0.3333333333333333,15,M7,division_gate:mCherry-low
M7|C00019,0.38461538461538464,13,M7,division_gate:mCherry-low
M7|C00020,1.0,13,M7,division_gate:mCherry-low
M7|C00021,0.9230769230769231,13,M7,division_gate:mCherry-low
M7|C00022,0.5833333333333334,12,M7,division_gate:mCherry-low
M7|C00023,1.0,11,M7,division_gate:mCherry-low
M7|C00024,0.5,10,M7,division_gate:mCherry-low
M7|C00025,1.0,10,M7,division_gate:mCherry-low
M7|C00026,1.0,9,M7,division_gate:mCherry-low
M7|C00027,0.0,9,M7,division_gate:mCherry-low
M7|C00028,0.875,8,M7,division_gate:mCherry-low
M7|C00029,0.75,8,M7,division_gate:mCherry-low
M7|C00030,0.7142857142857143,7,M7,division_gate:mCherry-low
M7|C00031,1.0,7,M7,division_gate:mCherry-low
M7|C00032,0.16666666666666666,6,M7,division_gate:mCherry-low
M7|C00033,0.8333333333333334,6,M7,division_gate:mCherry-low
M7|C00034,0.3333333333333333,6,M7,division_gate:mCherry-low
M7|C00035,0.5,6,M7,division_gate:mCherry-low
M7|C00036,0.8333333333333334,6,M7,division_gate:mCherry-low
M7|C00037,0.8333333333333334,6,M7,division_gate:mCherry-low
M7|C00038,0.4,5,M7,division_gate:mCherry-low
M7|C00039,1.0,5,M7,division_gate:mCherry-low
M7|C00040,1.0,5,M7,division_gate:mCherry-low
M7|C00041,0.4,5,M7,division_gate:mCherry-low
M7|C00042,1.0,5,M7,division_gate:mCherry-low
M7|C00043,0.6,5,M7,division_gate:mCherry-low
M7|C00044,0.0,5,M7,division_gate:mCherry-low
M7|C00045,0.75,4,M7,division_gate:mCherry-low
M7|C00046,1.0,4,M7,division_gate:mCherry-low
M7|C00047,0.5,4,M7,division_gate:mCherry-low
M7|C00048,1.0,4,M7,division_gate:mCherry-low
M7|C00049,0.75,4,M7,division_gate:mCherry-low
M7|C00050,1.0,4,M7,division_gate:mCherry-low
M7|C00051,0.5,4,M7,division_gate:mCherry-low
M7|C00052,0.3333333333333333,3,M7,division_gate:mCherry-low
M7|C00053,0.6666666666666666,3,M7,division_gate:mCherry-low
M7|C00054,1.0,3,M7,division_gate:mCherry-low
M7|C00055,1.0,3,M7,division_gate:mCherry-low
M7|C00056,1.0,3,M7,division_gate:mCherry-low
M7|C00057,1.0,3,M7,division_gate:mCherry-low
M7|C00058,1.0,3,M7,division_gate:mCherry-low
M7|C00059,0.0,3,M7,division_gate:mCherry-low
M7|C00060,0.3333333333333333,3,M7,division_gate:mCherry-low
M7|C00061,1.0,3,M7,division_gate:mCherry-low
M7|C00062,1.0,3,M7,division_gate:mCherry-low
M7|C00063,0.3333333333333333,3,M7,division_gate:mCherry-low
M7|C00064,1.0,3,M7,division_gate:mCherry-low
M7|C00065,0.0,3,M7,division_gate:mCherry-low
M7|C00066,1.0,3,M7,division_gate:mCherry-low
M7|C00067,0.6666666666666666,3,M7,division_gate:mCherry-low
M7|C00068,0.0,3,M7,division_gate:mCherry-low
M7|C00069,0.0,3,M7,division_gate:mCherry-low
M7|C00070,0.5,2,M7,division_gate:mCherry-low
M7|C00071,1.0,2,M7,division_gate:mCherry-low
M7|C00072,1.0,2,M7,division_gate:mCherry-low
M7|C00073,1.0,2,M7,division_gate:mCherry-low
M7|C00074,0.5,2,M7,division_gate:mCherry-low
M7|C00075,0.0,2,M7,division_gate:mCherry-low
M7|C00076,1.0,2,M7,division_gate:mCherry-low
M7|C00077,1.0,2,M7,division_gate:mCherry-low
M7|C00078,0.0,2,M7,division_gate:mCherry-low
M7|C00079,0.0,2,M7,division_gate:mCherry-low
M7|C00080,0.5,2,M7,division_gate:mCherry-low
M7|C00081,0.0,2,M7,division_gate:mCherry-low
M7|C00082,0.5,2,M7,division_gate:mCherry-low
M7|C00083,0.0,2,M7,division_gate:mCherry-low
M7|C00084,0.0,2,M7,division_gate:mCherry-low
M7|C00085,1.0,2,M7,division_gate:mCherry-low
M7|C00086,0.0,2,M7,division_gate:mCherry-low
M7|C00087,1.0,2,M7,division_gate:mCherry-low
M7|C00088,0.0,2,M7,division_gate:mCherry-low
M7|C00089,0.0,2,M7,division_gate:mCherry-low
M7|C00090,1.0,2,M7,division_gate:mCherry-low
M7|C00091,1.0,2,M7,division_gate:mCherry-low
M7|C00092,0.0,2,M7,division_gate:mCherry-low
M7|C00093,0.5,2,M7,division_gate:mCherry-low
M7|C00094,1.0,2,M7,division_gate:mCherry-low
