setting,decision,n_neighbors,min_dist,spread,random_state,variable,faithfulness,n,lin_r2,p_value,knn_explained_variance,knn_loo_standard_r2,mean_prediction_residual,null_mean_explained_variance,excess_explained_variance
default,primary_retained,15,0.1,1.0,0,division_gate:mCherry-low,0.7278635343219156,381,0.1608485151716292,0.0049751243781094,0.17306034097936485,0.17146844341928025,-0.011586974822936856,-0.0781261843996649,0.2511865253790298
default,primary_retained,15,0.1,1.0,0,zone_gate:DZ,0.7278635343219156,87,0.1278788346093415,0.0149253731343283,0.05645665978907799,0.048655424983742535,0.019321582571491212,-0.1159352183777559,0.172391878166834
default,primary_retained,15,0.1,1.0,0,mutation_frequency,0.7278635343219156,381,0.0328047601483888,0.0149253731343283,0.0017942786379100406,0.0011794228194496048,-0.00022957941827395626,-0.0955809585535153,0.0973752371914253
geometry_sensitivity,sensitivity_high_geometry_faithfulness,15,0.9,1.0,0,division_gate:mCherry-low,0.7843024573771123,381,0.1641474045534371,0.0049751243781094,0.20140497598946194,0.19935676288571802,-0.013143168474212078,-0.0805338075197487,0.2819387835092107
geometry_sensitivity,sensitivity_high_geometry_faithfulness,15,0.9,1.0,0,zone_gate:DZ,0.7843024573771123,87,0.1515675882186745,0.0099502487562189,0.08118091668168625,0.08044007983840862,0.0059541847583618026,-0.1136693641239485,0.1948502808056347
geometry_sensitivity,sensitivity_high_geometry_faithfulness,15,0.9,1.0,0,mutation_frequency,0.7843024573771123,381,0.0369282968357979,0.0149253731343283,0.0008116617532941683,0.000804813166866758,-2.4229629757614615e-05,-0.1054029982469371,0.1062146600002313
continuous_sensitivity,sensitivity_continuous_layout,50,0.5,1.0,0,division_gate:mCherry-low,0.7773493780293644,381,0.1636073060720096,0.0049751243781094,0.1913333362993751,0.19083556243062338,-0.00647930690706795,-0.0847608085891208,0.276094144888496
continuous_sensitivity,sensitivity_continuous_layout,50,0.5,1.0,0,zone_gate:DZ,0.7773493780293644,87,0.1620738130771071,0.0099502487562189,0.09735814456745118,0.09694474315557278,0.004447817898695097,-0.1021142756734482,0.1994724202408994
continuous_sensitivity,sensitivity_continuous_layout,50,0.5,1.0,0,mutation_frequency,0.7773493780293644,381,0.0349767538588083,0.0049751243781094,0.039287805790555574,0.039268261415346006,4.0931456923411994e-05,-0.0994547064267868,0.1387425122173424
