programme,gene,mean_diff,auc,pvalue,fdr,rank
P1,SSR4,2.6859054771176196,0.9747991693989402,0.0,0.0,1
P1,MZB1,2.656715292093281,0.9751771790243007,0.0,0.0,2
P1,DERL3,2.13823422087712,0.9538963223015562,0.0,0.0,3
P1,TXNDC5,2.1155256243839204,0.9548269576927279,0.0,0.0,4
P1,XBP1,2.112587876355179,0.9551777852166479,0.0,0.0,5
P1,FKBP11,1.9620699150163794,0.9553662967633947,0.0,0.0,6
P1,HSP90B1,1.9185977410580628,0.9539013389210498,0.0,0.0,7
P1,SEC11C,1.8657592537889733,0.9524627655586361,0.0,0.0,8
P1,IGLL5,1.7770449975366582,0.8795061102425432,0.0,0.0,9
P1,HERPUD1,1.7473113569658023,0.9396308825950674,0.0,0.0,10
P1,FOS,1.7242380529089747,0.8566529736043533,0.0,0.0,11
P1,PRDX4,1.6631206615537724,0.9337752492336326,0.0,0.0,12
P1,ITM2C,1.5966005135684207,0.924060009348124,0.0,0.0,13
P1,FKBP2,1.5119029546870004,0.9284686523412164,0.0,0.0,14
P1,PPIB,1.4175257835368562,0.9202439991365537,0.0,0.0,15
P1,SPCS1,1.3311766726301453,0.9110419027521385,0.0,0.0,16
P1,C19orf10,1.3191153177101915,0.9121942769229374,0.0,0.0,17
P1,HSPA5,1.2971316638636419,0.8936416635832298,0.0,0.0,18
P1,SSR3,1.2591053015700768,0.8985825090334834,0.0,0.0,19
P1,SEC61B,1.2511448941657826,0.9064304749852881,0.0,0.0,20
P1,SPCS2,1.2422263238070446,0.9092071423899646,0.0,0.0,21
P1,NUCB2,1.2199593920180658,0.9001163771762368,0.0,0.0,22
P1,H1FX,1.1918188193278958,0.8289659777483749,0.0,0.0,23
P1,JUN,1.1859837201644248,0.8228633126094473,0.0,0.0,24
P1,TMEM258,1.181497715012197,0.8919588081385269,0.0,0.0,25
P1,SDF2L1,1.169183510525173,0.8906035232537316,0.0,0.0,26
P1,CITED2,1.1560215980775477,0.8378943850048499,0.0,0.0,27
P1,TMEM59,1.154581360985357,0.884427896736729,0.0,0.0,28
P1,PDIA6,1.1218091834292265,0.8814603249207773,0.0,0.0,29
P1,SPCS3,1.0990581526803291,0.88193570734041,0.0,0.0,30
P1,GSTP1,1.0904977012975472,0.8503779592492652,0.0,0.0,31
P1,MANF,1.0855648705588727,0.8726284718470253,0.0,0.0,32
P1,NPC2,1.0824107635293496,0.8595306870602534,0.0,0.0,33
P1,SELK,1.0667117734451328,0.8678590310611447,0.0,0.0,34
P1,HM13,1.0653733480379874,0.8763354597922776,0.0,0.0,35
P1,CD63,1.0620271028027666,0.8671021092387156,0.0,0.0,36
P1,PDIA4,1.0594897280136426,0.8608664721981466,0.0,0.0,37
P1,FAM46C,1.043035614237778,0.8661534224133827,0.0,0.0,38
P1,KRTCAP2,1.0314893384040407,0.8519257018082751,0.0,0.0,39
P1,HDLBP,1.0255326489963428,0.8689283896248416,0.0,0.0,40
P1,LMAN2,1.0221386501620857,0.8724952480649073,0.0,0.0,41
P1,RPN2,1.0164441951804544,0.8614360579160535,0.0,0.0,42
P1,KDELR1,1.0099879758069144,0.8685673609416166,0.0,0.0,43
P1,SELM,0.9991462893070635,0.8523812066602907,0.0,0.0,44
P1,TNFRSF17,0.9859707521855263,0.8655516589645815,0.0,0.0,45
P1,CALR,0.9859334560126449,0.8359419544799923,0.0,0.0,46
P1,RPN1,0.9808843440743096,0.8647641546542768,0.0,0.0,47
P1,TMED10,0.9772619308996524,0.8602468042454622,0.0,0.0,48
P1,TMED9,0.9750837681091178,0.8617260772948977,0.0,0.0,49
P1,RABAC1,0.9696874428969031,0.8490889609099131,0.0,0.0,50
P2,HLA-DRA,2.7609747377204794,0.992734973130847,0.0,0.0,1
P2,HLA-DPB1,2.080018373514214,0.9823277885857626,0.0,0.0,2
P2,CD52,2.00169354864022,0.9752705766436934,0.0,0.0,3
P2,HLA-DPA1,1.954918214006626,0.9755538463858602,0.0,0.0,4
P2,MS4A1,1.942291666395802,0.9750956632332464,0.0,0.0,5
P2,LTB,1.8658334312662115,0.9252776395361112,0.0,0.0,6
P2,HLA-DRB1,1.8074021471363704,0.9667759529877794,0.0,0.0,7
P2,CD37,1.7745989817743746,0.9732431997667486,0.0,0.0,8
P2,HLA-DRB5,1.6248140849376829,0.9631550015834954,0.0,0.0,9
P2,LAPTM5,1.5696394356512404,0.9468934584043392,0.0,0.0,10
P2,CD74,1.3577551153556655,0.982965761309425,0.0,0.0,11
P2,HLA-DQB1,1.346157395062146,0.9301645075831838,0.0,0.0,12
P2,TMSB4X,1.3096597617183265,0.8753160455845612,0.0,0.0,13
P2,HLA-DQA1,1.3094404123950119,0.9281925530470977,0.0,0.0,14
P2,BTG1,1.2379476960276619,0.9027492245899249,0.0,0.0,15
P2,BANK1,1.223550661526541,0.9391633865689424,0.0,0.0,16
P2,ARHGDIB,1.200246633391757,0.9171506381738025,0.0,0.0,17
P2,TAGLN2,1.157181505079779,0.857040773751175,0.0,0.0,18
P2,PTPRC,1.1514668080216246,0.9140244662614929,0.0,0.0,19
P2,CORO1A,1.1465223292176567,0.9108745670522352,0.0,0.0,20
P2,PTPRCAP,1.1337921972974692,0.898607730473993,0.0,0.0,21
P2,ACTB,1.0546514139647394,0.9065830178909852,0.0,0.0,22
P2,LIMD2,1.035539767102395,0.88936738099906,0.0,0.0,23
P2,COTL1,1.0214633277457996,0.9042017926173923,0.0,0.0,24
P2,RPS29,0.9941097841299933,0.9074078179432656,0.0,0.0,25
P2,FAIM3,0.9868493496221495,0.8900723632287221,0.0,0.0,26
P2,RPS27,0.9317009102965349,0.9329088560125071,0.0,0.0,27
P2,CD69,0.8839279464700753,0.8356798222463516,0.0,0.0,28
P2,SH3BGRL3,0.8641252551295058,0.8415297068773973,0.0,0.0,29
P2,YWHAZ,0.855946201215853,0.846148260417138,0.0,0.0,30
P2,RPSA,0.8526524225579062,0.8727272064626722,0.0,0.0,31
P2,PFN1,0.8416970920696669,0.8531806139940782,0.0,0.0,32
P2,RPL38,0.8242384910479029,0.8456655959221222,0.0,0.0,33
P2,RPS21,0.8096990994458588,0.8902166121240455,0.0,0.0,34
P2,TMSB10,0.788483154350045,0.8263025883866946,0.0,0.0,35
P2,LINC00926,0.7747412556826485,0.8510468413035938,0.0,0.0,36
P2,ZFAS1,0.7717821515390932,0.8383999406817576,0.0,0.0,37
P2,MYL12A,0.7693031758691843,0.8183838292438935,0.0,0.0,38
P2,FAM65B,0.7576529472928342,0.8513121647639587,0.0,0.0,39
P2,BLK,0.7570536494087039,0.8520835029935605,0.0,0.0,40
P2,SELL,0.7512686045561305,0.8090528937751035,0.0,0.0,41
P2,PTMA,0.7505678893764915,0.8622553750873436,0.0,0.0,42
P2,CFL1,0.7461867738159343,0.8193490074248342,0.0,0.0,43
P2,RPL26,0.7446154257753153,0.8228700729413302,0.0,0.0,44
P2,PRKCB,0.7420368454320939,0.8317477014181082,0.0,0.0,45
P2,CD79A,0.7418229565595083,0.7815311646986081,0.0,0.0,46
P2,ZFP36L1,0.7315613233101534,0.8006671040130299,0.0,0.0,47
P2,LCP1,0.7307329466279631,0.8364123271350797,0.0,0.0,48
P2,RPL39,0.7283478290815844,0.9176752778657498,0.0,0.0,49
P2,ARPC3,0.7272702626042242,0.8145242978580082,0.0,0.0,50
P3,LTB,0.050484660029201545,0.5870109546975992,5.482846090387979e-37,1.947324169769464e-34,1
P3,STK38L,0.0009696191351823572,0.4174222473459341,1.7484653413972086e-33,3.02106457501415e-31,2
P3,ABCC1,0.0020842663967718237,0.4185892805726182,1.364331452722753e-32,1.99902391090029e-30,3
P3,MS4A1,0.11433788685767027,0.5797833724050766,2.2814231492212298e-31,2.472057320842597e-29,4
P3,HLA-DRA,0.197135140728669,0.5797138910774357,2.569764017872411e-31,2.649758284880375e-29,5
P3,HLA-DPB1,0.13314314113651976,0.5791853325837633,6.333393338134286e-31,6.229135940106538e-29,6
P3,PACSIN2,0.0008016573624632694,0.4209768672042727,8.343271704118518e-31,7.960975523049207e-29,7
P3,STMN1,0.04583198705378415,0.5784196575559851,2.3150688958081375e-30,2.084540204352313e-28,8
P3,HLA-DQA1,0.09598914733543423,0.5777491742477813,7.129841003674952e-30,5.6272930291967855e-28,9
P3,MINK1,0.0009755452955120428,0.4226211244172455,1.3216275737034392e-29,9.940194210218925e-28,10
P3,PTPRC,0.08594982992959008,0.5770144437185716,2.419141575039926e-29,1.737704729126994e-27,11
P3,DNAJC13,0.0059147092911995,0.4237600890281276,8.661911956787341e-29,5.70882506595273e-27,12
P3,TOB2,0.0015217591288606593,0.4238463079934701,9.975560477372521e-29,6.507526339983932e-27,13
P3,SP2,0.0011820039516311448,0.4240545219057716,1.4020015912431098e-28,8.787251149820785e-27,14
P3,ZNF431,0.0008869401519359561,0.42446862026533355,2.751270223167318e-28,1.6438196763279126e-26,15
P3,FBXO28,0.00026321526002329404,0.424464795341254,2.7342365042500366e-28,1.6438196763279126e-26,16
P3,EXOC2,0.004671170802402699,0.4270302265631947,1.6431666219370952e-26,7.146098104791734e-25,17
P3,HMBOX1,0.007340955894832942,0.4271154389695689,1.878147905686179e-26,8.112837541251177e-25,18
P3,FAIM3,0.05332394548954744,0.5728201412564594,2.0776357575823406e-26,8.914312347801278e-25,19
P3,CD52,0.17268017896205104,0.5722045297914421,5.427373585676884e-26,2.1418024279773037e-24,20
P3,GYLTL1B,0.0011436451464489038,0.4280722739248426,8.336135627730694e-26,3.172197325481091e-24,21
P3,CHFR,0.0016116803986492626,0.42832391366691963,1.2296632685251563e-25,4.54406778941117e-24,22
P3,FYN,0.0006116191409076543,0.4284723954941589,1.5457091427356772e-25,5.614612812221127e-24,23
P3,HIST2H2AC,0.002755056733339819,0.5714513648536986,1.7380296270807733e-25,6.2775273479815726e-24,24
P3,ACADSB,0.0023593326278766808,0.42900078143486536,3.475378521090232e-25,1.1755605759433784e-23,25
P3,OXSR1,0.006099651187410722,0.4290302879920506,3.635600978544113e-25,1.2192332703747726e-23,26
P3,DYRK2,0.00496717633011003,0.42928071986336563,5.325817651968914e-25,1.7283224491897088e-23,27
P3,SELL,0.05412930363602156,0.5703354648226047,9.536564004773017e-25,3.003312989286399e-23,28
P3,PPM1D,0.0050004840270866,0.43005298066267933,1.7142460143457288e-24,5.2688340239001174e-23,29
P3,NUDT1,0.013929432206217646,0.5698646252960577,1.9405111583021246e-24,5.851739544823341e-23,30
P3,HLA-DRB1,0.15313394478774553,0.5695283483241599,3.213816044059852e-24,9.131522653188726e-23,31
P3,KIAA0196,0.0007175293426494019,0.4308907828302437,6.0070027312667905e-24,1.6688035370717214e-22,32
P3,ARAP1,0.0008398158872826994,0.43147720408518,1.432219145302451e-23,3.767974072394473e-22,33
P3,MYSM1,5.2199593865096374e-05,0.4318097136506536,2.336533167426228e-23,6.023167959417693e-22,34
P3,TUBG1,0.00015002573864983035,0.5680049069462116,3.0664692438105586e-23,7.84157515027236e-22,35
P3,ZBTB4,0.0001701758192174073,0.43201398760356485,3.1524971321618915e-23,8.029447874864929e-22,36
P3,USP42,0.0020990280919658756,0.4321190148422009,3.67610265089271e-23,9.289060967255769e-22,37
P3,VGLL4,0.005183692009706113,0.4322986137209747,4.7782402008642435e-23,1.184003473028105e-21,38
P3,HIST1H2AG,0.008070349676594092,0.5676443000061083,5.1928212566625406e-23,1.2670880264825812e-21,39
P3,HECTD3,0.0026715227339548222,0.4327552751454823,9.278894262426536e-23,2.188928819914865e-21,40
P3,COTL1,0.05249743460791707,0.5670937697680992,1.1543913617347902e-22,2.6934394071425235e-21,41
P3,HLA-DRB5,0.09438787165931059,0.5666132097578012,2.306401801926015e-22,5.220633263834591e-21,42
P3,NUP133,0.0011508567116203725,0.4335813724701866,3.048179205775392e-22,6.766322799486834e-21,43
P3,SPN,0.015879443269914167,0.5662402652806292,3.933199583568502e-22,8.611282512929257e-21,44
P3,RPS6KA3,0.0001754224757647381,0.4337629557080694,3.95132270186363e-22,8.621435506148187e-21,45
P3,TBK1,8.70372248808521e-05,0.4338511015148655,4.480663817363643e-22,9.710130096408734e-21,46
P3,XPO6,0.0029881577255946243,0.4339391610451786,5.079461295564005e-22,1.0860533800180833e-20,47
P3,IRF8,0.03848632529850454,0.5659271104061747,6.14339904226716e-22,1.2919325683294063e-20,48
P3,KLHL14,0.011473243620659188,0.5658532577367286,6.822602111028792e-22,1.4207457751077222e-20,49
P3,SLC2A6,0.0017958394228604745,0.43415887848854645,6.941112382173182e-22,1.440731540884193e-20,50
