dataset,threshold,auto,n_clones,icc,null,n_clones_tested,ari
mouse_np,0.06,False,1662,0.09191587097753837,0.005011139602727993,364,
mouse_np,0.08,False,1588,0.09013512317452237,0.004942672910071742,368,
mouse_np,0.1,False,1556,0.09277182337893668,0.004960691065378768,372,
mouse_np,0.12,False,1548,0.09342758343888335,0.004970586316337897,373,
mouse_np,0.14,False,1543,0.0922211574801163,0.004946571960002375,374,
mouse_np,0.16,False,1536,0.09282714696518063,0.0049703412810917814,373,
mouse_np,0.161,True,1536,0.09282714696518063,0.0049703412810917814,373,
mouse_np,0.18,False,1528,0.09291815271831422,0.004950435190020568,372,
mouse_np,0.2,False,1518,0.0927992449449936,0.0048714062723419944,370,
mouse_np,0.24,False,1492,0.08936673224220452,0.004818881151465137,364,
mouse_rbd,0.06,False,6369,0.14458702381987637,0.0060395842408715265,1385,
mouse_rbd,0.08,False,6235,0.14354293953975644,0.006070554811648963,1392,
mouse_rbd,0.1,False,6191,0.14347555201445833,0.0060337313402092484,1399,
mouse_rbd,0.12,False,6148,0.14464004704886774,0.006057197057915991,1412,
mouse_rbd,0.14,False,6121,0.14503091890921657,0.0060596520383542395,1414,
mouse_rbd,0.142,True,6121,0.14503091890921657,0.0060596520383542395,1414,
mouse_rbd,0.16,False,6091,0.14475395509127434,0.00605922074394878,1415,
mouse_rbd,0.18,False,6051,0.14530632748397057,0.0060759573579691984,1420,
mouse_rbd,0.2,False,6004,0.1469773321937438,0.006147614126523699,1440,
mouse_rbd,0.24,False,5844,0.15089682304225865,0.006164446773227227,1493,
flu_lung,0.06,False,1180,0.12195767378746943,0.0162102674791914,119,
flu_lung,0.08,False,1140,0.1156603302548116,0.016023018100346433,115,
flu_lung,0.1,False,1127,0.11468940029747939,0.016074610164133345,112,
flu_lung,0.12,False,1118,0.11179107930943115,0.01603530775717497,113,
flu_lung,0.14,False,1112,0.11362882139461841,0.015845792703469162,114,
flu_lung,0.16,False,1109,0.11798475508847865,0.015868877287283957,116,
flu_lung,0.18,False,1104,0.11866484353094368,0.015397458083823876,114,
flu_lung,0.2,False,1101,0.11751986916307869,0.015310823140574041,114,
flu_lung,0.209,True,1100,0.11711515835143906,0.015306706490019632,114,
flu_lung,0.24,False,1098,0.11953471635359848,0.015291350601509067,115,
malaria,0.06,False,20413,0.6968753092856149,0.06035465388227967,579,
malaria,0.08,False,20372,0.6758935112794118,0.05940664141813881,610,
malaria,0.1,False,20310,0.6530836287082414,0.05932730953437321,658,
malaria,0.12,False,20237,0.6308721934107265,0.059422804750712564,705,
malaria,0.14,False,20141,0.6078528662477568,0.05730979457500954,777,
malaria,0.15,True,20100,0.5944120507268975,0.05746593863797242,801,
malaria,0.16,False,20009,0.5604575432901644,0.05579759605580323,864,
malaria,0.18,False,19797,0.5169129343295205,0.05490654918478697,998,
malaria,0.2,False,19560,0.4882201754050778,0.05560108055517204,1160,
malaria,0.24,False,18886,0.41310282141209953,0.05889419792488411,1588,
bone_marrow_pc,0.06,False,66062,0.4495665036468138,0.027058115136667674,8582,
bone_marrow_pc,0.08,False,64535,0.43646652236149486,0.026360886077816885,9016,
bone_marrow_pc,0.1,False,63403,0.42691971284038954,0.026162445956058215,9365,
bone_marrow_pc,0.12,False,62521,0.4189207595004205,0.02595633910138686,9623,
bone_marrow_pc,0.14,False,61768,0.41303993058181315,0.02579041281619116,9859,
bone_marrow_pc,0.16,False,61138,0.4072149445896866,0.02565942968426441,10057,
bone_marrow_pc,0.179,True,60696,0.40208769615874923,0.025554323689534406,10218,
bone_marrow_pc,0.18,False,60650,0.4015260006150819,0.02553994406591407,10227,
bone_marrow_pc,0.2,False,60110,0.39502602790444186,0.02542672949409338,10391,
bone_marrow_pc,0.24,False,58751,0.3764061203758419,0.02520426831142323,10817,
ln_vaccine,0.06,False,95838,0.29041422675540934,0.001186612439600878,8201,0.7801293382672068
ln_vaccine,0.08,False,94730,0.28944459189266225,0.001070838232445432,8245,0.799667937799039
ln_vaccine,0.1,False,94111,0.2883832390024651,0.0010115395138773206,8356,0.8220004034114096
ln_vaccine,0.118,True,93627,0.287509088209336,0.0010149295459038418,8435,0.9054921422694417
ln_vaccine,0.12,False,93583,0.28755663665325826,0.0010012187494873317,8457,0.9055596208083488
ln_vaccine,0.14,False,93048,0.2865105291458454,0.0009272976556429796,8555,0.9577865285604603
ln_vaccine,0.16,False,92354,0.2855775929247691,0.0007805268518261975,8755,0.9756914988944292
ln_vaccine,0.18,False,91491,0.2852641148227526,0.00060486149270327,9073,0.9472045648787204
ln_vaccine,0.2,False,90285,0.2860481422441705,0.00043551675915055524,9538,0.931986346508994
ln_vaccine,0.24,False,86089,0.28605018063853216,0.00030639699303720245,10778,0.888610550244127
flu,0.06,False,81088,0.5754544555887644,0.024971660906783974,1800,0.8812581836272204
flu,0.08,False,80862,0.5668960896305445,0.024551673747855437,1908,0.9319032196448266
flu,0.097,True,80700,0.5581213541918038,0.024199479749067523,1997,0.9540193763567806
flu,0.1,False,80664,0.5569390193599741,0.024221254193245268,2014,0.9581405908450067
flu,0.12,False,80474,0.5481740841015531,0.024438739739269574,2140,0.9670596010313669
flu,0.14,False,80198,0.5362770819008253,0.024577986902902436,2336,0.926248686133239
flu,0.16,False,79771,0.5195561237299728,0.025527922236440417,2661,0.9038020854352604
flu,0.18,False,79142,0.49792094356267225,0.02645574335293328,3093,0.8695778533110958
flu,0.2,False,78004,0.46271006750163696,0.0278801799922073,3819,0.798710627825974
flu,0.24,False,73677,0.3719698584461554,0.030209176126413818,5555,0.5160674661708943
