dataset,bin_left,bin_right,count
mouse_np,0.0,0.01,1832
mouse_np,0.01,0.02,115
mouse_np,0.02,0.03,375
mouse_np,0.03,0.04,82
mouse_np,0.04,0.05,124
mouse_np,0.05,0.06,68
mouse_np,0.06,0.07,42
mouse_np,0.07,0.08,36
mouse_np,0.08,0.09,18
mouse_np,0.09,0.1,16
mouse_np,0.1,0.11,5
mouse_np,0.11,0.12,6
mouse_np,0.12,0.13,3
mouse_np,0.13,0.14,3
mouse_np,0.14,0.15,2
mouse_np,0.15,0.16,4
mouse_np,0.16,0.17,3
mouse_np,0.17,0.18,4
mouse_np,0.18,0.19,2
mouse_np,0.19,0.2,6
mouse_np,0.2,0.21,5
mouse_np,0.21,0.22,1
mouse_np,0.22,0.23,7
mouse_np,0.23,0.24,7
mouse_np,0.24,0.25,10
mouse_np,0.25,0.26,10
mouse_np,0.26,0.27,14
mouse_np,0.27,0.28,13
mouse_np,0.28,0.29,11
mouse_np,0.29,0.3,5
mouse_np,0.3,0.31,10
mouse_np,0.31,0.32,8
mouse_np,0.32,0.33,0
mouse_np,0.33,0.34,26
mouse_np,0.34,0.35000000000000003,0
mouse_np,0.35000000000000003,0.36,25
mouse_np,0.36,0.37,3
mouse_np,0.37,0.38,9
mouse_np,0.38,0.39,11
mouse_np,0.39,0.4,4
mouse_np,0.4,0.41000000000000003,6
mouse_np,0.41000000000000003,0.42,8
mouse_np,0.42,0.43,6
mouse_np,0.43,0.44,2
mouse_np,0.44,0.45,4
mouse_np,0.45,0.46,7
mouse_np,0.46,0.47000000000000003,4
mouse_np,0.47000000000000003,0.48,4
mouse_np,0.48,0.49,0
mouse_np,0.49,0.5,0
mouse_np,0.5,0.51,0
mouse_np,0.51,0.52,4
mouse_np,0.52,0.53,3
mouse_np,0.53,0.54,0
mouse_np,0.54,0.55,0
mouse_np,0.55,0.56,0
mouse_np,0.56,0.5700000000000001,1
mouse_np,0.5700000000000001,0.58,0
mouse_np,0.58,0.59,0
mouse_np,0.59,0.6,1
mouse_np,0.6,0.61,0
mouse_np,0.61,0.62,0
mouse_np,0.62,0.63,0
mouse_np,0.63,0.64,0
mouse_np,0.64,0.65,0
mouse_np,0.65,0.66,0
mouse_np,0.66,0.67,0
mouse_np,0.67,0.68,0
mouse_np,0.68,0.6900000000000001,0
mouse_np,0.6900000000000001,0.7000000000000001,0
mouse_np,0.7000000000000001,0.71,0
mouse_np,0.71,0.72,0
mouse_np,0.72,0.73,0
mouse_np,0.73,0.74,0
mouse_np,0.74,0.75,0
mouse_np,0.75,0.76,0
mouse_np,0.76,0.77,0
mouse_np,0.77,0.78,0
mouse_np,0.78,0.79,0
mouse_np,0.79,0.8,0
mouse_np,0.8,0.81,0
mouse_np,0.81,0.8200000000000001,0
mouse_np,0.8200000000000001,0.8300000000000001,0
mouse_np,0.8300000000000001,0.84,0
mouse_np,0.84,0.85,0
mouse_np,0.85,0.86,0
mouse_np,0.86,0.87,0
mouse_np,0.87,0.88,0
mouse_np,0.88,0.89,0
mouse_np,0.89,0.9,0
mouse_np,0.9,0.91,0
mouse_np,0.91,0.92,0
mouse_np,0.92,0.93,0
mouse_np,0.93,0.9400000000000001,0
mouse_np,0.9400000000000001,0.9500000000000001,0
mouse_np,0.9500000000000001,0.96,0
mouse_np,0.96,0.97,0
mouse_np,0.97,0.98,0
mouse_np,0.98,0.99,0
mouse_np,0.99,1.0,0
mouse_rbd,0.0,0.01,9160
mouse_rbd,0.01,0.02,429
mouse_rbd,0.02,0.03,1211
mouse_rbd,0.03,0.04,388
mouse_rbd,0.04,0.05,324
mouse_rbd,0.05,0.06,171
mouse_rbd,0.06,0.07,81
mouse_rbd,0.07,0.08,60
mouse_rbd,0.08,0.09,25
mouse_rbd,0.09,0.1,24
mouse_rbd,0.1,0.11,19
mouse_rbd,0.11,0.12,39
mouse_rbd,0.12,0.13,18
mouse_rbd,0.13,0.14,11
mouse_rbd,0.14,0.15,11
mouse_rbd,0.15,0.16,20
mouse_rbd,0.16,0.17,17
mouse_rbd,0.17,0.18,28
mouse_rbd,0.18,0.19,12
mouse_rbd,0.19,0.2,39
mouse_rbd,0.2,0.21,61
mouse_rbd,0.21,0.22,39
mouse_rbd,0.22,0.23,55
mouse_rbd,0.23,0.24,74
mouse_rbd,0.24,0.25,35
mouse_rbd,0.25,0.26,93
mouse_rbd,0.26,0.27,64
mouse_rbd,0.27,0.28,95
mouse_rbd,0.28,0.29,110
mouse_rbd,0.29,0.3,43
mouse_rbd,0.3,0.31,130
mouse_rbd,0.31,0.32,70
mouse_rbd,0.32,0.33,0
mouse_rbd,0.33,0.34,174
mouse_rbd,0.34,0.35000000000000003,0
mouse_rbd,0.35000000000000003,0.36,128
mouse_rbd,0.36,0.37,40
mouse_rbd,0.37,0.38,72
mouse_rbd,0.38,0.39,54
mouse_rbd,0.39,0.4,40
mouse_rbd,0.4,0.41000000000000003,59
mouse_rbd,0.41000000000000003,0.42,47
mouse_rbd,0.42,0.43,49
mouse_rbd,0.43,0.44,28
mouse_rbd,0.44,0.45,20
mouse_rbd,0.45,0.46,41
mouse_rbd,0.46,0.47000000000000003,17
mouse_rbd,0.47000000000000003,0.48,11
mouse_rbd,0.48,0.49,27
mouse_rbd,0.49,0.5,2
mouse_rbd,0.5,0.51,15
mouse_rbd,0.51,0.52,9
mouse_rbd,0.52,0.53,5
mouse_rbd,0.53,0.54,9
mouse_rbd,0.54,0.55,4
mouse_rbd,0.55,0.56,0
mouse_rbd,0.56,0.5700000000000001,4
mouse_rbd,0.5700000000000001,0.58,4
mouse_rbd,0.58,0.59,0
mouse_rbd,0.59,0.6,0
mouse_rbd,0.6,0.61,0
mouse_rbd,0.61,0.62,2
mouse_rbd,0.62,0.63,0
mouse_rbd,0.63,0.64,0
mouse_rbd,0.64,0.65,0
mouse_rbd,0.65,0.66,0
mouse_rbd,0.66,0.67,2
mouse_rbd,0.67,0.68,0
mouse_rbd,0.68,0.6900000000000001,0
mouse_rbd,0.6900000000000001,0.7000000000000001,0
mouse_rbd,0.7000000000000001,0.71,0
mouse_rbd,0.71,0.72,0
mouse_rbd,0.72,0.73,0
mouse_rbd,0.73,0.74,0
mouse_rbd,0.74,0.75,0
mouse_rbd,0.75,0.76,0
mouse_rbd,0.76,0.77,0
mouse_rbd,0.77,0.78,0
mouse_rbd,0.78,0.79,0
mouse_rbd,0.79,0.8,0
mouse_rbd,0.8,0.81,0
mouse_rbd,0.81,0.8200000000000001,0
mouse_rbd,0.8200000000000001,0.8300000000000001,0
mouse_rbd,0.8300000000000001,0.84,0
mouse_rbd,0.84,0.85,0
mouse_rbd,0.85,0.86,0
mouse_rbd,0.86,0.87,0
mouse_rbd,0.87,0.88,0
mouse_rbd,0.88,0.89,0
mouse_rbd,0.89,0.9,0
mouse_rbd,0.9,0.91,0
mouse_rbd,0.91,0.92,0
mouse_rbd,0.92,0.93,0
mouse_rbd,0.93,0.9400000000000001,0
mouse_rbd,0.9400000000000001,0.9500000000000001,0
mouse_rbd,0.9500000000000001,0.96,0
mouse_rbd,0.96,0.97,0
mouse_rbd,0.97,0.98,0
mouse_rbd,0.98,0.99,0
mouse_rbd,0.99,1.0,0
flu_lung,0.0,0.01,746
flu_lung,0.01,0.02,44
flu_lung,0.02,0.03,166
flu_lung,0.03,0.04,35
flu_lung,0.04,0.05,52
flu_lung,0.05,0.06,11
flu_lung,0.06,0.07,32
flu_lung,0.07,0.08,4
flu_lung,0.08,0.09,4
flu_lung,0.09,0.1,5
flu_lung,0.1,0.11,7
flu_lung,0.11,0.12,4
flu_lung,0.12,0.13,2
flu_lung,0.13,0.14,5
flu_lung,0.14,0.15,1
flu_lung,0.15,0.16,4
flu_lung,0.16,0.17,1
flu_lung,0.17,0.18,2
flu_lung,0.18,0.19,1
flu_lung,0.19,0.2,2
flu_lung,0.2,0.21,1
flu_lung,0.21,0.22,0
flu_lung,0.22,0.23,1
flu_lung,0.23,0.24,2
flu_lung,0.24,0.25,0
flu_lung,0.25,0.26,4
flu_lung,0.26,0.27,2
flu_lung,0.27,0.28,4
flu_lung,0.28,0.29,7
flu_lung,0.29,0.3,1
flu_lung,0.3,0.31,8
flu_lung,0.31,0.32,3
flu_lung,0.32,0.33,0
flu_lung,0.33,0.34,6
flu_lung,0.34,0.35000000000000003,0
flu_lung,0.35000000000000003,0.36,7
flu_lung,0.36,0.37,2
flu_lung,0.37,0.38,2
flu_lung,0.38,0.39,4
flu_lung,0.39,0.4,2
flu_lung,0.4,0.41000000000000003,0
flu_lung,0.41000000000000003,0.42,3
flu_lung,0.42,0.43,0
flu_lung,0.43,0.44,2
flu_lung,0.44,0.45,0
flu_lung,0.45,0.46,2
flu_lung,0.46,0.47000000000000003,2
flu_lung,0.47000000000000003,0.48,0
flu_lung,0.48,0.49,0
flu_lung,0.49,0.5,2
flu_lung,0.5,0.51,0
flu_lung,0.51,0.52,0
flu_lung,0.52,0.53,0
flu_lung,0.53,0.54,2
flu_lung,0.54,0.55,0
flu_lung,0.55,0.56,0
flu_lung,0.56,0.5700000000000001,0
flu_lung,0.5700000000000001,0.58,0
flu_lung,0.58,0.59,0
flu_lung,0.59,0.6,0
flu_lung,0.6,0.61,0
flu_lung,0.61,0.62,0
flu_lung,0.62,0.63,0
flu_lung,0.63,0.64,0
flu_lung,0.64,0.65,0
flu_lung,0.65,0.66,0
flu_lung,0.66,0.67,0
flu_lung,0.67,0.68,0
flu_lung,0.68,0.6900000000000001,0
flu_lung,0.6900000000000001,0.7000000000000001,0
flu_lung,0.7000000000000001,0.71,0
flu_lung,0.71,0.72,0
flu_lung,0.72,0.73,0
flu_lung,0.73,0.74,0
flu_lung,0.74,0.75,0
flu_lung,0.75,0.76,0
flu_lung,0.76,0.77,0
flu_lung,0.77,0.78,0
flu_lung,0.78,0.79,0
flu_lung,0.79,0.8,0
flu_lung,0.8,0.81,0
flu_lung,0.81,0.8200000000000001,0
flu_lung,0.8200000000000001,0.8300000000000001,0
flu_lung,0.8300000000000001,0.84,0
flu_lung,0.84,0.85,0
flu_lung,0.85,0.86,0
flu_lung,0.86,0.87,0
flu_lung,0.87,0.88,0
flu_lung,0.88,0.89,0
flu_lung,0.89,0.9,0
flu_lung,0.9,0.91,0
flu_lung,0.91,0.92,0
flu_lung,0.92,0.93,0
flu_lung,0.93,0.9400000000000001,0
flu_lung,0.9400000000000001,0.9500000000000001,0
flu_lung,0.9500000000000001,0.96,0
flu_lung,0.96,0.97,0
flu_lung,0.97,0.98,0
flu_lung,0.98,0.99,0
flu_lung,0.99,1.0,0
malaria,0.0,0.01,1209
malaria,0.01,0.02,0
malaria,0.02,0.03,40
malaria,0.03,0.04,21
malaria,0.04,0.05,22
malaria,0.05,0.06,19
malaria,0.06,0.07,31
malaria,0.07,0.08,41
malaria,0.08,0.09,41
malaria,0.09,0.1,55
malaria,0.1,0.11,66
malaria,0.11,0.12,68
malaria,0.12,0.13,95
malaria,0.13,0.14,73
malaria,0.14,0.15,65
malaria,0.15,0.16,154
malaria,0.16,0.17,159
malaria,0.17,0.18,187
malaria,0.18,0.19,103
malaria,0.19,0.2,217
malaria,0.2,0.21,267
malaria,0.21,0.22,216
malaria,0.22,0.23,298
malaria,0.23,0.24,400
malaria,0.24,0.25,207
malaria,0.25,0.26,497
malaria,0.26,0.27,363
malaria,0.27,0.28,406
malaria,0.28,0.29,549
malaria,0.29,0.3,225
malaria,0.3,0.31,582
malaria,0.31,0.32,358
malaria,0.32,0.33,0
malaria,0.33,0.34,872
malaria,0.34,0.35000000000000003,3
malaria,0.35000000000000003,0.36,618
malaria,0.36,0.37,176
malaria,0.37,0.38,307
malaria,0.38,0.39,317
malaria,0.39,0.4,150
malaria,0.4,0.41000000000000003,252
malaria,0.41000000000000003,0.42,184
malaria,0.42,0.43,193
malaria,0.43,0.44,123
malaria,0.44,0.45,86
malaria,0.45,0.46,95
malaria,0.46,0.47000000000000003,86
malaria,0.47000000000000003,0.48,71
malaria,0.48,0.49,43
malaria,0.49,0.5,7
malaria,0.5,0.51,77
malaria,0.51,0.52,41
malaria,0.52,0.53,35
malaria,0.53,0.54,15
malaria,0.54,0.55,5
malaria,0.55,0.56,10
malaria,0.56,0.5700000000000001,9
malaria,0.5700000000000001,0.58,8
malaria,0.58,0.59,6
malaria,0.59,0.6,2
malaria,0.6,0.61,0
malaria,0.61,0.62,2
malaria,0.62,0.63,2
malaria,0.63,0.64,0
malaria,0.64,0.65,0
malaria,0.65,0.66,0
malaria,0.66,0.67,2
malaria,0.67,0.68,0
malaria,0.68,0.6900000000000001,0
malaria,0.6900000000000001,0.7000000000000001,0
malaria,0.7000000000000001,0.71,0
malaria,0.71,0.72,0
malaria,0.72,0.73,0
malaria,0.73,0.74,0
malaria,0.74,0.75,0
malaria,0.75,0.76,0
malaria,0.76,0.77,0
malaria,0.77,0.78,0
malaria,0.78,0.79,0
malaria,0.79,0.8,0
malaria,0.8,0.81,0
malaria,0.81,0.8200000000000001,0
malaria,0.8200000000000001,0.8300000000000001,0
malaria,0.8300000000000001,0.84,0
malaria,0.84,0.85,0
malaria,0.85,0.86,0
malaria,0.86,0.87,0
malaria,0.87,0.88,0
malaria,0.88,0.89,0
malaria,0.89,0.9,0
malaria,0.9,0.91,0
malaria,0.91,0.92,0
malaria,0.92,0.93,0
malaria,0.93,0.9400000000000001,0
malaria,0.9400000000000001,0.9500000000000001,0
malaria,0.9500000000000001,0.96,0
malaria,0.96,0.97,0
malaria,0.97,0.98,0
malaria,0.98,0.99,0
malaria,0.99,1.0,0
bone_marrow_pc,0.0,0.01,18795
bone_marrow_pc,0.01,0.02,1825
bone_marrow_pc,0.02,0.03,1715
bone_marrow_pc,0.03,0.04,1472
bone_marrow_pc,0.04,0.05,1144
bone_marrow_pc,0.05,0.06,1224
bone_marrow_pc,0.06,0.07,971
bone_marrow_pc,0.07,0.08,964
bone_marrow_pc,0.08,0.09,762
bone_marrow_pc,0.09,0.1,629
bone_marrow_pc,0.1,0.11,512
bone_marrow_pc,0.11,0.12,723
bone_marrow_pc,0.12,0.13,566
bone_marrow_pc,0.13,0.14,444
bone_marrow_pc,0.14,0.15,400
bone_marrow_pc,0.15,0.16,415
bone_marrow_pc,0.16,0.17,372
bone_marrow_pc,0.17,0.18,299
bone_marrow_pc,0.18,0.19,240
bone_marrow_pc,0.19,0.2,290
bone_marrow_pc,0.2,0.21,470
bone_marrow_pc,0.21,0.22,347
bone_marrow_pc,0.22,0.23,563
bone_marrow_pc,0.23,0.24,575
bone_marrow_pc,0.24,0.25,438
bone_marrow_pc,0.25,0.26,1007
bone_marrow_pc,0.26,0.27,918
bone_marrow_pc,0.27,0.28,1117
bone_marrow_pc,0.28,0.29,1621
bone_marrow_pc,0.29,0.3,1374
bone_marrow_pc,0.3,0.31,1508
bone_marrow_pc,0.31,0.32,2796
bone_marrow_pc,0.32,0.33,18
bone_marrow_pc,0.33,0.34,4454
bone_marrow_pc,0.34,0.35000000000000003,678
bone_marrow_pc,0.35000000000000003,0.36,3500
bone_marrow_pc,0.36,0.37,1573
bone_marrow_pc,0.37,0.38,2663
bone_marrow_pc,0.38,0.39,2343
bone_marrow_pc,0.39,0.4,1581
bone_marrow_pc,0.4,0.41000000000000003,2307
bone_marrow_pc,0.41000000000000003,0.42,1809
bone_marrow_pc,0.42,0.43,1801
bone_marrow_pc,0.43,0.44,1672
bone_marrow_pc,0.44,0.45,1014
bone_marrow_pc,0.45,0.46,1340
bone_marrow_pc,0.46,0.47000000000000003,1121
bone_marrow_pc,0.47000000000000003,0.48,900
bone_marrow_pc,0.48,0.49,652
bone_marrow_pc,0.49,0.5,393
bone_marrow_pc,0.5,0.51,869
bone_marrow_pc,0.51,0.52,385
bone_marrow_pc,0.52,0.53,366
bone_marrow_pc,0.53,0.54,359
bone_marrow_pc,0.54,0.55,231
bone_marrow_pc,0.55,0.56,197
bone_marrow_pc,0.56,0.5700000000000001,206
bone_marrow_pc,0.5700000000000001,0.58,119
bone_marrow_pc,0.58,0.59,94
bone_marrow_pc,0.59,0.6,63
bone_marrow_pc,0.6,0.61,82
bone_marrow_pc,0.61,0.62,53
bone_marrow_pc,0.62,0.63,49
bone_marrow_pc,0.63,0.64,24
bone_marrow_pc,0.64,0.65,22
bone_marrow_pc,0.65,0.66,18
bone_marrow_pc,0.66,0.67,21
bone_marrow_pc,0.67,0.68,3
bone_marrow_pc,0.68,0.6900000000000001,4
bone_marrow_pc,0.6900000000000001,0.7000000000000001,5
bone_marrow_pc,0.7000000000000001,0.71,2
bone_marrow_pc,0.71,0.72,1
bone_marrow_pc,0.72,0.73,0
bone_marrow_pc,0.73,0.74,0
bone_marrow_pc,0.74,0.75,2
bone_marrow_pc,0.75,0.76,0
bone_marrow_pc,0.76,0.77,1
bone_marrow_pc,0.77,0.78,0
bone_marrow_pc,0.78,0.79,0
bone_marrow_pc,0.79,0.8,0
bone_marrow_pc,0.8,0.81,0
bone_marrow_pc,0.81,0.8200000000000001,0
bone_marrow_pc,0.8200000000000001,0.8300000000000001,0
bone_marrow_pc,0.8300000000000001,0.84,0
bone_marrow_pc,0.84,0.85,0
bone_marrow_pc,0.85,0.86,0
bone_marrow_pc,0.86,0.87,0
bone_marrow_pc,0.87,0.88,0
bone_marrow_pc,0.88,0.89,0
bone_marrow_pc,0.89,0.9,0
bone_marrow_pc,0.9,0.91,0
bone_marrow_pc,0.91,0.92,0
bone_marrow_pc,0.92,0.93,0
bone_marrow_pc,0.93,0.9400000000000001,0
bone_marrow_pc,0.9400000000000001,0.9500000000000001,0
bone_marrow_pc,0.9500000000000001,0.96,0
bone_marrow_pc,0.96,0.97,0
bone_marrow_pc,0.97,0.98,0
bone_marrow_pc,0.98,0.99,0
bone_marrow_pc,0.99,1.0,0
ln_vaccine,0.0,0.01,50435
ln_vaccine,0.01,0.02,6041
ln_vaccine,0.02,0.03,4543
ln_vaccine,0.03,0.04,1864
ln_vaccine,0.04,0.05,1608
ln_vaccine,0.05,0.06,921
ln_vaccine,0.06,0.07,579
ln_vaccine,0.07,0.08,568
ln_vaccine,0.08,0.09,388
ln_vaccine,0.09,0.1,286
ln_vaccine,0.1,0.11,303
ln_vaccine,0.11,0.12,387
ln_vaccine,0.12,0.13,340
ln_vaccine,0.13,0.14,293
ln_vaccine,0.14,0.15,376
ln_vaccine,0.15,0.16,510
ln_vaccine,0.16,0.17,608
ln_vaccine,0.17,0.18,581
ln_vaccine,0.18,0.19,547
ln_vaccine,0.19,0.2,726
ln_vaccine,0.2,0.21,1286
ln_vaccine,0.21,0.22,1115
ln_vaccine,0.22,0.23,1607
ln_vaccine,0.23,0.24,1811
ln_vaccine,0.24,0.25,1351
ln_vaccine,0.25,0.26,2865
ln_vaccine,0.26,0.27,2542
ln_vaccine,0.27,0.28,2744
ln_vaccine,0.28,0.29,3605
ln_vaccine,0.29,0.3,3004
ln_vaccine,0.3,0.31,3158
ln_vaccine,0.31,0.32,5258
ln_vaccine,0.32,0.33,187
ln_vaccine,0.33,0.34,7418
ln_vaccine,0.34,0.35000000000000003,1594
ln_vaccine,0.35000000000000003,0.36,5042
ln_vaccine,0.36,0.37,2713
ln_vaccine,0.37,0.38,3628
ln_vaccine,0.38,0.39,3363
ln_vaccine,0.39,0.4,2158
ln_vaccine,0.4,0.41000000000000003,2952
ln_vaccine,0.41000000000000003,0.42,2227
ln_vaccine,0.42,0.43,2233
ln_vaccine,0.43,0.44,1990
ln_vaccine,0.44,0.45,1166
ln_vaccine,0.45,0.46,1431
ln_vaccine,0.46,0.47000000000000003,1270
ln_vaccine,0.47000000000000003,0.48,941
ln_vaccine,0.48,0.49,690
ln_vaccine,0.49,0.5,445
ln_vaccine,0.5,0.51,834
ln_vaccine,0.51,0.52,417
ln_vaccine,0.52,0.53,377
ln_vaccine,0.53,0.54,299
ln_vaccine,0.54,0.55,232
ln_vaccine,0.55,0.56,197
ln_vaccine,0.56,0.5700000000000001,169
ln_vaccine,0.5700000000000001,0.58,117
ln_vaccine,0.58,0.59,76
ln_vaccine,0.59,0.6,26
ln_vaccine,0.6,0.61,49
ln_vaccine,0.61,0.62,41
ln_vaccine,0.62,0.63,27
ln_vaccine,0.63,0.64,17
ln_vaccine,0.64,0.65,14
ln_vaccine,0.65,0.66,10
ln_vaccine,0.66,0.67,13
ln_vaccine,0.67,0.68,0
ln_vaccine,0.68,0.6900000000000001,2
ln_vaccine,0.6900000000000001,0.7000000000000001,2
ln_vaccine,0.7000000000000001,0.71,5
ln_vaccine,0.71,0.72,1
ln_vaccine,0.72,0.73,4
ln_vaccine,0.73,0.74,0
ln_vaccine,0.74,0.75,0
ln_vaccine,0.75,0.76,0
ln_vaccine,0.76,0.77,0
ln_vaccine,0.77,0.78,0
ln_vaccine,0.78,0.79,0
ln_vaccine,0.79,0.8,0
ln_vaccine,0.8,0.81,0
ln_vaccine,0.81,0.8200000000000001,0
ln_vaccine,0.8200000000000001,0.8300000000000001,0
ln_vaccine,0.8300000000000001,0.84,0
ln_vaccine,0.84,0.85,0
ln_vaccine,0.85,0.86,0
ln_vaccine,0.86,0.87,0
ln_vaccine,0.87,0.88,0
ln_vaccine,0.88,0.89,0
ln_vaccine,0.89,0.9,0
ln_vaccine,0.9,0.91,0
ln_vaccine,0.91,0.92,0
ln_vaccine,0.92,0.93,0
ln_vaccine,0.93,0.9400000000000001,0
ln_vaccine,0.9400000000000001,0.9500000000000001,0
ln_vaccine,0.9500000000000001,0.96,0
ln_vaccine,0.96,0.97,0
ln_vaccine,0.97,0.98,0
ln_vaccine,0.98,0.99,0
ln_vaccine,0.99,1.0,0
flu,0.0,0.01,3802
flu,0.01,0.02,217
flu,0.02,0.03,232
flu,0.03,0.04,197
flu,0.04,0.05,151
flu,0.05,0.06,151
flu,0.06,0.07,144
flu,0.07,0.08,188
flu,0.08,0.09,155
flu,0.09,0.1,128
flu,0.1,0.11,143
flu,0.11,0.12,195
flu,0.12,0.13,243
flu,0.13,0.14,230
flu,0.14,0.15,278
flu,0.15,0.16,458
flu,0.16,0.17,485
flu,0.17,0.18,592
flu,0.18,0.19,562
flu,0.19,0.2,878
flu,0.2,0.21,1258
flu,0.21,0.22,1376
flu,0.22,0.23,1918
flu,0.23,0.24,1895
flu,0.24,0.25,1536
flu,0.25,0.26,3020
flu,0.26,0.27,2514
flu,0.27,0.28,2729
flu,0.28,0.29,3604
flu,0.29,0.3,3118
flu,0.3,0.31,3031
flu,0.31,0.32,4966
flu,0.32,0.33,227
flu,0.33,0.34,6885
flu,0.34,0.35000000000000003,1524
flu,0.35000000000000003,0.36,4566
flu,0.36,0.37,2487
flu,0.37,0.38,3049
flu,0.38,0.39,2954
flu,0.39,0.4,1873
flu,0.4,0.41000000000000003,2429
flu,0.41000000000000003,0.42,1892
flu,0.42,0.43,1749
flu,0.43,0.44,1611
flu,0.44,0.45,1036
flu,0.45,0.46,1145
flu,0.46,0.47000000000000003,936
flu,0.47000000000000003,0.48,716
flu,0.48,0.49,566
flu,0.49,0.5,338
flu,0.5,0.51,698
flu,0.51,0.52,266
flu,0.52,0.53,272
flu,0.53,0.54,256
flu,0.54,0.55,158
flu,0.55,0.56,123
flu,0.56,0.5700000000000001,104
flu,0.5700000000000001,0.58,63
flu,0.58,0.59,70
flu,0.59,0.6,35
flu,0.6,0.61,33
flu,0.61,0.62,27
flu,0.62,0.63,16
flu,0.63,0.64,12
flu,0.64,0.65,12
flu,0.65,0.66,9
flu,0.66,0.67,7
flu,0.67,0.68,2
flu,0.68,0.6900000000000001,0
flu,0.6900000000000001,0.7000000000000001,2
flu,0.7000000000000001,0.71,3
flu,0.71,0.72,0
flu,0.72,0.73,0
flu,0.73,0.74,0
flu,0.74,0.75,0
flu,0.75,0.76,0
flu,0.76,0.77,0
flu,0.77,0.78,0
flu,0.78,0.79,0
flu,0.79,0.8,0
flu,0.8,0.81,0
flu,0.81,0.8200000000000001,0
flu,0.8200000000000001,0.8300000000000001,0
flu,0.8300000000000001,0.84,0
flu,0.84,0.85,0
flu,0.85,0.86,0
flu,0.86,0.87,0
flu,0.87,0.88,0
flu,0.88,0.89,0
flu,0.89,0.9,0
flu,0.9,0.91,0
flu,0.91,0.92,0
flu,0.92,0.93,0
flu,0.93,0.9400000000000001,0
flu,0.9400000000000001,0.9500000000000001,0
flu,0.9500000000000001,0.96,0
flu,0.96,0.97,0
flu,0.97,0.98,0
flu,0.98,0.99,0
flu,0.99,1.0,0
