donor,day,treatment,GC,PB,Memory,n_families
D10_Hashtag1,10,Artesunate,0.026785714285714284,0.8571428571428571,0.017857142857142856,56
D10_Hashtag2,10,Artesunate,0.06666666666666667,0.6666666666666666,0.02222222222222222,15
D10_Hashtag3,10,Artesunate,0.05,0.775,0.025,20
D10_Hashtag4,10,Saline,0.0,0.9270833333333334,0.0,32
D10_Hashtag5,10,Saline,0.02564102564102564,0.8910256410256411,0.01282051282051282,39
D10_Hashtag6,10,Saline,0.0625,0.7916666666666666,0.006944444444444444,24
D14_Hashtag1,14,Artesunate,0.30092592592592593,0.125,0.15416666666666667,12
D14_Hashtag2,14,Artesunate,0.6794871794871795,0.04395604395604395,0.06424344885883347,26
D14_Hashtag3,14,Artesunate,0.3095238095238095,0.14285714285714285,0.08571428571428572,14
D14_Hashtag4,14,Saline,0.23129251700680273,0.6077097505668935,0.03854875283446712,49
D14_Hashtag5,14,Saline,0.15903954802259887,0.778813559322034,0.012711864406779662,118
D14_Hashtag6,14,Saline,0.29189189189189185,0.5740990990990991,0.05555555555555555,111
D21_Hashtag1,21,Artesunate,0.5,0.0,0.0,4
D21_Hashtag2,21,Artesunate,0.1,0.0,0.15714285714285714,5
D21_Hashtag3,21,Artesunate,0.375,0.0,0.14285714285714285,8
D21_Hashtag4,21,Saline,0.6818181818181818,0.11363636363636363,0.045454545454545456,22
D21_Hashtag5,21,Saline,0.7142857142857143,0.0,0.0,14
D21_Hashtag6,21,Saline,0.5041666666666667,0.1736111111111111,0.06388888888888888,60
D28_Hashtag1,28,Artesunate,0.2727272727272727,0.0,0.2727272727272727,11
D28_Hashtag2,28,Artesunate,0.5294117647058824,0.0,0.08235294117647059,17
D28_Hashtag3,28,Artesunate,0.5555555555555556,0.0,0.2222222222222222,9
D28_Hashtag4,28,Saline,0.6329787234042553,0.09042553191489362,0.01702127659574468,47
D28_Hashtag5,28,Saline,0.34210526315789475,0.5241228070175439,0.008771929824561403,38
D28_Hashtag6,28,Saline,0.6909722222222222,0.08506944444444443,0.026041666666666668,48
D35_Hashtag1,35,Artesunate,0.5416666666666666,0.03571428571428571,0.047619047619047616,28
D35_Hashtag2,35,Artesunate,0.3888888888888889,0.1111111111111111,0.0,18
D35_Hashtag3,35,Artesunate,0.5833333333333334,0.027777777777777776,0.12367724867724868,36
D35_Hashtag4,35,Saline,0.718844696969697,0.08797348484848486,0.056818181818181816,88
D35_Hashtag5,35,Saline,0.7045454545454546,0.0303030303030303,0.08333333333333333,22
D35_Hashtag6,35,Saline,0.7045454545454546,0.03409090909090909,0.03977272727272727,44
D42_Hashtag1,42,Artesunate,0.46527777777777773,0.14583333333333334,0.0,12
D42_Hashtag2,42,Artesunate,0.16666666666666666,0.0,0.5666666666666667,3
D42_Hashtag3,42,Artesunate,0.5361111111111111,0.19722222222222222,0.1111111111111111,12
D42_Hashtag4,42,Saline,0.7407407407407407,0.018518518518518517,0.07407407407407407,27
D42_Hashtag5,42,Saline,0.7261904761904763,0.141156462585034,0.030612244897959183,49
D42_Hashtag6,42,Saline,0.5972222222222222,0.027777777777777776,0.1597222222222222,36
