clone,earlier,later,n_cells_earlier,n_cells_later,change,change_vs_random,programme_earlier,programme_later
368-01a|C00001,LN,blood,331,8,0.612409641744288,0.5618264568187111,P1,P2
368-01a|C00002,LN,blood,180,56,0.4719501907363432,0.4405138944117906,P1,P2
368-01a|C00004,LN,blood,106,25,0.5620556635080979,0.5828592289292964,P1,P2
368-01a|C00005,LN,blood,70,60,0.49558719765587567,0.4130654466437235,P1,P2
368-01a|C00010,LN,blood,85,8,0.4570443783220064,0.4658640005678776,P1,P2
368-01a|C00015,LN,blood,59,15,0.34773729328980263,0.329032805929368,P3,P2
368-01a|C00016,LN,blood,47,25,0.32787290808906244,0.29390009535197503,P3,P2
368-01a|C00017,LN,blood,66,3,0.18122432041888956,0.2523489551966384,P3,P2
368-01a|C00022,LN,blood,5,55,0.5356854204355769,0.5291430089684553,P3,P2
368-01a|C00027,LN,blood,44,9,0.353753060575933,0.3133802794496784,P3,P2
368-01a|C00029,LN,blood,25,24,0.27471050081689297,0.23941831038449052,P3,P2
368-01a|C00035,LN,blood,38,8,0.5888738063003565,0.5349995311622419,P1,P2
368-01a|C00036,LN,blood,23,21,0.3090526340511533,0.2940336652167307,P1,P2
368-01a|C00041,LN,blood,11,28,0.5836013624300175,0.530572356728744,P1,P2
368-01a|C00045,LN,blood,16,18,0.3160070992700036,0.3083713933514814,P3,P2
368-01a|C00053,LN,blood,23,3,0.4476285303166807,0.5772264508415059,P1,P2
368-01a|C00083,LN,blood,9,10,0.17803130183044685,0.18927672319321928,P3,P2
368-01a|C00094,LN,blood,13,5,0.5037407021027984,0.48535119355767115,P1,P2
368-01a|C00100,LN,blood,9,7,0.28746528243601394,0.2867448796195137,P3,P2
368-01a|C00105,LN,blood,8,7,0.56497989348154,0.6544621048629436,P1,P2
368-01a|C00110,LN,blood,11,4,0.27264890455149904,0.30782329215567317,P3,P2
368-01a|C00140,LN,blood,9,3,0.23611871684471405,0.20449509062584084,P3,P2
368-01a|C00142,LN,blood,8,3,0.5581293133100425,0.5759388052617646,P1,P2
368-01a|C00143,LN,blood,7,4,0.15410826397938454,0.242851287768751,P3,P2
368-01a|C00161,LN,blood,3,7,0.16732257213256746,0.1708544669940476,P3,P2
368-01a|C00181,LN,blood,5,4,0.1877272857924703,0.15331192075372632,P3,P2
368-01a|C00191,LN,blood,3,6,0.737174947371797,0.7077977468976063,P1,P2
368-01a|C00194,LN,blood,3,6,0.04989609289703251,0.12652875435284114,P3,P2
368-02a|C00001,LN,blood,461,5,0.45799124901848526,0.403457446018764,P3,P2
368-02a|C00002,LN,blood,416,3,0.46638771193553796,0.5722379741376954,P1,P2
368-02a|C00003,LN,blood,224,53,0.4422114291885911,0.41973804288853295,P3,P2
368-02a|C00017,LN,blood,100,7,0.47762842249947773,0.38489906711181704,P3,P2
368-02a|C00029,LN,blood,75,6,0.4289632710453224,0.392745852684222,P3,P2
368-02a|C00059,LN,blood,42,11,0.6064586311438596,0.597995700068751,P1,P2
368-02a|C00060,LN,blood,48,4,0.3978264132660684,0.4611263850392238,P3,P2
368-02a|C00068,LN,blood,44,3,0.5541294842055047,0.6103455147046901,P1,P2
368-02a|C00090,LN,blood,32,4,0.5316254700026424,0.46517456792647877,P3,P2
368-02a|C00100,LN,blood,24,8,0.4157325993479804,0.4227191685907403,P3,P2
368-02a|C00105,LN,blood,23,8,0.2917063958085084,0.3411450776126753,P3,P2
368-02a|C00118,LN,blood,23,3,0.6072273812895634,0.5630464504180598,P1,P2
368-02a|C00123,LN,blood,20,6,0.3043725807834343,0.3354009441349166,P3,P2
368-02a|C00126,LN,blood,10,15,0.7411581373645388,0.6623897188132556,P1,P2
368-02a|C00133,LN,blood,17,7,0.4206053717478463,0.37240967218970367,P3,P2
368-02a|C00143,LN,blood,19,3,0.5361579702653121,0.5361298342827056,P1,P2
368-02a|C00157,LN,blood,5,15,0.705749824183714,0.6125296601443883,P3,P2
368-02a|C00198,LN,blood,12,4,0.5672293267653906,0.6004201022382569,P1,P2
368-02a|C00219,LN,blood,10,4,0.6667510799841888,0.6580541731403795,P1,P2
368-02a|C00286,LN,blood,5,5,0.15093733256907096,0.1705047910274982,P3,P2
368-02a|C00354,LN,blood,4,4,0.23326938743859987,0.2286282245330343,P3,P2
368-02a|C00372,LN,blood,4,3,0.08170634785011355,0.16076375708589075,P3,P2
368-02a|C00385,LN,blood,4,3,0.5151406818343416,0.47046546405751427,P3,P2
368-04|C00001,LN,blood,207,10,0.6536147515012152,0.6280103709496838,P1,P2
368-04|C00007,LN,blood,4,65,0.7704355392132374,0.7376911673402808,P1,P2
368-04|C00018,LN,blood,30,8,0.5967135374303959,0.6046720585884843,P1,P2
368-04|C00024,LN,blood,8,26,0.618468202018042,0.5205315859719077,P1,P2
368-04|C00025,LN,blood,20,14,0.6194309180454488,0.617352562107908,P1,P2
368-04|C00032,LN,blood,20,11,0.6569058312873521,0.6020097882768883,P1,P2
368-04|C00045,LN,blood,18,5,0.5770502899507087,0.5988431482819627,P1,P2
368-04|C00049,LN,blood,19,3,0.3802135055500962,0.37132627913125577,P1,P2
368-04|C00051,LN,blood,10,10,0.537048756504398,0.4748482098194328,P1,P2
368-04|C00060,LN,blood,12,6,0.4905335696946169,0.4751489864300675,P1,P2
368-04|C00061,LN,blood,11,7,0.21857966478654534,0.23709137540493927,P3,P2
368-04|C00064,LN,blood,8,8,0.6684119608000014,0.6700367093658772,P1,P2
368-04|C00067,LN,blood,12,4,0.3996736552164845,0.404158009542822,P3,P2
368-04|C00077,LN,blood,10,4,0.6171990832961843,0.5883415193850058,P1,P2
368-04|C00085,LN,blood,7,6,0.45646867613442454,0.5945492478414901,P1,P2
368-04|C00086,LN,blood,6,7,0.541080404301348,0.6064379310301595,P1,P2
368-04|C00095,LN,blood,9,3,0.4261400352367708,0.5802432433712543,P1,P2
368-04|C00107,LN,blood,8,3,0.5662147948091081,0.6192351640791981,P1,P2
368-04|C00110,LN,blood,5,6,0.6010879390565422,0.6448131242120593,P1,P2
368-04|C00163,LN,blood,4,3,0.859097981175603,0.9061671061070211,P1,P2
368-04|C00193,LN,blood,3,3,0.5810788919296261,0.5708375225196012,P1,P2
368-04|C00215,LN,blood,3,3,0.4652930702206146,0.5910671317619611,P1,P2
368-07|C00014,LN,blood,76,16,0.5417724457044125,0.5041342324826106,P1,P2
368-07|C00027,LN,blood,45,16,0.5534251053996354,0.5493001026448612,P1,P2
368-07|C00029,LN,blood,50,7,0.5517526861611111,0.5307694332125954,P1,P2
368-07|C00044,LN,blood,20,9,0.4702293330868683,0.4564289762211596,P1,P2
368-07|C00055,LN,blood,18,3,0.5939722300672219,0.5948907545697323,P1,P2
368-07|C00056,LN,blood,16,4,0.15853479940998316,0.2025802113821682,P3,P2
368-07|C00057,LN,blood,16,4,0.5586022911917312,0.5480588744617865,P1,P2
368-07|C00064,LN,blood,9,10,0.34856086984145884,0.30946408384889446,P3,P2
368-07|C00075,LN,blood,7,9,0.7111958414614242,0.6547148041543348,P1,P2
368-07|C00078,LN,blood,8,8,0.2596516828291749,0.286481637927271,P3,P2
368-07|C00129,LN,blood,3,7,0.6383318398070306,0.6352552277955862,P1,P2
368-07|C00131,LN,blood,6,4,0.5363575561636894,0.43304831689791423,P3,P2
368-07|C00176,LN,blood,5,3,0.205398019557768,0.22195786328786743,P2,P2
368-07|C00181,LN,blood,4,3,0.33668000444967067,0.24495605058118247,P3,P2
368-07|C00195,LN,blood,3,4,0.6878765341124742,0.648326306654642,P1,P2
368-07|C00201,LN,blood,3,4,0.4348249156108525,0.42238250096986496,P3,P2
368-10|C00002,LN,blood,457,4,0.5133835880561846,0.563180213647081,P1,P2
368-10|C00004,LN,blood,249,3,0.5256691435572503,0.5562088501732386,P1,P2
368-10|C00010,LN,blood,94,5,0.24614858556545754,0.23708529079228655,P3,P2
368-10|C00015,LN,blood,88,3,0.40341324701715303,0.40231025435028833,P3,P2
368-10|C00024,LN,blood,13,48,0.6417589733946166,0.5956278685211446,P1,P2
368-10|C00029,LN,blood,51,4,0.44787174134710733,0.40982781459689216,P3,P2
368-10|C00091,LN,blood,13,6,0.7036211283011792,0.7307842239822127,P1,P2
368-10|C00162,LN,blood,8,3,0.13096176367296825,0.2305149280483194,P3,P2
368-10|C00169,LN,blood,7,3,0.23958412402422724,0.30908476150197567,P3,P2
368-10|C00189,LN,blood,6,3,0.26955414027932684,0.29894714050504906,P3,P2
368-10|C00220,LN,blood,5,3,0.22050617967453937,0.24572994245226062,P3,P2
368-10|C00252,LN,blood,3,4,0.1228388881740336,0.18769765583045314,P3,P2
368-10|C00253,LN,blood,3,4,0.24465677654881984,0.22463766175556873,P2,P2
368-13|C00024,LN,blood,33,3,0.6227931810883073,0.598855300530732,P1,P2
368-13|C00032,LN,blood,3,26,0.4907767828443454,0.44561733942671317,P3,P2
368-13|C00036,LN,blood,21,4,0.27484136272882104,0.30701720032554275,P3,P2
368-13|C00060,LN,blood,7,7,0.38146550509144844,0.3086136210662216,P3,P2
368-13|C00070,LN,blood,6,5,0.5166606798732499,0.48932090966168806,P3,P2
368-13|C00073,LN,blood,6,5,0.6568739792697524,0.6172012546973078,P1,P2
368-13|C00108,LN,blood,3,3,0.7521338585911119,0.751506983865655,P1,P2
368-20|C00057,LN,blood,4,11,0.2356129614072675,0.2190342434572436,P3,P2
368-20|C00065,LN,blood,6,7,0.7812598958127694,0.7536268458005589,P1,P2
368-20|C00084,LN,blood,6,4,0.21643021387729142,0.2159395470518333,P3,P2
368-22|C00001,LN,blood,135,25,0.37093359682011234,0.3754517024405709,P1,P2
368-22|C00002,LN,blood,40,120,0.619020978753877,0.5723956836231293,P1,P2
368-22|C00003,LN,blood,123,10,0.4903419873216291,0.5346696163528049,P1,P2
368-22|C00004,LN,blood,102,23,0.30593157891263506,0.2782259753606937,P3,P2
368-22|C00005,LN,blood,83,23,0.4439016862498705,0.40398131206579746,P1,P2
368-22|C00006,LN,blood,97,3,0.5256952829740124,0.43966187407437635,P1,P2
368-22|C00007,LN,blood,66,31,0.38027443539085937,0.3596697257905204,P3,P2
368-22|C00009,LN,blood,76,14,0.5889624517266253,0.5437021444760198,P1,P2
368-22|C00013,LN,blood,61,16,0.43021680098306586,0.3864081305845331,P1,P2
368-22|C00015,LN,blood,53,19,0.6826179868074351,0.6579714903714757,P1,P2
368-22|C00017,LN,blood,55,12,0.6501609659375855,0.6590545905630281,P1,P2
368-22|C00022,LN,blood,48,9,0.28878516931380904,0.24078328583263617,P3,P2
368-22|C00024,LN,blood,51,3,0.4601639943087482,0.5511519235070813,P1,P2
368-22|C00025,LN,blood,49,5,0.5835120596756955,0.6138508199339181,P1,P2
368-22|C00027,LN,blood,40,10,0.46643375908854023,0.4699260120510256,P1,P2
368-22|C00028,LN,blood,40,8,0.2928542208049828,0.25614998351751056,P3,P2
368-22|C00031,LN,blood,42,4,0.3272561006445515,0.3227659916970442,P3,P2
368-22|C00033,LN,blood,40,5,0.35293113237979146,0.2911394895054875,P3,P2
368-22|C00035,LN,blood,37,4,0.5294325481793962,0.5257249769488991,P1,P2
368-22|C00036,LN,blood,18,23,0.5382676219603791,0.5230512946714972,P1,P2
368-22|C00037,LN,blood,4,34,0.8433454405145011,0.7845738667141502,P1,P2
368-22|C00045,LN,blood,24,6,0.3563015022009664,0.39517261226271316,P1,P2
368-22|C00047,LN,blood,23,7,0.25129355583405605,0.2368448873216362,P3,P2
368-22|C00051,LN,blood,10,18,0.25022088424502226,0.2014654231113273,P3,P2
368-22|C00054,LN,blood,13,13,0.30991702565095913,0.31027899111933477,P3,P2
368-22|C00059,LN,blood,11,14,0.33332991239206006,0.33955573997860306,P1,P2
368-22|C00061,LN,blood,22,3,0.3706565845142118,0.40583289013377644,P1,P2
368-22|C00063,LN,blood,13,12,0.7677276993182329,0.7190921365898688,P1,P2
368-22|C00081,LN,blood,12,8,0.5741223161704814,0.5320690521598774,P1,P2
368-22|C00091,LN,blood,10,8,0.2720451264776177,0.25561746342243175,P3,P2
368-22|C00093,LN,blood,10,7,0.3606776186601029,0.3356983134352208,P3,P2
368-22|C00099,LN,blood,3,13,0.3428920365943826,0.29753627562425156,P1,P2
368-22|C00102,LN,blood,3,13,0.7037164062228408,0.6637525988181773,P1,P2
368-22|C00105,LN,blood,3,13,0.36755837769984345,0.3218756389401339,P3,P2
368-22|C00108,LN,blood,9,6,0.22257538272488175,0.20531730817136018,P3,P2
368-22|C00111,LN,blood,5,10,0.5751537765561388,0.5602651366381868,P1,P2
368-22|C00115,LN,blood,9,6,0.260366079320304,0.2804072142760172,P3,P2
368-22|C00118,LN,blood,5,9,0.9283805934783519,0.9200728685248918,P1,P2
368-22|C00121,LN,blood,11,3,0.3394651011708853,0.42061011224471545,P3,P2
368-22|C00139,LN,blood,3,9,0.15736576861523352,0.13256632948841995,P3,P2
368-22|C00150,LN,blood,4,7,0.7490106118295266,0.768521465121825,P1,P2
368-22|C00171,LN,blood,6,4,0.6578616199257455,0.6713012630640575,P1,P2
368-22|C00177,LN,blood,5,5,0.3152059587109177,0.28240321605828184,P3,P2
368-22|C00189,LN,blood,5,4,0.5670922208180464,0.5009965379384556,P1,P2
368-22|C00191,LN,blood,4,5,0.5211254837039297,0.5392793131841469,P1,P2
368-22|C00213,LN,blood,3,5,0.5822902568905495,0.5670960125600574,P1,P2
368-22|C00249,LN,blood,4,3,0.4652700171459581,0.41459098027572466,P1,P2
