cohort,donor,day,treatment,clone_definition,threshold,state_a,state_b,pair,observed_shared,denominator_clones,observed_rate,n_clones,n_cells,null_type,null_model,null,null_model_available,null_mean_rate,effect_rate_difference,enrichment_p,n_null_draws,n_null_valid_draws,null_zero_denominator_fraction
malaria_early,D10_Hashtag1,D10,,threadfin,2,GC,PB,GC+PB,1,2,0.5,549,574,not_assessed,not_assessed,not_assessed,False,,,,0,0,
malaria_early,D10_Hashtag1,D10,,threadfin,2,GC,Memory,GC+Memory,0,2,0.0,549,574,not_assessed,not_assessed,not_assessed,False,,,,0,0,
malaria_early,D10_Hashtag1,D10,,threadfin,2,Memory,PB,Memory+PB,0,23,0.0,549,574,not_assessed,not_assessed,not_assessed,False,,,,0,0,
malaria_early,D10_Hashtag2,D10,,threadfin,2,GC,PB,GC+PB,3,5,0.6,710,784,not_assessed,not_assessed,not_assessed,False,,,,0,0,
malaria_early,D10_Hashtag2,D10,,threadfin,2,GC,Memory,GC+Memory,0,5,0.0,710,784,not_assessed,not_assessed,not_assessed,False,,,,0,0,
malaria_early,D10_Hashtag2,D10,,threadfin,2,Memory,PB,Memory+PB,0,56,0.0,710,784,not_assessed,not_assessed,not_assessed,False,,,,0,0,
malaria_early,D10_Hashtag3,D10,,threadfin,2,GC,PB,GC+PB,4,5,0.8,909,999,not_assessed,not_assessed,not_assessed,False,,,,0,0,
malaria_early,D10_Hashtag3,D10,,threadfin,2,GC,Memory,GC+Memory,0,5,0.0,909,999,not_assessed,not_assessed,not_assessed,False,,,,0,0,
malaria_early,D10_Hashtag3,D10,,threadfin,2,Memory,PB,Memory+PB,1,64,0.015625,909,999,not_assessed,not_assessed,not_assessed,False,,,,0,0,
malaria_early,D10_Hashtag4,D10,,threadfin,2,GC,PB,GC+PB,2,3,0.6666666666666666,867,946,not_assessed,not_assessed,not_assessed,False,,,,0,0,
malaria_early,D10_Hashtag4,D10,,threadfin,2,GC,Memory,GC+Memory,0,3,0.0,867,946,not_assessed,not_assessed,not_assessed,False,,,,0,0,
malaria_early,D10_Hashtag4,D10,,threadfin,2,Memory,PB,Memory+PB,0,55,0.0,867,946,not_assessed,not_assessed,not_assessed,False,,,,0,0,
malaria_early,D10_Hashtag5,D10,,threadfin,2,GC,PB,GC+PB,6,6,1.0,924,1024,not_assessed,not_assessed,not_assessed,False,,,,0,0,
malaria_early,D10_Hashtag5,D10,,threadfin,2,GC,Memory,GC+Memory,0,6,0.0,924,1024,not_assessed,not_assessed,not_assessed,False,,,,0,0,
malaria_early,D10_Hashtag5,D10,,threadfin,2,Memory,PB,Memory+PB,2,73,0.0273972602739726,924,1024,not_assessed,not_assessed,not_assessed,False,,,,0,0,
malaria_early,D14_Hashtag1,D14,,threadfin,2,GC,PB,GC+PB,6,13,0.46153846153846156,1095,1186,not_assessed,not_assessed,not_assessed,False,,,,0,0,
malaria_early,D14_Hashtag1,D14,,threadfin,2,GC,Memory,GC+Memory,1,13,0.07692307692307693,1095,1186,not_assessed,not_assessed,not_assessed,False,,,,0,0,
malaria_early,D14_Hashtag1,D14,,threadfin,2,Memory,PB,Memory+PB,3,56,0.05357142857142857,1095,1186,not_assessed,not_assessed,not_assessed,False,,,,0,0,
malaria_early,D14_Hashtag2,D14,,threadfin,2,GC,PB,GC+PB,5,10,0.5,1008,1090,not_assessed,not_assessed,not_assessed,False,,,,0,0,
malaria_early,D14_Hashtag2,D14,,threadfin,2,GC,Memory,GC+Memory,0,10,0.0,1008,1090,not_assessed,not_assessed,not_assessed,False,,,,0,0,
malaria_early,D14_Hashtag2,D14,,threadfin,2,Memory,PB,Memory+PB,1,52,0.019230769230769232,1008,1090,not_assessed,not_assessed,not_assessed,False,,,,0,0,
malaria_early,D14_Hashtag3,D14,,threadfin,2,GC,PB,GC+PB,1,3,0.3333333333333333,934,975,not_assessed,not_assessed,not_assessed,False,,,,0,0,
malaria_early,D14_Hashtag3,D14,,threadfin,2,GC,Memory,GC+Memory,0,3,0.0,934,975,not_assessed,not_assessed,not_assessed,False,,,,0,0,
malaria_early,D14_Hashtag3,D14,,threadfin,2,Memory,PB,Memory+PB,4,35,0.11428571428571428,934,975,not_assessed,not_assessed,not_assessed,False,,,,0,0,
malaria_early,D14_Hashtag4,D14,,threadfin,2,GC,PB,GC+PB,7,12,0.5833333333333334,982,1056,not_assessed,not_assessed,not_assessed,False,,,,0,0,
malaria_early,D14_Hashtag4,D14,,threadfin,2,GC,Memory,GC+Memory,0,12,0.0,982,1056,not_assessed,not_assessed,not_assessed,False,,,,0,0,
malaria_early,D14_Hashtag4,D14,,threadfin,2,Memory,PB,Memory+PB,0,48,0.0,982,1056,not_assessed,not_assessed,not_assessed,False,,,,0,0,
malaria_early,D14_Hashtag5,D14,,threadfin,2,GC,PB,GC+PB,4,11,0.36363636363636365,857,925,not_assessed,not_assessed,not_assessed,False,,,,0,0,
malaria_early,D14_Hashtag5,D14,,threadfin,2,GC,Memory,GC+Memory,1,11,0.09090909090909091,857,925,not_assessed,not_assessed,not_assessed,False,,,,0,0,
malaria_early,D14_Hashtag5,D14,,threadfin,2,Memory,PB,Memory+PB,3,52,0.057692307692307696,857,925,not_assessed,not_assessed,not_assessed,False,,,,0,0,
malaria_early,D4_Hashtag2,D4,,threadfin,2,GC,PB,GC+PB,0,0,,1627,1666,not_assessed,not_assessed,not_assessed,False,,,,0,0,
malaria_early,D4_Hashtag2,D4,,threadfin,2,GC,Memory,GC+Memory,0,0,,1627,1666,not_assessed,not_assessed,not_assessed,False,,,,0,0,
malaria_early,D4_Hashtag2,D4,,threadfin,2,Memory,PB,Memory+PB,0,37,0.0,1627,1666,not_assessed,not_assessed,not_assessed,False,,,,0,0,
malaria_early,D4_Hashtag3,D4,,threadfin,2,GC,PB,GC+PB,0,0,,2103,2172,not_assessed,not_assessed,not_assessed,False,,,,0,0,
malaria_early,D4_Hashtag3,D4,,threadfin,2,GC,Memory,GC+Memory,0,0,,2103,2172,not_assessed,not_assessed,not_assessed,False,,,,0,0,
malaria_early,D4_Hashtag3,D4,,threadfin,2,Memory,PB,Memory+PB,0,59,0.0,2103,2172,not_assessed,not_assessed,not_assessed,False,,,,0,0,
malaria_early,D4_Hashtag4,D4,,threadfin,2,GC,PB,GC+PB,0,1,0.0,1926,1985,not_assessed,not_assessed,not_assessed,False,,,,0,0,
malaria_early,D4_Hashtag4,D4,,threadfin,2,GC,Memory,GC+Memory,0,1,0.0,1926,1985,not_assessed,not_assessed,not_assessed,False,,,,0,0,
malaria_early,D4_Hashtag4,D4,,threadfin,2,Memory,PB,Memory+PB,0,54,0.0,1926,1985,not_assessed,not_assessed,not_assessed,False,,,,0,0,
malaria_early,D4_Hashtag5,D4,,threadfin,2,GC,PB,GC+PB,0,1,0.0,2174,2252,not_assessed,not_assessed,not_assessed,False,,,,0,0,
malaria_early,D4_Hashtag5,D4,,threadfin,2,GC,Memory,GC+Memory,0,1,0.0,2174,2252,not_assessed,not_assessed,not_assessed,False,,,,0,0,
malaria_early,D4_Hashtag5,D4,,threadfin,2,Memory,PB,Memory+PB,0,64,0.0,2174,2252,not_assessed,not_assessed,not_assessed,False,,,,0,0,
malaria_early,D7_Hashtag1,D7,,threadfin,2,GC,PB,GC+PB,0,0,,714,733,not_assessed,not_assessed,not_assessed,False,,,,0,0,
malaria_early,D7_Hashtag1,D7,,threadfin,2,GC,Memory,GC+Memory,0,0,,714,733,not_assessed,not_assessed,not_assessed,False,,,,0,0,
malaria_early,D7_Hashtag1,D7,,threadfin,2,Memory,PB,Memory+PB,0,17,0.0,714,733,not_assessed,not_assessed,not_assessed,False,,,,0,0,
malaria_early,D7_Hashtag2,D7,,threadfin,2,GC,PB,GC+PB,0,0,,649,667,not_assessed,not_assessed,not_assessed,False,,,,0,0,
malaria_early,D7_Hashtag2,D7,,threadfin,2,GC,Memory,GC+Memory,0,0,,649,667,not_assessed,not_assessed,not_assessed,False,,,,0,0,
malaria_early,D7_Hashtag2,D7,,threadfin,2,Memory,PB,Memory+PB,0,18,0.0,649,667,not_assessed,not_assessed,not_assessed,False,,,,0,0,
malaria_early,D7_Hashtag3,D7,,threadfin,2,GC,PB,GC+PB,0,1,0.0,606,615,not_assessed,not_assessed,not_assessed,False,,,,0,0,
malaria_early,D7_Hashtag3,D7,,threadfin,2,GC,Memory,GC+Memory,0,1,0.0,606,615,not_assessed,not_assessed,not_assessed,False,,,,0,0,
malaria_early,D7_Hashtag3,D7,,threadfin,2,Memory,PB,Memory+PB,0,8,0.0,606,615,not_assessed,not_assessed,not_assessed,False,,,,0,0,
malaria_early,D7_Hashtag4,D7,,threadfin,2,GC,PB,GC+PB,0,0,,769,781,not_assessed,not_assessed,not_assessed,False,,,,0,0,
malaria_early,D7_Hashtag4,D7,,threadfin,2,GC,Memory,GC+Memory,0,0,,769,781,not_assessed,not_assessed,not_assessed,False,,,,0,0,
malaria_early,D7_Hashtag4,D7,,threadfin,2,Memory,PB,Memory+PB,0,12,0.0,769,781,not_assessed,not_assessed,not_assessed,False,,,,0,0,
malaria_early,D7_Hashtag5,D7,,threadfin,2,GC,PB,GC+PB,0,1,0.0,697,715,not_assessed,not_assessed,not_assessed,False,,,,0,0,
malaria_early,D7_Hashtag5,D7,,threadfin,2,GC,Memory,GC+Memory,0,1,0.0,697,715,not_assessed,not_assessed,not_assessed,False,,,,0,0,
malaria_early,D7_Hashtag5,D7,,threadfin,2,Memory,PB,Memory+PB,0,18,0.0,697,715,not_assessed,not_assessed,not_assessed,False,,,,0,0,
malaria_late,D10_Hashtag1,D10,Artesunate,threadfin,2,GC,PB,GC+PB,1,2,0.5,1203,1268,not_assessed,not_assessed,not_assessed,False,,,,0,0,
malaria_late,D10_Hashtag1,D10,Artesunate,threadfin,2,GC,Memory,GC+Memory,0,2,0.0,1203,1268,not_assessed,not_assessed,not_assessed,False,,,,0,0,
malaria_late,D10_Hashtag1,D10,Artesunate,threadfin,2,Memory,PB,Memory+PB,1,56,0.017857142857142856,1203,1268,not_assessed,not_assessed,not_assessed,False,,,,0,0,
malaria_late,D10_Hashtag2,D10,Artesunate,threadfin,2,GC,PB,GC+PB,2,2,1.0,949,973,not_assessed,not_assessed,not_assessed,False,,,,0,0,
malaria_late,D10_Hashtag2,D10,Artesunate,threadfin,2,GC,Memory,GC+Memory,0,2,0.0,949,973,not_assessed,not_assessed,not_assessed,False,,,,0,0,
malaria_late,D10_Hashtag2,D10,Artesunate,threadfin,2,Memory,PB,Memory+PB,0,15,0.0,949,973,not_assessed,not_assessed,not_assessed,False,,,,0,0,
malaria_late,D10_Hashtag3,D10,Artesunate,threadfin,2,GC,PB,GC+PB,1,2,0.5,893,919,not_assessed,not_assessed,not_assessed,False,,,,0,0,
malaria_late,D10_Hashtag3,D10,Artesunate,threadfin,2,GC,Memory,GC+Memory,0,2,0.0,893,919,not_assessed,not_assessed,not_assessed,False,,,,0,0,
malaria_late,D10_Hashtag3,D10,Artesunate,threadfin,2,Memory,PB,Memory+PB,0,20,0.0,893,919,not_assessed,not_assessed,not_assessed,False,,,,0,0,
malaria_late,D10_Hashtag4,D10,Saline,threadfin,2,GC,PB,GC+PB,0,0,,847,889,not_assessed,not_assessed,not_assessed,False,,,,0,0,
malaria_late,D10_Hashtag4,D10,Saline,threadfin,2,GC,Memory,GC+Memory,0,0,,847,889,not_assessed,not_assessed,not_assessed,False,,,,0,0,
malaria_late,D10_Hashtag4,D10,Saline,threadfin,2,Memory,PB,Memory+PB,0,32,0.0,847,889,not_assessed,not_assessed,not_assessed,False,,,,0,0,
malaria_late,D10_Hashtag5,D10,Saline,threadfin,2,GC,PB,GC+PB,2,2,1.0,944,991,not_assessed,not_assessed,not_assessed,False,,,,0,0,
malaria_late,D10_Hashtag5,D10,Saline,threadfin,2,GC,Memory,GC+Memory,0,2,0.0,944,991,not_assessed,not_assessed,not_assessed,False,,,,0,0,
malaria_late,D10_Hashtag5,D10,Saline,threadfin,2,Memory,PB,Memory+PB,1,39,0.02564102564102564,944,991,not_assessed,not_assessed,not_assessed,False,,,,0,0,
malaria_late,D10_Hashtag6,D10,Saline,threadfin,2,GC,PB,GC+PB,1,2,0.5,998,1028,not_assessed,not_assessed,not_assessed,False,,,,0,0,
malaria_late,D10_Hashtag6,D10,Saline,threadfin,2,GC,Memory,GC+Memory,0,2,0.0,998,1028,not_assessed,not_assessed,not_assessed,False,,,,0,0,
malaria_late,D10_Hashtag6,D10,Saline,threadfin,2,Memory,PB,Memory+PB,0,24,0.0,998,1028,not_assessed,not_assessed,not_assessed,False,,,,0,0,
malaria_late,D10_Hashtag7,D10,Naive,threadfin,2,GC,PB,GC+PB,0,0,,554,557,not_assessed,not_assessed,not_assessed,False,,,,0,0,
malaria_late,D10_Hashtag7,D10,Naive,threadfin,2,GC,Memory,GC+Memory,0,0,,554,557,not_assessed,not_assessed,not_assessed,False,,,,0,0,
malaria_late,D10_Hashtag7,D10,Naive,threadfin,2,Memory,PB,Memory+PB,0,1,0.0,554,557,not_assessed,not_assessed,not_assessed,False,,,,0,0,
malaria_late,D14_Hashtag1,D14,Artesunate,threadfin,2,GC,PB,GC+PB,1,5,0.2,810,838,not_assessed,not_assessed,not_assessed,False,,,,0,0,
malaria_late,D14_Hashtag1,D14,Artesunate,threadfin,2,GC,Memory,GC+Memory,0,5,0.0,810,838,not_assessed,not_assessed,not_assessed,False,,,,0,0,
malaria_late,D14_Hashtag1,D14,Artesunate,threadfin,2,Memory,PB,Memory+PB,0,12,0.0,810,838,not_assessed,not_assessed,not_assessed,False,,,,0,0,
malaria_late,D14_Hashtag2,D14,Artesunate,threadfin,2,GC,PB,GC+PB,2,20,0.1,1104,1148,not_assessed,not_assessed,not_assessed,False,,,,0,0,
malaria_late,D14_Hashtag2,D14,Artesunate,threadfin,2,GC,Memory,GC+Memory,1,20,0.05,1104,1148,not_assessed,not_assessed,not_assessed,False,,,,0,0,
malaria_late,D14_Hashtag2,D14,Artesunate,threadfin,2,Memory,PB,Memory+PB,1,26,0.038461538461538464,1104,1148,not_assessed,not_assessed,not_assessed,False,,,,0,0,
malaria_late,D14_Hashtag3,D14,Artesunate,threadfin,2,GC,PB,GC+PB,0,6,0.0,412,430,not_assessed,not_assessed,not_assessed,False,,,,0,0,
malaria_late,D14_Hashtag3,D14,Artesunate,threadfin,2,GC,Memory,GC+Memory,1,6,0.16666666666666666,412,430,not_assessed,not_assessed,not_assessed,False,,,,0,0,
malaria_late,D14_Hashtag3,D14,Artesunate,threadfin,2,Memory,PB,Memory+PB,0,14,0.0,412,430,not_assessed,not_assessed,not_assessed,False,,,,0,0,
malaria_late,D14_Hashtag4,D14,Saline,threadfin,2,GC,PB,GC+PB,10,18,0.5555555555555556,868,938,not_assessed,not_assessed,not_assessed,False,,,,0,0,
malaria_late,D14_Hashtag4,D14,Saline,threadfin,2,GC,Memory,GC+Memory,0,18,0.0,868,938,not_assessed,not_assessed,not_assessed,False,,,,0,0,
malaria_late,D14_Hashtag4,D14,Saline,threadfin,2,Memory,PB,Memory+PB,2,49,0.04081632653061224,868,938,not_assessed,not_assessed,not_assessed,False,,,,0,0,
malaria_late,D14_Hashtag5,D14,Saline,threadfin,2,GC,PB,GC+PB,27,34,0.7941176470588235,1271,1470,not_assessed,not_assessed,not_assessed,False,,,,0,0,
malaria_late,D14_Hashtag5,D14,Saline,threadfin,2,GC,Memory,GC+Memory,0,34,0.0,1271,1470,not_assessed,not_assessed,not_assessed,False,,,,0,0,
malaria_late,D14_Hashtag5,D14,Saline,threadfin,2,Memory,PB,Memory+PB,2,118,0.01694915254237288,1271,1470,not_assessed,not_assessed,not_assessed,False,,,,0,0,
malaria_late,D14_Hashtag6,D14,Saline,threadfin,2,GC,PB,GC+PB,31,51,0.6078431372549019,1771,1937,not_assessed,not_assessed,not_assessed,False,,,,0,0,
malaria_late,D14_Hashtag6,D14,Saline,threadfin,2,GC,Memory,GC+Memory,2,51,0.0392156862745098,1771,1937,not_assessed,not_assessed,not_assessed,False,,,,0,0,
malaria_late,D14_Hashtag6,D14,Saline,threadfin,2,Memory,PB,Memory+PB,8,111,0.07207207207207207,1771,1937,not_assessed,not_assessed,not_assessed,False,,,,0,0,
malaria_late,D14_Hashtag7,D14,Naive,threadfin,2,GC,PB,GC+PB,0,0,,640,640,not_assessed,not_assessed,not_assessed,False,,,,0,0,
malaria_late,D14_Hashtag7,D14,Naive,threadfin,2,GC,Memory,GC+Memory,0,0,,640,640,not_assessed,not_assessed,not_assessed,False,,,,0,0,
malaria_late,D14_Hashtag7,D14,Naive,threadfin,2,Memory,PB,Memory+PB,0,0,,640,640,not_assessed,not_assessed,not_assessed,False,,,,0,0,
malaria_late,D21_Hashtag1,D21,Artesunate,threadfin,2,GC,PB,GC+PB,0,2,0.0,1323,1327,not_assessed,not_assessed,not_assessed,False,,,,0,0,
malaria_late,D21_Hashtag1,D21,Artesunate,threadfin,2,GC,Memory,GC+Memory,0,2,0.0,1323,1327,not_assessed,not_assessed,not_assessed,False,,,,0,0,
malaria_late,D21_Hashtag1,D21,Artesunate,threadfin,2,Memory,PB,Memory+PB,0,4,0.0,1323,1327,not_assessed,not_assessed,not_assessed,False,,,,0,0,
malaria_late,D21_Hashtag2,D21,Artesunate,threadfin,2,GC,PB,GC+PB,0,1,0.0,1679,1689,not_assessed,not_assessed,not_assessed,False,,,,0,0,
malaria_late,D21_Hashtag2,D21,Artesunate,threadfin,2,GC,Memory,GC+Memory,1,1,1.0,1679,1689,not_assessed,not_assessed,not_assessed,False,,,,0,0,
malaria_late,D21_Hashtag2,D21,Artesunate,threadfin,2,Memory,PB,Memory+PB,0,5,0.0,1679,1689,not_assessed,not_assessed,not_assessed,False,,,,0,0,
malaria_late,D21_Hashtag3,D21,Artesunate,threadfin,2,GC,PB,GC+PB,0,4,0.0,1935,1948,not_assessed,not_assessed,not_assessed,False,,,,0,0,
malaria_late,D21_Hashtag3,D21,Artesunate,threadfin,2,GC,Memory,GC+Memory,0,4,0.0,1935,1948,not_assessed,not_assessed,not_assessed,False,,,,0,0,
malaria_late,D21_Hashtag3,D21,Artesunate,threadfin,2,Memory,PB,Memory+PB,0,8,0.0,1935,1948,not_assessed,not_assessed,not_assessed,False,,,,0,0,
malaria_late,D21_Hashtag4,D21,Saline,threadfin,2,GC,PB,GC+PB,5,18,0.2777777777777778,1746,1769,not_assessed,not_assessed,not_assessed,False,,,,0,0,
malaria_late,D21_Hashtag4,D21,Saline,threadfin,2,GC,Memory,GC+Memory,0,18,0.0,1746,1769,not_assessed,not_assessed,not_assessed,False,,,,0,0,
malaria_late,D21_Hashtag4,D21,Saline,threadfin,2,Memory,PB,Memory+PB,0,22,0.0,1746,1769,not_assessed,not_assessed,not_assessed,False,,,,0,0,
malaria_late,D21_Hashtag5,D21,Saline,threadfin,2,GC,PB,GC+PB,0,10,0.0,1448,1468,not_assessed,not_assessed,not_assessed,False,,,,0,0,
malaria_late,D21_Hashtag5,D21,Saline,threadfin,2,GC,Memory,GC+Memory,0,10,0.0,1448,1468,not_assessed,not_assessed,not_assessed,False,,,,0,0,
malaria_late,D21_Hashtag5,D21,Saline,threadfin,2,Memory,PB,Memory+PB,0,14,0.0,1448,1468,not_assessed,not_assessed,not_assessed,False,,,,0,0,
malaria_late,D21_Hashtag6,D21,Saline,threadfin,2,GC,PB,GC+PB,11,39,0.28205128205128205,4555,4622,not_assessed,not_assessed,not_assessed,False,,,,0,0,
malaria_late,D21_Hashtag6,D21,Saline,threadfin,2,GC,Memory,GC+Memory,2,39,0.05128205128205128,4555,4622,not_assessed,not_assessed,not_assessed,False,,,,0,0,
malaria_late,D21_Hashtag6,D21,Saline,threadfin,2,Memory,PB,Memory+PB,2,60,0.03333333333333333,4555,4622,not_assessed,not_assessed,not_assessed,False,,,,0,0,
malaria_late,D21_Hashtag7,D21,Naive,threadfin,2,GC,PB,GC+PB,0,0,,1068,1068,not_assessed,not_assessed,not_assessed,False,,,,0,0,
malaria_late,D21_Hashtag7,D21,Naive,threadfin,2,GC,Memory,GC+Memory,0,0,,1068,1068,not_assessed,not_assessed,not_assessed,False,,,,0,0,
malaria_late,D21_Hashtag7,D21,Naive,threadfin,2,Memory,PB,Memory+PB,0,0,,1068,1068,not_assessed,not_assessed,not_assessed,False,,,,0,0,
malaria_late,D28_Hashtag1,D28,Artesunate,threadfin,2,GC,PB,GC+PB,0,3,0.0,802,813,not_assessed,not_assessed,not_assessed,False,,,,0,0,
malaria_late,D28_Hashtag1,D28,Artesunate,threadfin,2,GC,Memory,GC+Memory,0,3,0.0,802,813,not_assessed,not_assessed,not_assessed,False,,,,0,0,
malaria_late,D28_Hashtag1,D28,Artesunate,threadfin,2,Memory,PB,Memory+PB,0,11,0.0,802,813,not_assessed,not_assessed,not_assessed,False,,,,0,0,
malaria_late,D28_Hashtag2,D28,Artesunate,threadfin,2,GC,PB,GC+PB,0,9,0.0,1325,1345,not_assessed,not_assessed,not_assessed,False,,,,0,0,
malaria_late,D28_Hashtag2,D28,Artesunate,threadfin,2,GC,Memory,GC+Memory,0,9,0.0,1325,1345,not_assessed,not_assessed,not_assessed,False,,,,0,0,
malaria_late,D28_Hashtag2,D28,Artesunate,threadfin,2,Memory,PB,Memory+PB,0,17,0.0,1325,1345,not_assessed,not_assessed,not_assessed,False,,,,0,0,
malaria_late,D28_Hashtag3,D28,Artesunate,threadfin,2,GC,PB,GC+PB,0,5,0.0,566,575,not_assessed,not_assessed,not_assessed,False,,,,0,0,
malaria_late,D28_Hashtag3,D28,Artesunate,threadfin,2,GC,Memory,GC+Memory,0,5,0.0,566,575,not_assessed,not_assessed,not_assessed,False,,,,0,0,
malaria_late,D28_Hashtag3,D28,Artesunate,threadfin,2,Memory,PB,Memory+PB,0,9,0.0,566,575,not_assessed,not_assessed,not_assessed,False,,,,0,0,
malaria_late,D28_Hashtag4,D28,Saline,threadfin,2,GC,PB,GC+PB,7,36,0.19444444444444445,2761,2830,not_assessed,not_assessed,not_assessed,False,,,,0,0,
malaria_late,D28_Hashtag4,D28,Saline,threadfin,2,GC,Memory,GC+Memory,1,36,0.027777777777777776,2761,2830,not_assessed,not_assessed,not_assessed,False,,,,0,0,
malaria_late,D28_Hashtag4,D28,Saline,threadfin,2,Memory,PB,Memory+PB,0,47,0.0,2761,2830,not_assessed,not_assessed,not_assessed,False,,,,0,0,
malaria_late,D28_Hashtag5,D28,Saline,threadfin,2,GC,PB,GC+PB,11,19,0.5789473684210527,1961,2012,not_assessed,not_assessed,not_assessed,False,,,,0,0,
malaria_late,D28_Hashtag5,D28,Saline,threadfin,2,GC,Memory,GC+Memory,1,19,0.05263157894736842,1961,2012,not_assessed,not_assessed,not_assessed,False,,,,0,0,
malaria_late,D28_Hashtag5,D28,Saline,threadfin,2,Memory,PB,Memory+PB,0,38,0.0,1961,2012,not_assessed,not_assessed,not_assessed,False,,,,0,0,
malaria_late,D28_Hashtag6,D28,Saline,threadfin,2,GC,PB,GC+PB,7,39,0.1794871794871795,1990,2046,not_assessed,not_assessed,not_assessed,False,,,,0,0,
malaria_late,D28_Hashtag6,D28,Saline,threadfin,2,GC,Memory,GC+Memory,1,39,0.02564102564102564,1990,2046,not_assessed,not_assessed,not_assessed,False,,,,0,0,
malaria_late,D28_Hashtag6,D28,Saline,threadfin,2,Memory,PB,Memory+PB,0,48,0.0,1990,2046,not_assessed,not_assessed,not_assessed,False,,,,0,0,
malaria_late,D28_Hashtag7,D28,Naive,threadfin,2,GC,PB,GC+PB,0,0,,769,775,not_assessed,not_assessed,not_assessed,False,,,,0,0,
malaria_late,D28_Hashtag7,D28,Naive,threadfin,2,GC,Memory,GC+Memory,0,0,,769,775,not_assessed,not_assessed,not_assessed,False,,,,0,0,
malaria_late,D28_Hashtag7,D28,Naive,threadfin,2,Memory,PB,Memory+PB,0,5,0.0,769,775,not_assessed,not_assessed,not_assessed,False,,,,0,0,
malaria_late,D35_Hashtag1,D35,Artesunate,threadfin,2,GC,PB,GC+PB,0,16,0.0,2559,2606,not_assessed,not_assessed,not_assessed,False,,,,0,0,
malaria_late,D35_Hashtag1,D35,Artesunate,threadfin,2,GC,Memory,GC+Memory,0,16,0.0,2559,2606,not_assessed,not_assessed,not_assessed,False,,,,0,0,
malaria_late,D35_Hashtag1,D35,Artesunate,threadfin,2,Memory,PB,Memory+PB,0,28,0.0,2559,2606,not_assessed,not_assessed,not_assessed,False,,,,0,0,
malaria_late,D35_Hashtag2,D35,Artesunate,threadfin,2,GC,PB,GC+PB,0,7,0.0,1904,1933,not_assessed,not_assessed,not_assessed,False,,,,0,0,
malaria_late,D35_Hashtag2,D35,Artesunate,threadfin,2,GC,Memory,GC+Memory,0,7,0.0,1904,1933,not_assessed,not_assessed,not_assessed,False,,,,0,0,
malaria_late,D35_Hashtag2,D35,Artesunate,threadfin,2,Memory,PB,Memory+PB,0,18,0.0,1904,1933,not_assessed,not_assessed,not_assessed,False,,,,0,0,
malaria_late,D35_Hashtag3,D35,Artesunate,threadfin,2,GC,PB,GC+PB,1,23,0.043478260869565216,2384,2446,not_assessed,not_assessed,not_assessed,False,,,,0,0,
malaria_late,D35_Hashtag3,D35,Artesunate,threadfin,2,GC,Memory,GC+Memory,3,23,0.13043478260869565,2384,2446,not_assessed,not_assessed,not_assessed,False,,,,0,0,
malaria_late,D35_Hashtag3,D35,Artesunate,threadfin,2,Memory,PB,Memory+PB,1,36,0.027777777777777776,2384,2446,not_assessed,not_assessed,not_assessed,False,,,,0,0,
malaria_late,D35_Hashtag4,D35,Saline,threadfin,2,GC,PB,GC+PB,10,72,0.1388888888888889,2506,2627,not_assessed,not_assessed,not_assessed,False,,,,0,0,
malaria_late,D35_Hashtag4,D35,Saline,threadfin,2,GC,Memory,GC+Memory,7,72,0.09722222222222222,2506,2627,not_assessed,not_assessed,not_assessed,False,,,,0,0,
malaria_late,D35_Hashtag4,D35,Saline,threadfin,2,Memory,PB,Memory+PB,1,88,0.011363636363636364,2506,2627,not_assessed,not_assessed,not_assessed,False,,,,0,0,
malaria_late,D35_Hashtag5,D35,Saline,threadfin,2,GC,PB,GC+PB,0,16,0.0,1047,1075,not_assessed,not_assessed,not_assessed,False,,,,0,0,
malaria_late,D35_Hashtag5,D35,Saline,threadfin,2,GC,Memory,GC+Memory,1,16,0.0625,1047,1075,not_assessed,not_assessed,not_assessed,False,,,,0,0,
malaria_late,D35_Hashtag5,D35,Saline,threadfin,2,Memory,PB,Memory+PB,1,22,0.045454545454545456,1047,1075,not_assessed,not_assessed,not_assessed,False,,,,0,0,
malaria_late,D35_Hashtag6,D35,Saline,threadfin,2,GC,PB,GC+PB,1,35,0.02857142857142857,2019,2082,not_assessed,not_assessed,not_assessed,False,,,,0,0,
malaria_late,D35_Hashtag6,D35,Saline,threadfin,2,GC,Memory,GC+Memory,2,35,0.05714285714285714,2019,2082,not_assessed,not_assessed,not_assessed,False,,,,0,0,
malaria_late,D35_Hashtag6,D35,Saline,threadfin,2,Memory,PB,Memory+PB,0,44,0.0,2019,2082,not_assessed,not_assessed,not_assessed,False,,,,0,0,
malaria_late,D35_Hashtag7,D35,Naive,threadfin,2,GC,PB,GC+PB,0,0,,866,867,not_assessed,not_assessed,not_assessed,False,,,,0,0,
malaria_late,D35_Hashtag7,D35,Naive,threadfin,2,GC,Memory,GC+Memory,0,0,,866,867,not_assessed,not_assessed,not_assessed,False,,,,0,0,
malaria_late,D35_Hashtag7,D35,Naive,threadfin,2,Memory,PB,Memory+PB,0,1,0.0,866,867,not_assessed,not_assessed,not_assessed,False,,,,0,0,
malaria_late,D42_Hashtag1,D42,Artesunate,threadfin,2,GC,PB,GC+PB,2,8,0.25,811,829,not_assessed,not_assessed,not_assessed,False,,,,0,0,
malaria_late,D42_Hashtag1,D42,Artesunate,threadfin,2,GC,Memory,GC+Memory,0,8,0.0,811,829,not_assessed,not_assessed,not_assessed,False,,,,0,0,
malaria_late,D42_Hashtag1,D42,Artesunate,threadfin,2,Memory,PB,Memory+PB,0,12,0.0,811,829,not_assessed,not_assessed,not_assessed,False,,,,0,0,
malaria_late,D42_Hashtag2,D42,Artesunate,threadfin,2,GC,PB,GC+PB,0,1,0.0,513,519,not_assessed,not_assessed,not_assessed,False,,,,0,0,
malaria_late,D42_Hashtag2,D42,Artesunate,threadfin,2,GC,Memory,GC+Memory,1,1,1.0,513,519,not_assessed,not_assessed,not_assessed,False,,,,0,0,
malaria_late,D42_Hashtag2,D42,Artesunate,threadfin,2,Memory,PB,Memory+PB,0,3,0.0,513,519,not_assessed,not_assessed,not_assessed,False,,,,0,0,
malaria_late,D42_Hashtag3,D42,Artesunate,threadfin,2,GC,PB,GC+PB,3,8,0.375,1260,1279,not_assessed,not_assessed,not_assessed,False,,,,0,0,
malaria_late,D42_Hashtag3,D42,Artesunate,threadfin,2,GC,Memory,GC+Memory,1,8,0.125,1260,1279,not_assessed,not_assessed,not_assessed,False,,,,0,0,
malaria_late,D42_Hashtag3,D42,Artesunate,threadfin,2,Memory,PB,Memory+PB,1,12,0.08333333333333333,1260,1279,not_assessed,not_assessed,not_assessed,False,,,,0,0,
malaria_late,D42_Hashtag4,D42,Saline,threadfin,2,GC,PB,GC+PB,1,22,0.045454545454545456,1611,1644,not_assessed,not_assessed,not_assessed,False,,,,0,0,
malaria_late,D42_Hashtag4,D42,Saline,threadfin,2,GC,Memory,GC+Memory,2,22,0.09090909090909091,1611,1644,not_assessed,not_assessed,not_assessed,False,,,,0,0,
malaria_late,D42_Hashtag4,D42,Saline,threadfin,2,Memory,PB,Memory+PB,0,27,0.0,1611,1644,not_assessed,not_assessed,not_assessed,False,,,,0,0,
malaria_late,D42_Hashtag5,D42,Saline,threadfin,2,GC,PB,GC+PB,7,40,0.175,1224,1305,not_assessed,not_assessed,not_assessed,False,,,,0,0,
malaria_late,D42_Hashtag5,D42,Saline,threadfin,2,GC,Memory,GC+Memory,2,40,0.05,1224,1305,not_assessed,not_assessed,not_assessed,False,,,,0,0,
malaria_late,D42_Hashtag5,D42,Saline,threadfin,2,Memory,PB,Memory+PB,0,49,0.0,1224,1305,not_assessed,not_assessed,not_assessed,False,,,,0,0,
malaria_late,D42_Hashtag6,D42,Saline,threadfin,2,GC,PB,GC+PB,1,24,0.041666666666666664,1727,1772,not_assessed,not_assessed,not_assessed,False,,,,0,0,
malaria_late,D42_Hashtag6,D42,Saline,threadfin,2,GC,Memory,GC+Memory,4,24,0.16666666666666666,1727,1772,not_assessed,not_assessed,not_assessed,False,,,,0,0,
malaria_late,D42_Hashtag6,D42,Saline,threadfin,2,Memory,PB,Memory+PB,1,36,0.027777777777777776,1727,1772,not_assessed,not_assessed,not_assessed,False,,,,0,0,
malaria_late,D42_Hashtag7,D42,Naive,threadfin,2,GC,PB,GC+PB,0,0,,623,625,not_assessed,not_assessed,not_assessed,False,,,,0,0,
malaria_late,D42_Hashtag7,D42,Naive,threadfin,2,GC,Memory,GC+Memory,0,0,,623,625,not_assessed,not_assessed,not_assessed,False,,,,0,0,
malaria_late,D42_Hashtag7,D42,Naive,threadfin,2,Memory,PB,Memory+PB,0,2,0.0,623,625,not_assessed,not_assessed,not_assessed,False,,,,0,0,
