cohort,donor,day,treatment,clone_definition,threshold,state_a,state_b,pair,observed_shared,denominator_clones,observed_rate,n_clones,n_cells,null_type,null_model,null,denominator_definition,null_model_available,null_mean_rate,effect_rate_difference,enrichment_p,n_null_draws,n_null_valid_draws,null_zero_denominator_fraction
malaria_early,D10_Hashtag1,D10,,threadfin,2,GC,PB,GC+PB,1,23,0.043478260869565216,549,574,within_mouse,cell_state_label_permutation,state_labels,all clones size>=2,True,0.11586227896556972,-0.0723840180960045,0.949,1999,1999,0.0
malaria_early,D10_Hashtag1,D10,,threadfin,2,GC,PB,GC+PB,1,23,0.043478260869565216,549,574,within_mouse_isotype,cell_state_label_permutation,state_labels,all clones size>=2,True,0.1121212780303195,-0.06864301716075429,0.943,1999,1999,0.0
malaria_early,D10_Hashtag1,D10,,threadfin,2,GC,Memory,GC+Memory,0,23,0.0,549,574,within_mouse,cell_state_label_permutation,state_labels,all clones size>=2,True,0.00815625203906301,-0.00815625203906301,1.0,1999,1999,0.0
malaria_early,D10_Hashtag1,D10,,threadfin,2,GC,Memory,GC+Memory,0,23,0.0,549,574,within_mouse_isotype,cell_state_label_permutation,state_labels,all clones size>=2,True,0.004502251125562781,-0.004502251125562781,1.0,1999,1999,0.0
malaria_early,D10_Hashtag1,D10,,threadfin,2,Memory,PB,Memory+PB,0,23,0.0,549,574,within_mouse,cell_state_label_permutation,state_labels,all clones size>=2,True,0.040563760140940035,-0.040563760140940035,1.0,1999,1999,0.0
malaria_early,D10_Hashtag1,D10,,threadfin,2,Memory,PB,Memory+PB,0,23,0.0,549,574,within_mouse_isotype,cell_state_label_permutation,state_labels,all clones size>=2,True,0.012571503142875785,-0.012571503142875785,1.0,1999,1999,0.0
malaria_early,D10_Hashtag2,D10,,threadfin,2,GC,PB,GC+PB,3,56,0.05357142857142857,710,784,within_mouse,cell_state_label_permutation,state_labels,all clones size>=2,True,0.1342456942757093,-0.08067426570428071,0.99,1999,1999,0.0
malaria_early,D10_Hashtag2,D10,,threadfin,2,GC,PB,GC+PB,3,56,0.05357142857142857,710,784,within_mouse_isotype,cell_state_label_permutation,state_labels,all clones size>=2,True,0.12828735796469662,-0.07471592939326804,0.9895,1999,1999,0.0
malaria_early,D10_Hashtag2,D10,,threadfin,2,GC,Memory,GC+Memory,0,56,0.0,710,784,within_mouse,cell_state_label_permutation,state_labels,all clones size>=2,True,0.009165296934181376,-0.009165296934181376,1.0,1999,1999,0.0
malaria_early,D10_Hashtag2,D10,,threadfin,2,GC,Memory,GC+Memory,0,56,0.0,710,784,within_mouse_isotype,cell_state_label_permutation,state_labels,all clones size>=2,True,0.0025280497391552918,-0.0025280497391552918,1.0,1999,1999,0.0
malaria_early,D10_Hashtag2,D10,,threadfin,2,Memory,PB,Memory+PB,0,56,0.0,710,784,within_mouse,cell_state_label_permutation,state_labels,all clones size>=2,True,0.046282069606231685,-0.046282069606231685,1.0,1999,1999,0.0
malaria_early,D10_Hashtag2,D10,,threadfin,2,Memory,PB,Memory+PB,0,56,0.0,710,784,within_mouse_isotype,cell_state_label_permutation,state_labels,all clones size>=2,True,0.01099656971342814,-0.01099656971342814,1.0,1999,1999,0.0
malaria_early,D10_Hashtag3,D10,,threadfin,2,GC,PB,GC+PB,4,64,0.0625,909,999,within_mouse,cell_state_label_permutation,state_labels,all clones size>=2,True,0.14125812906453228,-0.07875812906453228,0.989,1999,1999,0.0
malaria_early,D10_Hashtag3,D10,,threadfin,2,GC,PB,GC+PB,4,64,0.0625,909,999,within_mouse_isotype,cell_state_label_permutation,state_labels,all clones size>=2,True,0.14281359429714857,-0.08031359429714857,0.9915,1999,1999,0.0
malaria_early,D10_Hashtag3,D10,,threadfin,2,GC,Memory,GC+Memory,0,64,0.0,909,999,within_mouse,cell_state_label_permutation,state_labels,all clones size>=2,True,0.007988369184592297,-0.007988369184592297,1.0,1999,1999,0.0
malaria_early,D10_Hashtag3,D10,,threadfin,2,GC,Memory,GC+Memory,0,64,0.0,909,999,within_mouse_isotype,cell_state_label_permutation,state_labels,all clones size>=2,True,0.004689844922461231,-0.004689844922461231,1.0,1999,1999,0.0
malaria_early,D10_Hashtag3,D10,,threadfin,2,Memory,PB,Memory+PB,1,64,0.015625,909,999,within_mouse,cell_state_label_permutation,state_labels,all clones size>=2,True,0.045468046523261633,-0.029843046523261633,0.966,1999,1999,0.0
malaria_early,D10_Hashtag3,D10,,threadfin,2,Memory,PB,Memory+PB,1,64,0.015625,909,999,within_mouse_isotype,cell_state_label_permutation,state_labels,all clones size>=2,True,0.015593734367183592,3.126563281640772e-05,0.6795,1999,1999,0.0
malaria_early,D10_Hashtag4,D10,,threadfin,2,GC,PB,GC+PB,2,55,0.03636363636363636,867,946,within_mouse,cell_state_label_permutation,state_labels,all clones size>=2,True,0.10421574423575423,-0.06785210787211787,0.988,1999,1999,0.0
malaria_early,D10_Hashtag4,D10,,threadfin,2,GC,PB,GC+PB,2,55,0.03636363636363636,867,946,within_mouse_isotype,cell_state_label_permutation,state_labels,all clones size>=2,True,0.07977625176224476,-0.0434126153986084,0.9555,1999,1999,0.0
malaria_early,D10_Hashtag4,D10,,threadfin,2,GC,Memory,GC+Memory,0,55,0.0,867,946,within_mouse,cell_state_label_permutation,state_labels,all clones size>=2,True,0.0074218927645641,-0.0074218927645641,1.0,1999,1999,0.0
malaria_early,D10_Hashtag4,D10,,threadfin,2,GC,Memory,GC+Memory,0,55,0.0,867,946,within_mouse_isotype,cell_state_label_permutation,state_labels,all clones size>=2,True,0.0022738642048296875,-0.0022738642048296875,1.0,1999,1999,0.0
malaria_early,D10_Hashtag4,D10,,threadfin,2,Memory,PB,Memory+PB,0,55,0.0,867,946,within_mouse,cell_state_label_permutation,state_labels,all clones size>=2,True,0.059793533130201464,-0.059793533130201464,1.0,1999,1999,0.0
malaria_early,D10_Hashtag4,D10,,threadfin,2,Memory,PB,Memory+PB,0,55,0.0,867,946,within_mouse_isotype,cell_state_label_permutation,state_labels,all clones size>=2,True,0.012197007594706445,-0.012197007594706445,1.0,1999,1999,0.0
malaria_early,D10_Hashtag5,D10,,threadfin,2,GC,PB,GC+PB,6,73,0.0821917808219178,924,1024,within_mouse,cell_state_label_permutation,state_labels,all clones size>=2,True,0.14914991742446565,-0.06695813660254785,0.9835,1999,1999,0.0
malaria_early,D10_Hashtag5,D10,,threadfin,2,GC,PB,GC+PB,6,73,0.0821917808219178,924,1024,within_mouse_isotype,cell_state_label_permutation,state_labels,all clones size>=2,True,0.12331508219863356,-0.04112330137671576,0.9315,1999,1999,0.0
malaria_early,D10_Hashtag5,D10,,threadfin,2,GC,Memory,GC+Memory,0,73,0.0,924,1024,within_mouse,cell_state_label_permutation,state_labels,all clones size>=2,True,0.011649660446661686,-0.011649660446661686,1.0,1999,1999,0.0
malaria_early,D10_Hashtag5,D10,,threadfin,2,GC,Memory,GC+Memory,0,73,0.0,924,1024,within_mouse_isotype,cell_state_label_permutation,state_labels,all clones size>=2,True,0.012040266708696814,-0.012040266708696814,1.0,1999,1999,0.0
malaria_early,D10_Hashtag5,D10,,threadfin,2,Memory,PB,Memory+PB,2,73,0.0273972602739726,924,1024,within_mouse,cell_state_label_permutation,state_labels,all clones size>=2,True,0.0656903794362935,-0.03829311916232089,0.975,1999,1999,0.0
malaria_early,D10_Hashtag5,D10,,threadfin,2,Memory,PB,Memory+PB,2,73,0.0273972602739726,924,1024,within_mouse_isotype,cell_state_label_permutation,state_labels,all clones size>=2,True,0.03052896311169283,-0.00313170283772023,0.6945,1999,1999,0.0
malaria_early,D14_Hashtag1,D14,,threadfin,2,GC,PB,GC+PB,6,56,0.10714285714285714,1095,1186,within_mouse,cell_state_label_permutation,state_labels,all clones size>=2,True,0.07979882798542128,0.027344029157435862,0.2785,1999,1999,0.0
malaria_early,D14_Hashtag1,D14,,threadfin,2,GC,PB,GC+PB,6,56,0.10714285714285714,1095,1186,within_mouse_isotype,cell_state_label_permutation,state_labels,all clones size>=2,True,0.24371114128492818,-0.13656828414207106,1.0,1999,1999,0.0
malaria_early,D14_Hashtag1,D14,,threadfin,2,GC,Memory,GC+Memory,1,56,0.017857142857142856,1095,1186,within_mouse,cell_state_label_permutation,state_labels,all clones size>=2,True,0.049247838204816693,-0.03139069534767384,0.956,1999,1999,0.0
malaria_early,D14_Hashtag1,D14,,threadfin,2,GC,Memory,GC+Memory,1,56,0.017857142857142856,1095,1186,within_mouse_isotype,cell_state_label_permutation,state_labels,all clones size>=2,True,0.03474058457800328,-0.016883441720860426,0.8965,1999,1999,0.0
malaria_early,D14_Hashtag1,D14,,threadfin,2,Memory,PB,Memory+PB,3,56,0.05357142857142857,1095,1186,within_mouse,cell_state_label_permutation,state_labels,all clones size>=2,True,0.07182162509826341,-0.018250196526834843,0.796,1999,1999,0.0
malaria_early,D14_Hashtag1,D14,,threadfin,2,Memory,PB,Memory+PB,3,56,0.05357142857142857,1095,1186,within_mouse_isotype,cell_state_label_permutation,state_labels,all clones size>=2,True,0.049533695419138137,0.004037733152290432,0.54,1999,1999,0.0
malaria_early,D14_Hashtag2,D14,,threadfin,2,GC,PB,GC+PB,5,52,0.09615384615384616,1008,1090,within_mouse,cell_state_label_permutation,state_labels,all clones size>=2,True,0.08476353561396081,0.011390310539885345,0.466,1999,1999,0.0
malaria_early,D14_Hashtag2,D14,,threadfin,2,GC,PB,GC+PB,5,52,0.09615384615384616,1008,1090,within_mouse_isotype,cell_state_label_permutation,state_labels,all clones size>=2,True,0.20955670142763688,-0.11340285527379072,0.9995,1999,1999,0.0
malaria_early,D14_Hashtag2,D14,,threadfin,2,GC,Memory,GC+Memory,0,52,0.0,1008,1090,within_mouse,cell_state_label_permutation,state_labels,all clones size>=2,True,0.052689806441682384,-0.052689806441682384,1.0,1999,1999,0.0
malaria_early,D14_Hashtag2,D14,,threadfin,2,GC,Memory,GC+Memory,0,52,0.0,1008,1090,within_mouse_isotype,cell_state_label_permutation,state_labels,all clones size>=2,True,0.03587370608381113,-0.03587370608381113,1.0,1999,1999,0.0
malaria_early,D14_Hashtag2,D14,,threadfin,2,Memory,PB,Memory+PB,1,52,0.019230769230769232,1008,1090,within_mouse,cell_state_label_permutation,state_labels,all clones size>=2,True,0.06936160387886252,-0.050130834648093286,0.978,1999,1999,0.0
malaria_early,D14_Hashtag2,D14,,threadfin,2,Memory,PB,Memory+PB,1,52,0.019230769230769232,1008,1090,within_mouse_isotype,cell_state_label_permutation,state_labels,all clones size>=2,True,0.04516681417631893,-0.0259360449455497,0.9225,1999,1999,0.0
malaria_early,D14_Hashtag3,D14,,threadfin,2,GC,PB,GC+PB,1,35,0.02857142857142857,934,975,within_mouse,cell_state_label_permutation,state_labels,all clones size>=2,True,0.02968627170728222,-0.0011148431358536486,0.6595,1999,1999,0.0
malaria_early,D14_Hashtag3,D14,,threadfin,2,GC,PB,GC+PB,1,35,0.02857142857142857,934,975,within_mouse_isotype,cell_state_label_permutation,state_labels,all clones size>=2,True,0.16348174087043518,-0.1349103122990066,0.999,1999,1999,0.0
malaria_early,D14_Hashtag3,D14,,threadfin,2,GC,Memory,GC+Memory,0,35,0.0,934,975,within_mouse,cell_state_label_permutation,state_labels,all clones size>=2,True,0.028457085685699993,-0.028457085685699993,1.0,1999,1999,0.0
malaria_early,D14_Hashtag3,D14,,threadfin,2,GC,Memory,GC+Memory,0,35,0.0,934,975,within_mouse_isotype,cell_state_label_permutation,state_labels,all clones size>=2,True,0.02621310655327664,-0.02621310655327664,1.0,1999,1999,0.0
malaria_early,D14_Hashtag3,D14,,threadfin,2,Memory,PB,Memory+PB,4,35,0.11428571428571428,934,975,within_mouse,cell_state_label_permutation,state_labels,all clones size>=2,True,0.03370256556849854,0.08058314871721575,0.0265,1999,1999,0.0
malaria_early,D14_Hashtag3,D14,,threadfin,2,Memory,PB,Memory+PB,4,35,0.11428571428571428,934,975,within_mouse_isotype,cell_state_label_permutation,state_labels,all clones size>=2,True,0.033488172657757456,0.08079754162795683,0.0155,1999,1999,0.0
malaria_early,D14_Hashtag4,D14,,threadfin,2,GC,PB,GC+PB,7,48,0.14583333333333334,982,1056,within_mouse,cell_state_label_permutation,state_labels,all clones size>=2,True,0.09232741370685342,0.05350591962647992,0.1285,1999,1999,0.0
malaria_early,D14_Hashtag4,D14,,threadfin,2,GC,PB,GC+PB,7,48,0.14583333333333334,982,1056,within_mouse_isotype,cell_state_label_permutation,state_labels,all clones size>=2,True,0.2809425546106387,-0.13510922127730537,0.997,1999,1999,0.0
malaria_early,D14_Hashtag4,D14,,threadfin,2,GC,Memory,GC+Memory,0,48,0.0,982,1056,within_mouse,cell_state_label_permutation,state_labels,all clones size>=2,True,0.03790436885109221,-0.03790436885109221,1.0,1999,1999,0.0
malaria_early,D14_Hashtag4,D14,,threadfin,2,GC,Memory,GC+Memory,0,48,0.0,982,1056,within_mouse_isotype,cell_state_label_permutation,state_labels,all clones size>=2,True,0.02207353676838419,-0.02207353676838419,1.0,1999,1999,0.0
malaria_early,D14_Hashtag4,D14,,threadfin,2,Memory,PB,Memory+PB,0,48,0.0,982,1056,within_mouse,cell_state_label_permutation,state_labels,all clones size>=2,True,0.05774762381190595,-0.05774762381190595,1.0,1999,1999,0.0
malaria_early,D14_Hashtag4,D14,,threadfin,2,Memory,PB,Memory+PB,0,48,0.0,982,1056,within_mouse_isotype,cell_state_label_permutation,state_labels,all clones size>=2,True,0.03256836751709188,-0.03256836751709188,1.0,1999,1999,0.0
malaria_early,D14_Hashtag5,D14,,threadfin,2,GC,PB,GC+PB,4,52,0.07692307692307693,857,925,within_mouse,cell_state_label_permutation,state_labels,all clones size>=2,True,0.0759995382306538,0.0009235386924231342,0.5775,1999,1999,0.0
malaria_early,D14_Hashtag5,D14,,threadfin,2,GC,PB,GC+PB,4,52,0.07692307692307693,857,925,within_mouse_isotype,cell_state_label_permutation,state_labels,all clones size>=2,True,0.1916727594566514,-0.11474968253357448,0.9985,1999,1999,0.0
malaria_early,D14_Hashtag5,D14,,threadfin,2,GC,Memory,GC+Memory,1,52,0.019230769230769232,857,925,within_mouse,cell_state_label_permutation,state_labels,all clones size>=2,True,0.03177550313618348,-0.012544733905414246,0.81,1999,1999,0.0
malaria_early,D14_Hashtag5,D14,,threadfin,2,GC,Memory,GC+Memory,1,52,0.019230769230769232,857,925,within_mouse_isotype,cell_state_label_permutation,state_labels,all clones size>=2,True,0.022184169007580714,-0.002953399776811482,0.7015,1999,1999,0.0
malaria_early,D14_Hashtag5,D14,,threadfin,2,Memory,PB,Memory+PB,3,52,0.057692307692307696,857,925,within_mouse,cell_state_label_permutation,state_labels,all clones size>=2,True,0.07369069149959596,-0.01599838380728827,0.767,1999,1999,0.0
malaria_early,D14_Hashtag5,D14,,threadfin,2,Memory,PB,Memory+PB,3,52,0.057692307692307696,857,925,within_mouse_isotype,cell_state_label_permutation,state_labels,all clones size>=2,True,0.05008273367452957,0.007609574017778127,0.5045,1999,1999,0.0
malaria_early,D4_Hashtag2,D4,,threadfin,2,GC,PB,GC+PB,0,37,0.0,1627,1666,within_mouse,cell_state_label_permutation,state_labels,all clones size>=2,True,2.704054730067737e-05,-2.704054730067737e-05,1.0,1999,1999,0.0
malaria_early,D4_Hashtag2,D4,,threadfin,2,GC,PB,GC+PB,0,37,0.0,1627,1666,within_mouse_isotype,cell_state_label_permutation,state_labels,all clones size>=2,True,2.704054730067737e-05,-2.704054730067737e-05,1.0,1999,1999,0.0
malaria_early,D4_Hashtag2,D4,,threadfin,2,GC,Memory,GC+Memory,0,37,0.0,1627,1666,within_mouse,cell_state_label_permutation,state_labels,all clones size>=2,True,0.00022984465205575763,-0.00022984465205575763,1.0,1999,1999,0.0
malaria_early,D4_Hashtag2,D4,,threadfin,2,GC,Memory,GC+Memory,0,37,0.0,1627,1666,within_mouse_isotype,cell_state_label_permutation,state_labels,all clones size>=2,True,0.000297446020307451,-0.000297446020307451,1.0,1999,1999,0.0
malaria_early,D4_Hashtag2,D4,,threadfin,2,Memory,PB,Memory+PB,0,37,0.0,1627,1666,within_mouse,cell_state_label_permutation,state_labels,all clones size>=2,True,1.3520273650338684e-05,-1.3520273650338684e-05,1.0,1999,1999,0.0
malaria_early,D4_Hashtag2,D4,,threadfin,2,Memory,PB,Memory+PB,0,37,0.0,1627,1666,within_mouse_isotype,cell_state_label_permutation,state_labels,all clones size>=2,True,2.704054730067737e-05,-2.704054730067737e-05,1.0,1999,1999,0.0
malaria_early,D4_Hashtag3,D4,,threadfin,2,GC,PB,GC+PB,0,59,0.0,2103,2172,within_mouse,cell_state_label_permutation,state_labels,all clones size>=2,True,0.0,0.0,1.0,1999,1999,0.0
malaria_early,D4_Hashtag3,D4,,threadfin,2,GC,PB,GC+PB,0,59,0.0,2103,2172,within_mouse_isotype,cell_state_label_permutation,state_labels,all clones size>=2,True,0.0,0.0,1.0,1999,1999,0.0
malaria_early,D4_Hashtag3,D4,,threadfin,2,GC,Memory,GC+Memory,0,59,0.0,2103,2172,within_mouse,cell_state_label_permutation,state_labels,all clones size>=2,True,0.0004578560466674015,-0.0004578560466674015,1.0,1999,1999,0.0
malaria_early,D4_Hashtag3,D4,,threadfin,2,GC,Memory,GC+Memory,0,59,0.0,2103,2172,within_mouse_isotype,cell_state_label_permutation,state_labels,all clones size>=2,True,0.0003900255212351939,-0.0003900255212351939,1.0,1999,1999,0.0
malaria_early,D4_Hashtag3,D4,,threadfin,2,Memory,PB,Memory+PB,0,59,0.0,2103,2172,within_mouse,cell_state_label_permutation,state_labels,all clones size>=2,True,0.0,0.0,1.0,1999,1999,0.0
malaria_early,D4_Hashtag3,D4,,threadfin,2,Memory,PB,Memory+PB,0,59,0.0,2103,2172,within_mouse_isotype,cell_state_label_permutation,state_labels,all clones size>=2,True,0.0,0.0,1.0,1999,1999,0.0
malaria_early,D4_Hashtag4,D4,,threadfin,2,GC,PB,GC+PB,0,54,0.0,1926,1985,within_mouse,cell_state_label_permutation,state_labels,all clones size>=2,True,9.26389120486169e-06,-9.26389120486169e-06,1.0,1999,1999,0.0
malaria_early,D4_Hashtag4,D4,,threadfin,2,GC,PB,GC+PB,0,54,0.0,1926,1985,within_mouse_isotype,cell_state_label_permutation,state_labels,all clones size>=2,True,9.26389120486169e-06,-9.26389120486169e-06,1.0,1999,1999,0.0
malaria_early,D4_Hashtag4,D4,,threadfin,2,GC,Memory,GC+Memory,0,54,0.0,1926,1985,within_mouse,cell_state_label_permutation,state_labels,all clones size>=2,True,0.0003149723009652974,-0.0003149723009652974,1.0,1999,1999,0.0
malaria_early,D4_Hashtag4,D4,,threadfin,2,GC,Memory,GC+Memory,0,54,0.0,1926,1985,within_mouse_isotype,cell_state_label_permutation,state_labels,all clones size>=2,True,0.00046319456024308445,-0.00046319456024308445,1.0,1999,1999,0.0
malaria_early,D4_Hashtag4,D4,,threadfin,2,Memory,PB,Memory+PB,0,54,0.0,1926,1985,within_mouse,cell_state_label_permutation,state_labels,all clones size>=2,True,9.26389120486169e-06,-9.26389120486169e-06,1.0,1999,1999,0.0
malaria_early,D4_Hashtag4,D4,,threadfin,2,Memory,PB,Memory+PB,0,54,0.0,1926,1985,within_mouse_isotype,cell_state_label_permutation,state_labels,all clones size>=2,True,2.779167361458507e-05,-2.779167361458507e-05,1.0,1999,1999,0.0
malaria_early,D4_Hashtag5,D4,,threadfin,2,GC,PB,GC+PB,0,64,0.0,2174,2252,within_mouse,cell_state_label_permutation,state_labels,all clones size>=2,True,7.81640820410205e-06,-7.81640820410205e-06,1.0,1999,1999,0.0
malaria_early,D4_Hashtag5,D4,,threadfin,2,GC,PB,GC+PB,0,64,0.0,2174,2252,within_mouse_isotype,cell_state_label_permutation,state_labels,all clones size>=2,True,7.81640820410205e-06,-7.81640820410205e-06,1.0,1999,1999,0.0
malaria_early,D4_Hashtag5,D4,,threadfin,2,GC,Memory,GC+Memory,0,64,0.0,2174,2252,within_mouse,cell_state_label_permutation,state_labels,all clones size>=2,True,0.00014851175587793898,-0.00014851175587793898,1.0,1999,1999,0.0
malaria_early,D4_Hashtag5,D4,,threadfin,2,GC,Memory,GC+Memory,0,64,0.0,2174,2252,within_mouse_isotype,cell_state_label_permutation,state_labels,all clones size>=2,True,0.00016414457228614308,-0.00016414457228614308,1.0,1999,1999,0.0
malaria_early,D4_Hashtag5,D4,,threadfin,2,Memory,PB,Memory+PB,0,64,0.0,2174,2252,within_mouse,cell_state_label_permutation,state_labels,all clones size>=2,True,7.81640820410205e-06,-7.81640820410205e-06,1.0,1999,1999,0.0
malaria_early,D4_Hashtag5,D4,,threadfin,2,Memory,PB,Memory+PB,0,64,0.0,2174,2252,within_mouse_isotype,cell_state_label_permutation,state_labels,all clones size>=2,True,2.3449224612306153e-05,-2.3449224612306153e-05,1.0,1999,1999,0.0
malaria_early,D7_Hashtag1,D7,,threadfin,2,GC,PB,GC+PB,0,17,0.0,714,733,within_mouse,cell_state_label_permutation,state_labels,all clones size>=2,True,0.0,0.0,1.0,1999,1999,0.0
malaria_early,D7_Hashtag1,D7,,threadfin,2,GC,PB,GC+PB,0,17,0.0,714,733,within_mouse_isotype,cell_state_label_permutation,state_labels,all clones size>=2,True,0.0,0.0,1.0,1999,1999,0.0
malaria_early,D7_Hashtag1,D7,,threadfin,2,GC,Memory,GC+Memory,0,17,0.0,714,733,within_mouse,cell_state_label_permutation,state_labels,all clones size>=2,True,0.0005296766030073861,-0.0005296766030073861,1.0,1999,1999,0.0
malaria_early,D7_Hashtag1,D7,,threadfin,2,GC,Memory,GC+Memory,0,17,0.0,714,733,within_mouse_isotype,cell_state_label_permutation,state_labels,all clones size>=2,True,0.000529676603007386,-0.000529676603007386,1.0,1999,1999,0.0
malaria_early,D7_Hashtag1,D7,,threadfin,2,Memory,PB,Memory+PB,0,17,0.0,714,733,within_mouse,cell_state_label_permutation,state_labels,all clones size>=2,True,0.0,0.0,1.0,1999,1999,0.0
malaria_early,D7_Hashtag1,D7,,threadfin,2,Memory,PB,Memory+PB,0,17,0.0,714,733,within_mouse_isotype,cell_state_label_permutation,state_labels,all clones size>=2,True,0.0,0.0,1.0,1999,1999,0.0
malaria_early,D7_Hashtag2,D7,,threadfin,2,GC,PB,GC+PB,0,18,0.0,649,667,within_mouse,cell_state_label_permutation,state_labels,all clones size>=2,True,0.0002501250625312656,-0.0002501250625312656,1.0,1999,1999,0.0
malaria_early,D7_Hashtag2,D7,,threadfin,2,GC,PB,GC+PB,0,18,0.0,649,667,within_mouse_isotype,cell_state_label_permutation,state_labels,all clones size>=2,True,0.00013895836807292536,-0.00013895836807292536,1.0,1999,1999,0.0
malaria_early,D7_Hashtag2,D7,,threadfin,2,GC,Memory,GC+Memory,0,18,0.0,649,667,within_mouse,cell_state_label_permutation,state_labels,all clones size>=2,True,0.0006392084931354566,-0.0006392084931354566,1.0,1999,1999,0.0
malaria_early,D7_Hashtag2,D7,,threadfin,2,GC,Memory,GC+Memory,0,18,0.0,649,667,within_mouse_isotype,cell_state_label_permutation,state_labels,all clones size>=2,True,0.0007503751875937969,-0.0007503751875937969,1.0,1999,1999,0.0
malaria_early,D7_Hashtag2,D7,,threadfin,2,Memory,PB,Memory+PB,0,18,0.0,649,667,within_mouse,cell_state_label_permutation,state_labels,all clones size>=2,True,0.00022233338891668056,-0.00022233338891668056,1.0,1999,1999,0.0
malaria_early,D7_Hashtag2,D7,,threadfin,2,Memory,PB,Memory+PB,0,18,0.0,649,667,within_mouse_isotype,cell_state_label_permutation,state_labels,all clones size>=2,True,0.00022233338891668056,-0.00022233338891668056,1.0,1999,1999,0.0
malaria_early,D7_Hashtag3,D7,,threadfin,2,GC,PB,GC+PB,0,8,0.0,606,615,within_mouse,cell_state_label_permutation,state_labels,all clones size>=2,True,0.0002501250625312656,-0.0002501250625312656,1.0,1999,1999,0.0
malaria_early,D7_Hashtag3,D7,,threadfin,2,GC,PB,GC+PB,0,8,0.0,606,615,within_mouse_isotype,cell_state_label_permutation,state_labels,all clones size>=2,True,0.00018759379689844922,-0.00018759379689844922,1.0,1999,1999,0.0
malaria_early,D7_Hashtag3,D7,,threadfin,2,GC,Memory,GC+Memory,0,8,0.0,606,615,within_mouse,cell_state_label_permutation,state_labels,all clones size>=2,True,0.0019384692346173086,-0.0019384692346173086,1.0,1999,1999,0.0
malaria_early,D7_Hashtag3,D7,,threadfin,2,GC,Memory,GC+Memory,0,8,0.0,606,615,within_mouse_isotype,cell_state_label_permutation,state_labels,all clones size>=2,True,0.001375687843921961,-0.001375687843921961,1.0,1999,1999,0.0
malaria_early,D7_Hashtag3,D7,,threadfin,2,Memory,PB,Memory+PB,0,8,0.0,606,615,within_mouse,cell_state_label_permutation,state_labels,all clones size>=2,True,0.0001250625312656328,-0.0001250625312656328,1.0,1999,1999,0.0
malaria_early,D7_Hashtag3,D7,,threadfin,2,Memory,PB,Memory+PB,0,8,0.0,606,615,within_mouse_isotype,cell_state_label_permutation,state_labels,all clones size>=2,True,6.25312656328164e-05,-6.25312656328164e-05,1.0,1999,1999,0.0
malaria_early,D7_Hashtag4,D7,,threadfin,2,GC,PB,GC+PB,0,12,0.0,769,781,within_mouse,cell_state_label_permutation,state_labels,all clones size>=2,True,0.00033350008337502084,-0.00033350008337502084,1.0,1999,1999,0.0
malaria_early,D7_Hashtag4,D7,,threadfin,2,GC,PB,GC+PB,0,12,0.0,769,781,within_mouse_isotype,cell_state_label_permutation,state_labels,all clones size>=2,True,0.0,0.0,1.0,1999,1999,0.0
malaria_early,D7_Hashtag4,D7,,threadfin,2,GC,Memory,GC+Memory,0,12,0.0,769,781,within_mouse,cell_state_label_permutation,state_labels,all clones size>=2,True,0.0,0.0,1.0,1999,1999,0.0
malaria_early,D7_Hashtag4,D7,,threadfin,2,GC,Memory,GC+Memory,0,12,0.0,769,781,within_mouse_isotype,cell_state_label_permutation,state_labels,all clones size>=2,True,0.000208437552109388,-0.000208437552109388,1.0,1999,1999,0.0
malaria_early,D7_Hashtag4,D7,,threadfin,2,Memory,PB,Memory+PB,0,12,0.0,769,781,within_mouse,cell_state_label_permutation,state_labels,all clones size>=2,True,0.0002918125729531432,-0.0002918125729531432,1.0,1999,1999,0.0
malaria_early,D7_Hashtag4,D7,,threadfin,2,Memory,PB,Memory+PB,0,12,0.0,769,781,within_mouse_isotype,cell_state_label_permutation,state_labels,all clones size>=2,True,4.1687510421877605e-05,-4.1687510421877605e-05,1.0,1999,1999,0.0
malaria_early,D7_Hashtag5,D7,,threadfin,2,GC,PB,GC+PB,0,18,0.0,697,715,within_mouse,cell_state_label_permutation,state_labels,all clones size>=2,True,0.0002779167361458507,-0.0002779167361458507,1.0,1999,1999,0.0
malaria_early,D7_Hashtag5,D7,,threadfin,2,GC,PB,GC+PB,0,18,0.0,697,715,within_mouse_isotype,cell_state_label_permutation,state_labels,all clones size>=2,True,0.00016675004168751045,-0.00016675004168751045,1.0,1999,1999,0.0
malaria_early,D7_Hashtag5,D7,,threadfin,2,GC,Memory,GC+Memory,0,18,0.0,697,715,within_mouse,cell_state_label_permutation,state_labels,all clones size>=2,True,0.001611917069645934,-0.001611917069645934,1.0,1999,1999,0.0
malaria_early,D7_Hashtag5,D7,,threadfin,2,GC,Memory,GC+Memory,0,18,0.0,697,715,within_mouse_isotype,cell_state_label_permutation,state_labels,all clones size>=2,True,0.000805958534822967,-0.000805958534822967,1.0,1999,1999,0.0
malaria_early,D7_Hashtag5,D7,,threadfin,2,Memory,PB,Memory+PB,0,18,0.0,697,715,within_mouse,cell_state_label_permutation,state_labels,all clones size>=2,True,0.0007503751875937969,-0.0007503751875937969,1.0,1999,1999,0.0
malaria_early,D7_Hashtag5,D7,,threadfin,2,Memory,PB,Memory+PB,0,18,0.0,697,715,within_mouse_isotype,cell_state_label_permutation,state_labels,all clones size>=2,True,0.0004446667778333611,-0.0004446667778333611,1.0,1999,1999,0.0
malaria_late,D10_Hashtag1,D10,Artesunate,threadfin,2,GC,PB,GC+PB,1,56,0.017857142857142856,1203,1268,within_mouse,cell_state_label_permutation,state_labels,all clones size>=2,True,0.06656899878510684,-0.04871185592796399,0.9845,1999,1999,0.0
malaria_late,D10_Hashtag1,D10,Artesunate,threadfin,2,GC,PB,GC+PB,1,56,0.017857142857142856,1203,1268,within_mouse_isotype,cell_state_label_permutation,state_labels,all clones size>=2,True,0.07310798256270991,-0.05525083970556705,0.9895,1999,1999,0.0
malaria_late,D10_Hashtag1,D10,Artesunate,threadfin,2,GC,Memory,GC+Memory,0,56,0.0,1203,1268,within_mouse,cell_state_label_permutation,state_labels,all clones size>=2,True,0.004850639605517043,-0.004850639605517043,1.0,1999,1999,0.0
malaria_late,D10_Hashtag1,D10,Artesunate,threadfin,2,GC,Memory,GC+Memory,0,56,0.0,1203,1268,within_mouse_isotype,cell_state_label_permutation,state_labels,all clones size>=2,True,0.004296791252769242,-0.004296791252769242,1.0,1999,1999,0.0
malaria_late,D10_Hashtag1,D10,Artesunate,threadfin,2,Memory,PB,Memory+PB,1,56,0.017857142857142856,1203,1268,within_mouse,cell_state_label_permutation,state_labels,all clones size>=2,True,0.039716286714785956,-0.0218591438576431,0.902,1999,1999,0.0
malaria_late,D10_Hashtag1,D10,Artesunate,threadfin,2,Memory,PB,Memory+PB,1,56,0.017857142857142856,1203,1268,within_mouse_isotype,cell_state_label_permutation,state_labels,all clones size>=2,True,0.030702851425712854,-0.012845708568569997,0.8275,1999,1999,0.0
malaria_late,D10_Hashtag2,D10,Artesunate,threadfin,2,GC,PB,GC+PB,2,15,0.13333333333333333,949,973,within_mouse,cell_state_label_permutation,state_labels,all clones size>=2,True,0.09558112389528098,0.03775220943805235,0.4445,1999,1999,0.0
malaria_late,D10_Hashtag2,D10,Artesunate,threadfin,2,GC,PB,GC+PB,2,15,0.13333333333333333,949,973,within_mouse_isotype,cell_state_label_permutation,state_labels,all clones size>=2,True,0.10415207603801899,0.029181257295314345,0.485,1999,1999,0.0
malaria_late,D10_Hashtag2,D10,Artesunate,threadfin,2,GC,Memory,GC+Memory,0,15,0.0,949,973,within_mouse,cell_state_label_permutation,state_labels,all clones size>=2,True,0.01837585459396365,-0.01837585459396365,1.0,1999,1999,0.0
malaria_late,D10_Hashtag2,D10,Artesunate,threadfin,2,GC,Memory,GC+Memory,0,15,0.0,949,973,within_mouse_isotype,cell_state_label_permutation,state_labels,all clones size>=2,True,0.022811405702851423,-0.022811405702851423,1.0,1999,1999,0.0
malaria_late,D10_Hashtag2,D10,Artesunate,threadfin,2,Memory,PB,Memory+PB,0,15,0.0,949,973,within_mouse,cell_state_label_permutation,state_labels,all clones size>=2,True,0.0976821744205436,-0.0976821744205436,1.0,1999,1999,0.0
malaria_late,D10_Hashtag2,D10,Artesunate,threadfin,2,Memory,PB,Memory+PB,0,15,0.0,949,973,within_mouse_isotype,cell_state_label_permutation,state_labels,all clones size>=2,True,0.07430381857595464,-0.07430381857595464,1.0,1999,1999,0.0
malaria_late,D10_Hashtag3,D10,Artesunate,threadfin,2,GC,PB,GC+PB,1,20,0.05,893,919,within_mouse,cell_state_label_permutation,state_labels,all clones size>=2,True,0.12063531765882941,-0.07063531765882941,0.9385,1999,1999,0.0
malaria_late,D10_Hashtag3,D10,Artesunate,threadfin,2,GC,PB,GC+PB,1,20,0.05,893,919,within_mouse_isotype,cell_state_label_permutation,state_labels,all clones size>=2,True,0.16485742871435716,-0.11485742871435715,0.973,1999,1999,0.0
malaria_late,D10_Hashtag3,D10,Artesunate,threadfin,2,GC,Memory,GC+Memory,0,20,0.0,893,919,within_mouse,cell_state_label_permutation,state_labels,all clones size>=2,True,0.011455727863931965,-0.011455727863931965,1.0,1999,1999,0.0
malaria_late,D10_Hashtag3,D10,Artesunate,threadfin,2,GC,Memory,GC+Memory,0,20,0.0,893,919,within_mouse_isotype,cell_state_label_permutation,state_labels,all clones size>=2,True,0.01128064032016008,-0.01128064032016008,1.0,1999,1999,0.0
malaria_late,D10_Hashtag3,D10,Artesunate,threadfin,2,Memory,PB,Memory+PB,0,20,0.0,893,919,within_mouse,cell_state_label_permutation,state_labels,all clones size>=2,True,0.04042021010505253,-0.04042021010505253,1.0,1999,1999,0.0
malaria_late,D10_Hashtag3,D10,Artesunate,threadfin,2,Memory,PB,Memory+PB,0,20,0.0,893,919,within_mouse_isotype,cell_state_label_permutation,state_labels,all clones size>=2,True,0.024762381190595296,-0.024762381190595296,1.0,1999,1999,0.0
malaria_late,D10_Hashtag4,D10,Saline,threadfin,2,GC,PB,GC+PB,0,32,0.0,847,889,within_mouse,cell_state_label_permutation,state_labels,all clones size>=2,True,0.06584542271135568,-0.06584542271135568,1.0,1999,1999,0.0
malaria_late,D10_Hashtag4,D10,Saline,threadfin,2,GC,PB,GC+PB,0,32,0.0,847,889,within_mouse_isotype,cell_state_label_permutation,state_labels,all clones size>=2,True,0.06496998499249625,-0.06496998499249625,1.0,1999,1999,0.0
malaria_late,D10_Hashtag4,D10,Saline,threadfin,2,GC,Memory,GC+Memory,0,32,0.0,847,889,within_mouse,cell_state_label_permutation,state_labels,all clones size>=2,True,0.0034704852426213108,-0.0034704852426213108,1.0,1999,1999,0.0
malaria_late,D10_Hashtag4,D10,Saline,threadfin,2,GC,Memory,GC+Memory,0,32,0.0,847,889,within_mouse_isotype,cell_state_label_permutation,state_labels,all clones size>=2,True,0.001391320660330165,-0.001391320660330165,1.0,1999,1999,0.0
malaria_late,D10_Hashtag4,D10,Saline,threadfin,2,Memory,PB,Memory+PB,0,32,0.0,847,889,within_mouse,cell_state_label_permutation,state_labels,all clones size>=2,True,0.04910267633816909,-0.04910267633816909,1.0,1999,1999,0.0
malaria_late,D10_Hashtag4,D10,Saline,threadfin,2,Memory,PB,Memory+PB,0,32,0.0,847,889,within_mouse_isotype,cell_state_label_permutation,state_labels,all clones size>=2,True,0.014507253626813406,-0.014507253626813406,1.0,1999,1999,0.0
malaria_late,D10_Hashtag5,D10,Saline,threadfin,2,GC,PB,GC+PB,2,39,0.05128205128205128,944,991,within_mouse,cell_state_label_permutation,state_labels,all clones size>=2,True,0.06823924782904273,-0.016957196546991446,0.785,1999,1999,0.0
malaria_late,D10_Hashtag5,D10,Saline,threadfin,2,GC,PB,GC+PB,2,39,0.05128205128205128,944,991,within_mouse_isotype,cell_state_label_permutation,state_labels,all clones size>=2,True,0.07347263375277384,-0.02219058247072256,0.7895,1999,1999,0.0
malaria_late,D10_Hashtag5,D10,Saline,threadfin,2,GC,Memory,GC+Memory,0,39,0.0,944,991,within_mouse,cell_state_label_permutation,state_labels,all clones size>=2,True,0.0010518079552596811,-0.0010518079552596811,1.0,1999,1999,0.0
malaria_late,D10_Hashtag5,D10,Saline,threadfin,2,GC,Memory,GC+Memory,0,39,0.0,944,991,within_mouse_isotype,cell_state_label_permutation,state_labels,all clones size>=2,True,0.002552558330447275,-0.002552558330447275,1.0,1999,1999,0.0
malaria_late,D10_Hashtag5,D10,Saline,threadfin,2,Memory,PB,Memory+PB,1,39,0.02564102564102564,944,991,within_mouse,cell_state_label_permutation,state_labels,all clones size>=2,True,0.019753466476828158,0.0058875591641974825,0.555,1999,1999,0.0
malaria_late,D10_Hashtag5,D10,Saline,threadfin,2,Memory,PB,Memory+PB,1,39,0.02564102564102564,944,991,within_mouse_isotype,cell_state_label_permutation,state_labels,all clones size>=2,True,0.019522581803722374,0.006118443837303266,0.5735,1999,1999,0.0
malaria_late,D10_Hashtag6,D10,Saline,threadfin,2,GC,PB,GC+PB,1,24,0.041666666666666664,998,1028,within_mouse,cell_state_label_permutation,state_labels,all clones size>=2,True,0.16197682174420544,-0.12031015507753878,0.9875,1999,1999,0.0
malaria_late,D10_Hashtag6,D10,Saline,threadfin,2,GC,PB,GC+PB,1,24,0.041666666666666664,998,1028,within_mouse_isotype,cell_state_label_permutation,state_labels,all clones size>=2,True,0.18773970318492578,-0.14607303651825912,0.9965,1999,1999,0.0
malaria_late,D10_Hashtag6,D10,Saline,threadfin,2,GC,Memory,GC+Memory,0,24,0.0,998,1028,within_mouse,cell_state_label_permutation,state_labels,all clones size>=2,True,0.006461564115391029,-0.006461564115391029,1.0,1999,1999,0.0
malaria_late,D10_Hashtag6,D10,Saline,threadfin,2,GC,Memory,GC+Memory,0,24,0.0,998,1028,within_mouse_isotype,cell_state_label_permutation,state_labels,all clones size>=2,True,0.009067033516758378,-0.009067033516758378,1.0,1999,1999,0.0
malaria_late,D10_Hashtag6,D10,Saline,threadfin,2,Memory,PB,Memory+PB,0,24,0.0,998,1028,within_mouse,cell_state_label_permutation,state_labels,all clones size>=2,True,0.02524178756044689,-0.02524178756044689,1.0,1999,1999,0.0
malaria_late,D10_Hashtag6,D10,Saline,threadfin,2,Memory,PB,Memory+PB,0,24,0.0,998,1028,within_mouse_isotype,cell_state_label_permutation,state_labels,all clones size>=2,True,0.02311572452893113,-0.02311572452893113,1.0,1999,1999,0.0
malaria_late,D10_Hashtag7,D10,Naive,threadfin,2,GC,PB,GC+PB,0,1,0.0,554,557,within_mouse,cell_state_label_permutation,state_labels,all clones size>=2,True,0.0,0.0,1.0,1999,1999,0.0
malaria_late,D10_Hashtag7,D10,Naive,threadfin,2,GC,PB,GC+PB,0,1,0.0,554,557,within_mouse_isotype,cell_state_label_permutation,state_labels,all clones size>=2,True,0.0,0.0,1.0,1999,1999,0.0
malaria_late,D10_Hashtag7,D10,Naive,threadfin,2,GC,Memory,GC+Memory,0,1,0.0,554,557,within_mouse,cell_state_label_permutation,state_labels,all clones size>=2,True,0.0,0.0,1.0,1999,1999,0.0
malaria_late,D10_Hashtag7,D10,Naive,threadfin,2,GC,Memory,GC+Memory,0,1,0.0,554,557,within_mouse_isotype,cell_state_label_permutation,state_labels,all clones size>=2,True,0.0,0.0,1.0,1999,1999,0.0
malaria_late,D10_Hashtag7,D10,Naive,threadfin,2,Memory,PB,Memory+PB,0,1,0.0,554,557,within_mouse,cell_state_label_permutation,state_labels,all clones size>=2,True,0.0010005002501250625,-0.0010005002501250625,1.0,1999,1999,0.0
malaria_late,D10_Hashtag7,D10,Naive,threadfin,2,Memory,PB,Memory+PB,0,1,0.0,554,557,within_mouse_isotype,cell_state_label_permutation,state_labels,all clones size>=2,True,0.0,0.0,1.0,1999,1999,0.0
malaria_late,D14_Hashtag1,D14,Artesunate,threadfin,2,GC,PB,GC+PB,1,12,0.08333333333333333,810,838,within_mouse,cell_state_label_permutation,state_labels,all clones size>=2,True,0.10080040020010005,-0.017467066866766717,0.745,1999,1999,0.0
malaria_late,D14_Hashtag1,D14,Artesunate,threadfin,2,GC,PB,GC+PB,1,12,0.08333333333333333,810,838,within_mouse_isotype,cell_state_label_permutation,state_labels,all clones size>=2,True,0.0702017675504419,0.01313156578289143,0.606,1999,1999,0.0
malaria_late,D14_Hashtag1,D14,Artesunate,threadfin,2,GC,Memory,GC+Memory,0,12,0.0,810,838,within_mouse,cell_state_label_permutation,state_labels,all clones size>=2,True,0.0967567116891779,-0.0967567116891779,1.0,1999,1999,0.0
malaria_late,D14_Hashtag1,D14,Artesunate,threadfin,2,GC,Memory,GC+Memory,0,12,0.0,810,838,within_mouse_isotype,cell_state_label_permutation,state_labels,all clones size>=2,True,0.07457895614473904,-0.07457895614473904,1.0,1999,1999,0.0
malaria_late,D14_Hashtag1,D14,Artesunate,threadfin,2,Memory,PB,Memory+PB,0,12,0.0,810,838,within_mouse,cell_state_label_permutation,state_labels,all clones size>=2,True,0.03956144739036185,-0.03956144739036185,1.0,1999,1999,0.0
malaria_late,D14_Hashtag1,D14,Artesunate,threadfin,2,Memory,PB,Memory+PB,0,12,0.0,810,838,within_mouse_isotype,cell_state_label_permutation,state_labels,all clones size>=2,True,0.02976488244122061,-0.02976488244122061,1.0,1999,1999,0.0
malaria_late,D14_Hashtag2,D14,Artesunate,threadfin,2,GC,PB,GC+PB,2,26,0.07692307692307693,1104,1148,within_mouse,cell_state_label_permutation,state_labels,all clones size>=2,True,0.0622234194020087,0.014699657521068228,0.504,1999,1999,0.0
malaria_late,D14_Hashtag2,D14,Artesunate,threadfin,2,GC,PB,GC+PB,2,26,0.07692307692307693,1104,1148,within_mouse_isotype,cell_state_label_permutation,state_labels,all clones size>=2,True,0.19884942471235617,-0.12192634778927924,0.981,1999,1999,0.0
malaria_late,D14_Hashtag2,D14,Artesunate,threadfin,2,GC,Memory,GC+Memory,1,26,0.038461538461538464,1104,1148,within_mouse,cell_state_label_permutation,state_labels,all clones size>=2,True,0.07990533728402663,-0.041443798822488165,0.9265,1999,1999,0.0
malaria_late,D14_Hashtag2,D14,Artesunate,threadfin,2,GC,Memory,GC+Memory,1,26,0.038461538461538464,1104,1148,within_mouse_isotype,cell_state_label_permutation,state_labels,all clones size>=2,True,0.08606226190018086,-0.0476007234386424,0.92,1999,1999,0.0
malaria_late,D14_Hashtag2,D14,Artesunate,threadfin,2,Memory,PB,Memory+PB,1,26,0.038461538461538464,1104,1148,within_mouse,cell_state_label_permutation,state_labels,all clones size>=2,True,0.032458536960788084,0.0060030015007503795,0.613,1999,1999,0.0
malaria_late,D14_Hashtag2,D14,Artesunate,threadfin,2,Memory,PB,Memory+PB,1,26,0.038461538461538464,1104,1148,within_mouse_isotype,cell_state_label_permutation,state_labels,all clones size>=2,True,0.024723900411744333,0.01373763804979413,0.478,1999,1999,0.0
malaria_late,D14_Hashtag3,D14,Artesunate,threadfin,2,GC,PB,GC+PB,0,14,0.0,412,430,within_mouse,cell_state_label_permutation,state_labels,all clones size>=2,True,0.07082112484813835,-0.07082112484813835,1.0,1999,1999,0.0
malaria_late,D14_Hashtag3,D14,Artesunate,threadfin,2,GC,PB,GC+PB,0,14,0.0,412,430,within_mouse_isotype,cell_state_label_permutation,state_labels,all clones size>=2,True,0.1273136568284142,-0.1273136568284142,1.0,1999,1999,0.0
malaria_late,D14_Hashtag3,D14,Artesunate,threadfin,2,GC,Memory,GC+Memory,1,14,0.07142857142857142,412,430,within_mouse,cell_state_label_permutation,state_labels,all clones size>=2,True,0.06181662259701278,0.009611948831558643,0.601,1999,1999,0.0
malaria_late,D14_Hashtag3,D14,Artesunate,threadfin,2,GC,Memory,GC+Memory,1,14,0.07142857142857142,412,430,within_mouse_isotype,cell_state_label_permutation,state_labels,all clones size>=2,True,0.05706424640891874,0.014364325019652686,0.5755,1999,1999,0.0
malaria_late,D14_Hashtag3,D14,Artesunate,threadfin,2,Memory,PB,Memory+PB,0,14,0.0,412,430,within_mouse,cell_state_label_permutation,state_labels,all clones size>=2,True,0.023154434360037158,-0.023154434360037158,1.0,1999,1999,0.0
malaria_late,D14_Hashtag3,D14,Artesunate,threadfin,2,Memory,PB,Memory+PB,0,14,0.0,412,430,within_mouse_isotype,cell_state_label_permutation,state_labels,all clones size>=2,True,0.017115700707496604,-0.017115700707496604,1.0,1999,1999,0.0
malaria_late,D14_Hashtag4,D14,Saline,threadfin,2,GC,PB,GC+PB,10,49,0.20408163265306123,868,938,within_mouse,cell_state_label_permutation,state_labels,all clones size>=2,True,0.17448520178456575,0.029596430868495477,0.337,1999,1999,0.0
malaria_late,D14_Hashtag4,D14,Saline,threadfin,2,GC,PB,GC+PB,10,49,0.20408163265306123,868,938,within_mouse_isotype,cell_state_label_permutation,state_labels,all clones size>=2,True,0.3085011893701953,-0.10441955671713404,0.9825,1999,1999,0.0
malaria_late,D14_Hashtag4,D14,Saline,threadfin,2,GC,Memory,GC+Memory,0,49,0.0,868,938,within_mouse,cell_state_label_permutation,state_labels,all clones size>=2,True,0.03205684474890507,-0.03205684474890507,1.0,1999,1999,0.0
malaria_late,D14_Hashtag4,D14,Saline,threadfin,2,GC,Memory,GC+Memory,0,49,0.0,868,938,within_mouse_isotype,cell_state_label_permutation,state_labels,all clones size>=2,True,0.03688578983369236,-0.03688578983369236,1.0,1999,1999,0.0
malaria_late,D14_Hashtag4,D14,Saline,threadfin,2,Memory,PB,Memory+PB,2,49,0.04081632653061224,868,938,within_mouse,cell_state_label_permutation,state_labels,all clones size>=2,True,0.04020377535706629,0.0006125511735459513,0.598,1999,1999,0.0
malaria_late,D14_Hashtag4,D14,Saline,threadfin,2,Memory,PB,Memory+PB,2,49,0.04081632653061224,868,938,within_mouse_isotype,cell_state_label_permutation,state_labels,all clones size>=2,True,0.044869373462241326,-0.004053046931629084,0.6835,1999,1999,0.0
malaria_late,D14_Hashtag5,D14,Saline,threadfin,2,GC,PB,GC+PB,27,118,0.2288135593220339,1271,1470,within_mouse,cell_state_label_permutation,state_labels,all clones size>=2,True,0.26257196394807575,-0.03375840462604185,0.8595,1999,1999,0.0
malaria_late,D14_Hashtag5,D14,Saline,threadfin,2,GC,PB,GC+PB,27,118,0.2288135593220339,1271,1470,within_mouse_isotype,cell_state_label_permutation,state_labels,all clones size>=2,True,0.4178741913329546,-0.18906063201092072,1.0,1999,1999,0.0
malaria_late,D14_Hashtag5,D14,Saline,threadfin,2,GC,Memory,GC+Memory,0,118,0.0,1271,1470,within_mouse,cell_state_label_permutation,state_labels,all clones size>=2,True,0.025885824268066238,-0.025885824268066238,1.0,1999,1999,0.0
malaria_late,D14_Hashtag5,D14,Saline,threadfin,2,GC,Memory,GC+Memory,0,118,0.0,1271,1470,within_mouse_isotype,cell_state_label_permutation,state_labels,all clones size>=2,True,0.02251549503565342,-0.02251549503565342,1.0,1999,1999,0.0
malaria_late,D14_Hashtag5,D14,Saline,threadfin,2,Memory,PB,Memory+PB,2,118,0.01694915254237288,1271,1470,within_mouse,cell_state_label_permutation,state_labels,all clones size>=2,True,0.04313597476704454,-0.026186822224671658,0.969,1999,1999,0.0
malaria_late,D14_Hashtag5,D14,Saline,threadfin,2,Memory,PB,Memory+PB,2,118,0.01694915254237288,1271,1470,within_mouse_isotype,cell_state_label_permutation,state_labels,all clones size>=2,True,0.0363910768943794,-0.019441924352006517,0.952,1999,1999,0.0
malaria_late,D14_Hashtag6,D14,Saline,threadfin,2,GC,PB,GC+PB,31,111,0.27927927927927926,1771,1937,within_mouse,cell_state_label_permutation,state_labels,all clones size>=2,True,0.18955423657774836,0.0897250427015309,0.0075,1999,1999,0.0
malaria_late,D14_Hashtag6,D14,Saline,threadfin,2,GC,PB,GC+PB,31,111,0.27927927927927926,1771,1937,within_mouse_isotype,cell_state_label_permutation,state_labels,all clones size>=2,True,0.38163225757022656,-0.1023529782909473,0.9955,1999,1999,0.0
malaria_late,D14_Hashtag6,D14,Saline,threadfin,2,GC,Memory,GC+Memory,2,111,0.018018018018018018,1771,1937,within_mouse,cell_state_label_permutation,state_labels,all clones size>=2,True,0.04850623509953174,-0.03048821708151372,0.974,1999,1999,0.0
malaria_late,D14_Hashtag6,D14,Saline,threadfin,2,GC,Memory,GC+Memory,2,111,0.018018018018018018,1771,1937,within_mouse_isotype,cell_state_label_permutation,state_labels,all clones size>=2,True,0.042940389113475655,-0.024922371095457637,0.9555,1999,1999,0.0
malaria_late,D14_Hashtag6,D14,Saline,threadfin,2,Memory,PB,Memory+PB,8,111,0.07207207207207207,1771,1937,within_mouse,cell_state_label_permutation,state_labels,all clones size>=2,True,0.05037653962116193,0.02169553245091014,0.19,1999,1999,0.0
malaria_late,D14_Hashtag6,D14,Saline,threadfin,2,Memory,PB,Memory+PB,8,111,0.07207207207207207,1771,1937,within_mouse_isotype,cell_state_label_permutation,state_labels,all clones size>=2,True,0.04553177489645723,0.02654029717561484,0.1225,1999,1999,0.0
malaria_late,D21_Hashtag1,D21,Artesunate,threadfin,2,GC,PB,GC+PB,0,4,0.0,1323,1327,within_mouse,cell_state_label_permutation,state_labels,all clones size>=2,True,0.002001000500250125,-0.002001000500250125,1.0,1999,1999,0.0
malaria_late,D21_Hashtag1,D21,Artesunate,threadfin,2,GC,PB,GC+PB,0,4,0.0,1323,1327,within_mouse_isotype,cell_state_label_permutation,state_labels,all clones size>=2,True,0.03289144572286143,-0.03289144572286143,1.0,1999,1999,0.0
malaria_late,D21_Hashtag1,D21,Artesunate,threadfin,2,GC,Memory,GC+Memory,0,4,0.0,1323,1327,within_mouse,cell_state_label_permutation,state_labels,all clones size>=2,True,0.005502751375687844,-0.005502751375687844,1.0,1999,1999,0.0
malaria_late,D21_Hashtag1,D21,Artesunate,threadfin,2,GC,Memory,GC+Memory,0,4,0.0,1323,1327,within_mouse_isotype,cell_state_label_permutation,state_labels,all clones size>=2,True,0.021635817908954476,-0.021635817908954476,1.0,1999,1999,0.0
malaria_late,D21_Hashtag1,D21,Artesunate,threadfin,2,Memory,PB,Memory+PB,0,4,0.0,1323,1327,within_mouse,cell_state_label_permutation,state_labels,all clones size>=2,True,0.00037518759379689845,-0.00037518759379689845,1.0,1999,1999,0.0
malaria_late,D21_Hashtag1,D21,Artesunate,threadfin,2,Memory,PB,Memory+PB,0,4,0.0,1323,1327,within_mouse_isotype,cell_state_label_permutation,state_labels,all clones size>=2,True,0.0008754377188594297,-0.0008754377188594297,1.0,1999,1999,0.0
malaria_late,D21_Hashtag2,D21,Artesunate,threadfin,2,GC,PB,GC+PB,0,5,0.0,1679,1689,within_mouse,cell_state_label_permutation,state_labels,all clones size>=2,True,0.0008004002001000501,-0.0008004002001000501,1.0,1999,1999,0.0
malaria_late,D21_Hashtag2,D21,Artesunate,threadfin,2,GC,PB,GC+PB,0,5,0.0,1679,1689,within_mouse_isotype,cell_state_label_permutation,state_labels,all clones size>=2,True,0.004102051025512757,-0.004102051025512757,1.0,1999,1999,0.0
malaria_late,D21_Hashtag2,D21,Artesunate,threadfin,2,GC,Memory,GC+Memory,1,5,0.2,1679,1689,within_mouse,cell_state_label_permutation,state_labels,all clones size>=2,True,0.008704352176088045,0.19129564782391195,0.044,1999,1999,0.0
malaria_late,D21_Hashtag2,D21,Artesunate,threadfin,2,GC,Memory,GC+Memory,1,5,0.2,1679,1689,within_mouse_isotype,cell_state_label_permutation,state_labels,all clones size>=2,True,0.015607803901950976,0.18439219609804902,0.0785,1999,1999,0.0
malaria_late,D21_Hashtag2,D21,Artesunate,threadfin,2,Memory,PB,Memory+PB,0,5,0.0,1679,1689,within_mouse,cell_state_label_permutation,state_labels,all clones size>=2,True,0.0005002501250625312,-0.0005002501250625312,1.0,1999,1999,0.0
malaria_late,D21_Hashtag2,D21,Artesunate,threadfin,2,Memory,PB,Memory+PB,0,5,0.0,1679,1689,within_mouse_isotype,cell_state_label_permutation,state_labels,all clones size>=2,True,0.0006003001500750376,-0.0006003001500750376,1.0,1999,1999,0.0
malaria_late,D21_Hashtag3,D21,Artesunate,threadfin,2,GC,PB,GC+PB,0,8,0.0,1935,1948,within_mouse,cell_state_label_permutation,state_labels,all clones size>=2,True,0.004314657328664332,-0.004314657328664332,1.0,1999,1999,0.0
malaria_late,D21_Hashtag3,D21,Artesunate,threadfin,2,GC,PB,GC+PB,0,8,0.0,1935,1948,within_mouse_isotype,cell_state_label_permutation,state_labels,all clones size>=2,True,0.01988494247123562,-0.01988494247123562,1.0,1999,1999,0.0
malaria_late,D21_Hashtag3,D21,Artesunate,threadfin,2,GC,Memory,GC+Memory,0,8,0.0,1935,1948,within_mouse,cell_state_label_permutation,state_labels,all clones size>=2,True,0.01288144072036018,-0.01288144072036018,1.0,1999,1999,0.0
malaria_late,D21_Hashtag3,D21,Artesunate,threadfin,2,GC,Memory,GC+Memory,0,8,0.0,1935,1948,within_mouse_isotype,cell_state_label_permutation,state_labels,all clones size>=2,True,0.03257878939469735,-0.03257878939469735,1.0,1999,1999,0.0
malaria_late,D21_Hashtag3,D21,Artesunate,threadfin,2,Memory,PB,Memory+PB,0,8,0.0,1935,1948,within_mouse,cell_state_label_permutation,state_labels,all clones size>=2,True,0.001063031515757879,-0.001063031515757879,1.0,1999,1999,0.0
malaria_late,D21_Hashtag3,D21,Artesunate,threadfin,2,Memory,PB,Memory+PB,0,8,0.0,1935,1948,within_mouse_isotype,cell_state_label_permutation,state_labels,all clones size>=2,True,0.0021885942971485743,-0.0021885942971485743,1.0,1999,1999,0.0
malaria_late,D21_Hashtag4,D21,Saline,threadfin,2,GC,PB,GC+PB,5,22,0.22727272727272727,1746,1769,within_mouse,cell_state_label_permutation,state_labels,all clones size>=2,True,0.004183910136886625,0.22308881713584064,0.0005,1999,1999,0.0
malaria_late,D21_Hashtag4,D21,Saline,threadfin,2,GC,PB,GC+PB,5,22,0.22727272727272727,1746,1769,within_mouse_isotype,cell_state_label_permutation,state_labels,all clones size>=2,True,0.12192459866296783,0.10534812860975944,0.1125,1999,1999,0.0
malaria_late,D21_Hashtag4,D21,Saline,threadfin,2,GC,Memory,GC+Memory,0,22,0.0,1746,1769,within_mouse,cell_state_label_permutation,state_labels,all clones size>=2,True,0.003615444085679203,-0.003615444085679203,1.0,1999,1999,0.0
malaria_late,D21_Hashtag4,D21,Saline,threadfin,2,GC,Memory,GC+Memory,0,22,0.0,1746,1769,within_mouse_isotype,cell_state_label_permutation,state_labels,all clones size>=2,True,0.02903724589567511,-0.02903724589567511,1.0,1999,1999,0.0
malaria_late,D21_Hashtag4,D21,Saline,threadfin,2,Memory,PB,Memory+PB,0,22,0.0,1746,1769,within_mouse,cell_state_label_permutation,state_labels,all clones size>=2,True,0.0005229887671108281,-0.0005229887671108281,1.0,1999,1999,0.0
malaria_late,D21_Hashtag4,D21,Saline,threadfin,2,Memory,PB,Memory+PB,0,22,0.0,1746,1769,within_mouse_isotype,cell_state_label_permutation,state_labels,all clones size>=2,True,0.0035472281595343123,-0.0035472281595343123,1.0,1999,1999,0.0
malaria_late,D21_Hashtag5,D21,Saline,threadfin,2,GC,PB,GC+PB,0,14,0.0,1448,1468,within_mouse,cell_state_label_permutation,state_labels,all clones size>=2,True,0.007753876938469234,-0.007753876938469234,1.0,1999,1999,0.0
malaria_late,D21_Hashtag5,D21,Saline,threadfin,2,GC,PB,GC+PB,0,14,0.0,1448,1468,within_mouse_isotype,cell_state_label_permutation,state_labels,all clones size>=2,True,0.08350603873365252,-0.08350603873365252,1.0,1999,1999,0.0
malaria_late,D21_Hashtag5,D21,Saline,threadfin,2,GC,Memory,GC+Memory,0,14,0.0,1448,1468,within_mouse,cell_state_label_permutation,state_labels,all clones size>=2,True,0.006217394411491459,-0.006217394411491459,1.0,1999,1999,0.0
malaria_late,D21_Hashtag5,D21,Saline,threadfin,2,GC,Memory,GC+Memory,0,14,0.0,1448,1468,within_mouse_isotype,cell_state_label_permutation,state_labels,all clones size>=2,True,0.05688558564996783,-0.05688558564996783,1.0,1999,1999,0.0
malaria_late,D21_Hashtag5,D21,Saline,threadfin,2,Memory,PB,Memory+PB,0,14,0.0,1448,1468,within_mouse,cell_state_label_permutation,state_labels,all clones size>=2,True,0.0005717144286428928,-0.0005717144286428928,1.0,1999,1999,0.0
malaria_late,D21_Hashtag5,D21,Saline,threadfin,2,Memory,PB,Memory+PB,0,14,0.0,1448,1468,within_mouse_isotype,cell_state_label_permutation,state_labels,all clones size>=2,True,0.005181162009576217,-0.005181162009576217,1.0,1999,1999,0.0
malaria_late,D21_Hashtag6,D21,Saline,threadfin,2,GC,PB,GC+PB,11,60,0.18333333333333332,4555,4622,within_mouse,cell_state_label_permutation,state_labels,all clones size>=2,True,0.011030515257628815,0.1723028180757045,0.0005,1999,1999,0.0
malaria_late,D21_Hashtag6,D21,Saline,threadfin,2,GC,PB,GC+PB,11,60,0.18333333333333332,4555,4622,within_mouse_isotype,cell_state_label_permutation,state_labels,all clones size>=2,True,0.1774470568617642,0.005886276471569113,0.505,1999,1999,0.0
malaria_late,D21_Hashtag6,D21,Saline,threadfin,2,GC,Memory,GC+Memory,2,60,0.03333333333333333,4555,4622,within_mouse,cell_state_label_permutation,state_labels,all clones size>=2,True,0.007737201934300483,0.02559613139903285,0.074,1999,1999,0.0
malaria_late,D21_Hashtag6,D21,Saline,threadfin,2,GC,Memory,GC+Memory,2,60,0.03333333333333333,4555,4622,within_mouse_isotype,cell_state_label_permutation,state_labels,all clones size>=2,True,0.046481574120393526,-0.013148240787060193,0.796,1999,1999,0.0
malaria_late,D21_Hashtag6,D21,Saline,threadfin,2,Memory,PB,Memory+PB,2,60,0.03333333333333333,4555,4622,within_mouse,cell_state_label_permutation,state_labels,all clones size>=2,True,0.0023428380857095214,0.03099049524762381,0.009,1999,1999,0.0
malaria_late,D21_Hashtag6,D21,Saline,threadfin,2,Memory,PB,Memory+PB,2,60,0.03333333333333333,4555,4622,within_mouse_isotype,cell_state_label_permutation,state_labels,all clones size>=2,True,0.013206603301650825,0.020126730031682506,0.1945,1999,1999,0.0
malaria_late,D28_Hashtag1,D28,Artesunate,threadfin,2,GC,PB,GC+PB,0,11,0.0,802,813,within_mouse,cell_state_label_permutation,state_labels,all clones size>=2,True,0.002865068898085406,-0.002865068898085406,1.0,1999,1999,0.0
malaria_late,D28_Hashtag1,D28,Artesunate,threadfin,2,GC,PB,GC+PB,0,11,0.0,802,813,within_mouse_isotype,cell_state_label_permutation,state_labels,all clones size>=2,True,0.011369321024148438,-0.011369321024148438,1.0,1999,1999,0.0
malaria_late,D28_Hashtag1,D28,Artesunate,threadfin,2,GC,Memory,GC+Memory,0,11,0.0,802,813,within_mouse,cell_state_label_permutation,state_labels,all clones size>=2,True,0.02046477784346719,-0.02046477784346719,1.0,1999,1999,0.0
malaria_late,D28_Hashtag1,D28,Artesunate,threadfin,2,GC,Memory,GC+Memory,0,11,0.0,802,813,within_mouse_isotype,cell_state_label_permutation,state_labels,all clones size>=2,True,0.047205420892264316,-0.047205420892264316,1.0,1999,1999,0.0
malaria_late,D28_Hashtag1,D28,Artesunate,threadfin,2,Memory,PB,Memory+PB,0,11,0.0,802,813,within_mouse,cell_state_label_permutation,state_labels,all clones size>=2,True,0.0015462276592841874,-0.0015462276592841874,1.0,1999,1999,0.0
malaria_late,D28_Hashtag1,D28,Artesunate,threadfin,2,Memory,PB,Memory+PB,0,11,0.0,802,813,within_mouse_isotype,cell_state_label_permutation,state_labels,all clones size>=2,True,0.0018190913638637502,-0.0018190913638637502,1.0,1999,1999,0.0
malaria_late,D28_Hashtag2,D28,Artesunate,threadfin,2,GC,PB,GC+PB,0,17,0.0,1325,1345,within_mouse,cell_state_label_permutation,state_labels,all clones size>=2,True,0.0027366624488714946,-0.0027366624488714946,1.0,1999,1999,0.0
malaria_late,D28_Hashtag2,D28,Artesunate,threadfin,2,GC,PB,GC+PB,0,17,0.0,1325,1345,within_mouse_isotype,cell_state_label_permutation,state_labels,all clones size>=2,True,0.02857311008445399,-0.02857311008445399,1.0,1999,1999,0.0
malaria_late,D28_Hashtag2,D28,Artesunate,threadfin,2,GC,Memory,GC+Memory,0,17,0.0,1325,1345,within_mouse,cell_state_label_permutation,state_labels,all clones size>=2,True,0.017096783685960626,-0.017096783685960626,1.0,1999,1999,0.0
malaria_late,D28_Hashtag2,D28,Artesunate,threadfin,2,GC,Memory,GC+Memory,0,17,0.0,1325,1345,within_mouse_isotype,cell_state_label_permutation,state_labels,all clones size>=2,True,0.03778359768119354,-0.03778359768119354,1.0,1999,1999,0.0
malaria_late,D28_Hashtag2,D28,Artesunate,threadfin,2,Memory,PB,Memory+PB,0,17,0.0,1325,1345,within_mouse,cell_state_label_permutation,state_labels,all clones size>=2,True,0.0010005002501250625,-0.0010005002501250625,1.0,1999,1999,0.0
malaria_late,D28_Hashtag2,D28,Artesunate,threadfin,2,Memory,PB,Memory+PB,0,17,0.0,1325,1345,within_mouse_isotype,cell_state_label_permutation,state_labels,all clones size>=2,True,0.0014124709413530293,-0.0014124709413530293,1.0,1999,1999,0.0
malaria_late,D28_Hashtag3,D28,Artesunate,threadfin,2,GC,PB,GC+PB,0,9,0.0,566,575,within_mouse,cell_state_label_permutation,state_labels,all clones size>=2,True,0.0021677505419376354,-0.0021677505419376354,1.0,1999,1999,0.0
malaria_late,D28_Hashtag3,D28,Artesunate,threadfin,2,GC,PB,GC+PB,0,9,0.0,566,575,within_mouse_isotype,cell_state_label_permutation,state_labels,all clones size>=2,True,0.006892335056417097,-0.006892335056417097,1.0,1999,1999,0.0
malaria_late,D28_Hashtag3,D28,Artesunate,threadfin,2,GC,Memory,GC+Memory,0,9,0.0,566,575,within_mouse,cell_state_label_permutation,state_labels,all clones size>=2,True,0.02412317269745984,-0.02412317269745984,1.0,1999,1999,0.0
malaria_late,D28_Hashtag3,D28,Artesunate,threadfin,2,GC,Memory,GC+Memory,0,9,0.0,566,575,within_mouse_isotype,cell_state_label_permutation,state_labels,all clones size>=2,True,0.05941859818798288,-0.05941859818798288,1.0,1999,1999,0.0
malaria_late,D28_Hashtag3,D28,Artesunate,threadfin,2,Memory,PB,Memory+PB,0,9,0.0,566,575,within_mouse,cell_state_label_permutation,state_labels,all clones size>=2,True,0.0009449169028958923,-0.0009449169028958923,1.0,1999,1999,0.0
malaria_late,D28_Hashtag3,D28,Artesunate,threadfin,2,Memory,PB,Memory+PB,0,9,0.0,566,575,within_mouse_isotype,cell_state_label_permutation,state_labels,all clones size>=2,True,0.0013895836807292536,-0.0013895836807292536,1.0,1999,1999,0.0
malaria_late,D28_Hashtag4,D28,Saline,threadfin,2,GC,PB,GC+PB,7,47,0.14893617021276595,2761,2830,within_mouse,cell_state_label_permutation,state_labels,all clones size>=2,True,0.016614690323885347,0.1323214798888806,0.0005,1999,1999,0.0
malaria_late,D28_Hashtag4,D28,Saline,threadfin,2,GC,PB,GC+PB,7,47,0.14893617021276595,2761,2830,within_mouse_isotype,cell_state_label_permutation,state_labels,all clones size>=2,True,0.17318233584877543,-0.02424616563600948,0.7565,1999,1999,0.0
malaria_late,D28_Hashtag4,D28,Saline,threadfin,2,GC,Memory,GC+Memory,1,47,0.02127659574468085,2761,2830,within_mouse,cell_state_label_permutation,state_labels,all clones size>=2,True,0.024597405085521478,-0.0033208093408406275,0.71,1999,1999,0.0
malaria_late,D28_Hashtag4,D28,Saline,threadfin,2,GC,Memory,GC+Memory,1,47,0.02127659574468085,2761,2830,within_mouse_isotype,cell_state_label_permutation,state_labels,all clones size>=2,True,0.07354741200387427,-0.052270816259193414,0.9875,1999,1999,0.0
malaria_late,D28_Hashtag4,D28,Saline,threadfin,2,Memory,PB,Memory+PB,0,47,0.0,2761,2830,within_mouse,cell_state_label_permutation,state_labels,all clones size>=2,True,0.006407459048673273,-0.006407459048673273,1.0,1999,1999,0.0
malaria_late,D28_Hashtag4,D28,Saline,threadfin,2,Memory,PB,Memory+PB,0,47,0.0,2761,2830,within_mouse_isotype,cell_state_label_permutation,state_labels,all clones size>=2,True,0.020435749789788505,-0.020435749789788505,1.0,1999,1999,0.0
malaria_late,D28_Hashtag5,D28,Saline,threadfin,2,GC,PB,GC+PB,11,38,0.2894736842105263,1961,2012,within_mouse,cell_state_label_permutation,state_labels,all clones size>=2,True,0.051960190621626594,0.23751349358889973,0.0005,1999,1999,0.0
malaria_late,D28_Hashtag5,D28,Saline,threadfin,2,GC,PB,GC+PB,11,38,0.2894736842105263,1961,2012,within_mouse_isotype,cell_state_label_permutation,state_labels,all clones size>=2,True,0.4208551644243174,-0.1313814802137911,0.981,1999,1999,0.0
malaria_late,D28_Hashtag5,D28,Saline,threadfin,2,GC,Memory,GC+Memory,1,38,0.02631578947368421,1961,2012,within_mouse,cell_state_label_permutation,state_labels,all clones size>=2,True,0.017890524209473155,0.008425265264211054,0.496,1999,1999,0.0
malaria_late,D28_Hashtag5,D28,Saline,threadfin,2,GC,Memory,GC+Memory,1,38,0.02631578947368421,1961,2012,within_mouse_isotype,cell_state_label_permutation,state_labels,all clones size>=2,True,0.059016350280403355,-0.032700560806719146,0.932,1999,1999,0.0
malaria_late,D28_Hashtag5,D28,Saline,threadfin,2,Memory,PB,Memory+PB,0,38,0.0,1961,2012,within_mouse,cell_state_label_permutation,state_labels,all clones size>=2,True,0.014928516890023957,-0.014928516890023957,1.0,1999,1999,0.0
malaria_late,D28_Hashtag5,D28,Saline,threadfin,2,Memory,PB,Memory+PB,0,38,0.0,1961,2012,within_mouse_isotype,cell_state_label_permutation,state_labels,all clones size>=2,True,0.050814881124772907,-0.050814881124772907,1.0,1999,1999,0.0
malaria_late,D28_Hashtag6,D28,Saline,threadfin,2,GC,PB,GC+PB,7,48,0.14583333333333334,1990,2046,within_mouse,cell_state_label_permutation,state_labels,all clones size>=2,True,0.02577330331832583,0.12006003001500751,0.0005,1999,1999,0.0
malaria_late,D28_Hashtag6,D28,Saline,threadfin,2,GC,PB,GC+PB,7,48,0.14583333333333334,1990,2046,within_mouse_isotype,cell_state_label_permutation,state_labels,all clones size>=2,True,0.12900200100050024,0.0168313323328331,0.4305,1999,1999,0.0
malaria_late,D28_Hashtag6,D28,Saline,threadfin,2,GC,Memory,GC+Memory,1,48,0.020833333333333332,1990,2046,within_mouse,cell_state_label_permutation,state_labels,all clones size>=2,True,0.025095881273970312,-0.00426254794063698,0.7095,1999,1999,0.0
malaria_late,D28_Hashtag6,D28,Saline,threadfin,2,GC,Memory,GC+Memory,1,48,0.020833333333333332,1990,2046,within_mouse_isotype,cell_state_label_permutation,state_labels,all clones size>=2,True,0.04772177755544439,-0.02688844422211106,0.908,1999,1999,0.0
malaria_late,D28_Hashtag6,D28,Saline,threadfin,2,Memory,PB,Memory+PB,0,48,0.0,1990,2046,within_mouse,cell_state_label_permutation,state_labels,all clones size>=2,True,0.0039811572452893105,-0.0039811572452893105,1.0,1999,1999,0.0
malaria_late,D28_Hashtag6,D28,Saline,threadfin,2,Memory,PB,Memory+PB,0,48,0.0,1990,2046,within_mouse_isotype,cell_state_label_permutation,state_labels,all clones size>=2,True,0.007493329998332498,-0.007493329998332498,1.0,1999,1999,0.0
malaria_late,D28_Hashtag7,D28,Naive,threadfin,2,GC,PB,GC+PB,0,5,0.0,769,775,within_mouse,cell_state_label_permutation,state_labels,all clones size>=2,True,0.0,0.0,1.0,1999,1999,0.0
malaria_late,D28_Hashtag7,D28,Naive,threadfin,2,GC,PB,GC+PB,0,5,0.0,769,775,within_mouse_isotype,cell_state_label_permutation,state_labels,all clones size>=2,True,0.0,0.0,1.0,1999,1999,0.0
malaria_late,D28_Hashtag7,D28,Naive,threadfin,2,GC,Memory,GC+Memory,0,5,0.0,769,775,within_mouse,cell_state_label_permutation,state_labels,all clones size>=2,True,0.0,0.0,1.0,1999,1999,0.0
malaria_late,D28_Hashtag7,D28,Naive,threadfin,2,GC,Memory,GC+Memory,0,5,0.0,769,775,within_mouse_isotype,cell_state_label_permutation,state_labels,all clones size>=2,True,0.00020010005002501252,-0.00020010005002501252,1.0,1999,1999,0.0
malaria_late,D28_Hashtag7,D28,Naive,threadfin,2,Memory,PB,Memory+PB,0,5,0.0,769,775,within_mouse,cell_state_label_permutation,state_labels,all clones size>=2,True,0.0,0.0,1.0,1999,1999,0.0
malaria_late,D28_Hashtag7,D28,Naive,threadfin,2,Memory,PB,Memory+PB,0,5,0.0,769,775,within_mouse_isotype,cell_state_label_permutation,state_labels,all clones size>=2,True,0.0,0.0,1.0,1999,1999,0.0
malaria_late,D35_Hashtag1,D35,Artesunate,threadfin,2,GC,PB,GC+PB,0,28,0.0,2559,2606,within_mouse,cell_state_label_permutation,state_labels,all clones size>=2,True,0.007217894661616522,-0.007217894661616522,1.0,1999,1999,0.0
malaria_late,D35_Hashtag1,D35,Artesunate,threadfin,2,GC,PB,GC+PB,0,28,0.0,2559,2606,within_mouse_isotype,cell_state_label_permutation,state_labels,all clones size>=2,True,0.0396269563353105,-0.0396269563353105,1.0,1999,1999,0.0
malaria_late,D35_Hashtag1,D35,Artesunate,threadfin,2,GC,Memory,GC+Memory,0,28,0.0,2559,2606,within_mouse,cell_state_label_permutation,state_labels,all clones size>=2,True,0.019152433359536907,-0.019152433359536907,1.0,1999,1999,0.0
malaria_late,D35_Hashtag1,D35,Artesunate,threadfin,2,GC,Memory,GC+Memory,0,28,0.0,2559,2606,within_mouse_isotype,cell_state_label_permutation,state_labels,all clones size>=2,True,0.07571642964339312,-0.07571642964339312,1.0,1999,1999,0.0
malaria_late,D35_Hashtag1,D35,Artesunate,threadfin,2,Memory,PB,Memory+PB,0,28,0.0,2559,2606,within_mouse,cell_state_label_permutation,state_labels,all clones size>=2,True,0.0019831344243550343,-0.0019831344243550343,1.0,1999,1999,0.0
malaria_late,D35_Hashtag1,D35,Artesunate,threadfin,2,Memory,PB,Memory+PB,0,28,0.0,2559,2606,within_mouse_isotype,cell_state_label_permutation,state_labels,all clones size>=2,True,0.005145429857786036,-0.005145429857786036,1.0,1999,1999,0.0
malaria_late,D35_Hashtag2,D35,Artesunate,threadfin,2,GC,PB,GC+PB,0,18,0.0,1904,1933,within_mouse,cell_state_label_permutation,state_labels,all clones size>=2,True,0.0032238341392918676,-0.0032238341392918676,1.0,1999,1999,0.0
malaria_late,D35_Hashtag2,D35,Artesunate,threadfin,2,GC,PB,GC+PB,0,18,0.0,1904,1933,within_mouse_isotype,cell_state_label_permutation,state_labels,all clones size>=2,True,0.04652326163081541,-0.04652326163081541,1.0,1999,1999,0.0
malaria_late,D35_Hashtag2,D35,Artesunate,threadfin,2,GC,Memory,GC+Memory,0,18,0.0,1904,1933,within_mouse,cell_state_label_permutation,state_labels,all clones size>=2,True,0.011978211327886165,-0.011978211327886165,1.0,1999,1999,0.0
malaria_late,D35_Hashtag2,D35,Artesunate,threadfin,2,GC,Memory,GC+Memory,0,18,0.0,1904,1933,within_mouse_isotype,cell_state_label_permutation,state_labels,all clones size>=2,True,0.04910788727697183,-0.04910788727697183,1.0,1999,1999,0.0
malaria_late,D35_Hashtag2,D35,Artesunate,threadfin,2,Memory,PB,Memory+PB,0,18,0.0,1904,1933,within_mouse,cell_state_label_permutation,state_labels,all clones size>=2,True,0.0012228336390417431,-0.0012228336390417431,1.0,1999,1999,0.0
malaria_late,D35_Hashtag2,D35,Artesunate,threadfin,2,Memory,PB,Memory+PB,0,18,0.0,1904,1933,within_mouse_isotype,cell_state_label_permutation,state_labels,all clones size>=2,True,0.007670501917625479,-0.007670501917625479,1.0,1999,1999,0.0
malaria_late,D35_Hashtag3,D35,Artesunate,threadfin,2,GC,PB,GC+PB,1,36,0.027777777777777776,2384,2446,within_mouse,cell_state_label_permutation,state_labels,all clones size>=2,True,0.005030292924239897,0.022747484853537878,0.166,1999,1999,0.0
malaria_late,D35_Hashtag3,D35,Artesunate,threadfin,2,GC,PB,GC+PB,1,36,0.027777777777777776,2384,2446,within_mouse_isotype,cell_state_label_permutation,state_labels,all clones size>=2,True,0.03354455005280419,-0.005766772275026415,0.7425,1999,1999,0.0
malaria_late,D35_Hashtag3,D35,Artesunate,threadfin,2,GC,Memory,GC+Memory,3,36,0.08333333333333333,2384,2446,within_mouse,cell_state_label_permutation,state_labels,all clones size>=2,True,0.028945028069590352,0.05438830526374298,0.083,1999,1999,0.0
malaria_late,D35_Hashtag3,D35,Artesunate,threadfin,2,GC,Memory,GC+Memory,3,36,0.08333333333333333,2384,2446,within_mouse_isotype,cell_state_label_permutation,state_labels,all clones size>=2,True,0.1092907564893558,-0.025957423156022466,0.7955,1999,1999,0.0
malaria_late,D35_Hashtag3,D35,Artesunate,threadfin,2,Memory,PB,Memory+PB,1,36,0.027777777777777776,2384,2446,within_mouse,cell_state_label_permutation,state_labels,all clones size>=2,True,0.0020843755210938806,0.025693402256683897,0.073,1999,1999,0.0
malaria_late,D35_Hashtag3,D35,Artesunate,threadfin,2,Memory,PB,Memory+PB,1,36,0.027777777777777776,2384,2446,within_mouse_isotype,cell_state_label_permutation,state_labels,all clones size>=2,True,0.005447168028458674,0.0223306097493191,0.1845,1999,1999,0.0
malaria_late,D35_Hashtag4,D35,Saline,threadfin,2,GC,PB,GC+PB,10,88,0.11363636363636363,2506,2627,within_mouse,cell_state_label_permutation,state_labels,all clones size>=2,True,0.02799126836145345,0.08564509527491018,0.0005,1999,1999,0.0
malaria_late,D35_Hashtag4,D35,Saline,threadfin,2,GC,PB,GC+PB,10,88,0.11363636363636363,2506,2627,within_mouse_isotype,cell_state_label_permutation,state_labels,all clones size>=2,True,0.153264132066033,-0.03962776842966938,0.9145,1999,1999,0.0
malaria_late,D35_Hashtag4,D35,Saline,threadfin,2,GC,Memory,GC+Memory,7,88,0.07954545454545454,2506,2627,within_mouse,cell_state_label_permutation,state_labels,all clones size>=2,True,0.04015644185729228,0.039389012688162264,0.059,1999,1999,0.0
malaria_late,D35_Hashtag4,D35,Saline,threadfin,2,GC,Memory,GC+Memory,7,88,0.07954545454545454,2506,2627,within_mouse_isotype,cell_state_label_permutation,state_labels,all clones size>=2,True,0.1200372913729592,-0.04049183682750465,0.937,1999,1999,0.0
malaria_late,D35_Hashtag4,D35,Saline,threadfin,2,Memory,PB,Memory+PB,1,88,0.011363636363636364,2506,2627,within_mouse,cell_state_label_permutation,state_labels,all clones size>=2,True,0.006577152212469872,0.004786484151166492,0.4405,1999,1999,0.0
malaria_late,D35_Hashtag4,D35,Saline,threadfin,2,Memory,PB,Memory+PB,1,88,0.011363636363636364,2506,2627,within_mouse_isotype,cell_state_label_permutation,state_labels,all clones size>=2,True,0.022954659147755692,-0.011591022784119328,0.8855,1999,1999,0.0
malaria_late,D35_Hashtag5,D35,Saline,threadfin,2,GC,PB,GC+PB,0,22,0.0,1047,1075,within_mouse,cell_state_label_permutation,state_labels,all clones size>=2,True,0.015598708445131657,-0.015598708445131657,1.0,1999,1999,0.0
malaria_late,D35_Hashtag5,D35,Saline,threadfin,2,GC,PB,GC+PB,0,22,0.0,1047,1075,within_mouse_isotype,cell_state_label_permutation,state_labels,all clones size>=2,True,0.11471644913365774,-0.11471644913365774,1.0,1999,1999,0.0
malaria_late,D35_Hashtag5,D35,Saline,threadfin,2,GC,Memory,GC+Memory,1,22,0.045454545454545456,1047,1075,within_mouse,cell_state_label_permutation,state_labels,all clones size>=2,True,0.03108372368002183,0.014370821774523625,0.515,1999,1999,0.0
malaria_late,D35_Hashtag5,D35,Saline,threadfin,2,GC,Memory,GC+Memory,1,22,0.045454545454545456,1047,1075,within_mouse_isotype,cell_state_label_permutation,state_labels,all clones size>=2,True,0.09566146709718494,-0.050206921642639485,0.904,1999,1999,0.0
malaria_late,D35_Hashtag5,D35,Saline,threadfin,2,Memory,PB,Memory+PB,1,22,0.045454545454545456,1047,1075,within_mouse,cell_state_label_permutation,state_labels,all clones size>=2,True,0.004070216926645141,0.04138432852790032,0.088,1999,1999,0.0
malaria_late,D35_Hashtag5,D35,Saline,threadfin,2,Memory,PB,Memory+PB,1,22,0.045454545454545456,1047,1075,within_mouse_isotype,cell_state_label_permutation,state_labels,all clones size>=2,True,0.013552230660784939,0.03190231479376052,0.2635,1999,1999,0.0
malaria_late,D35_Hashtag6,D35,Saline,threadfin,2,GC,PB,GC+PB,1,44,0.022727272727272728,2019,2082,within_mouse,cell_state_label_permutation,state_labels,all clones size>=2,True,0.01376824776024376,0.008959024967028969,0.4695,1999,1999,0.0
malaria_late,D35_Hashtag6,D35,Saline,threadfin,2,GC,PB,GC+PB,1,44,0.022727272727272728,2019,2082,within_mouse_isotype,cell_state_label_permutation,state_labels,all clones size>=2,True,0.08192732730001363,-0.059200054572740905,0.984,1999,1999,0.0
malaria_late,D35_Hashtag6,D35,Saline,threadfin,2,GC,Memory,GC+Memory,2,44,0.045454545454545456,2019,2082,within_mouse,cell_state_label_permutation,state_labels,all clones size>=2,True,0.039963163399881756,0.0054913820546637,0.5375,1999,1999,0.0
malaria_late,D35_Hashtag6,D35,Saline,threadfin,2,GC,Memory,GC+Memory,2,44,0.045454545454545456,2019,2082,within_mouse_isotype,cell_state_label_permutation,state_labels,all clones size>=2,True,0.13222520351084632,-0.08677065805630087,0.989,1999,1999,0.0
malaria_late,D35_Hashtag6,D35,Saline,threadfin,2,Memory,PB,Memory+PB,0,44,0.0,2019,2082,within_mouse,cell_state_label_permutation,state_labels,all clones size>=2,True,0.0031606712447132656,-0.0031606712447132656,1.0,1999,1999,0.0
malaria_late,D35_Hashtag6,D35,Saline,threadfin,2,Memory,PB,Memory+PB,0,44,0.0,2019,2082,within_mouse_isotype,cell_state_label_permutation,state_labels,all clones size>=2,True,0.013017872572649962,-0.013017872572649962,1.0,1999,1999,0.0
malaria_late,D35_Hashtag7,D35,Naive,threadfin,2,GC,PB,GC+PB,0,1,0.0,866,867,within_mouse,cell_state_label_permutation,state_labels,all clones size>=2,True,0.0,0.0,1.0,1999,1999,0.0
malaria_late,D35_Hashtag7,D35,Naive,threadfin,2,GC,PB,GC+PB,0,1,0.0,866,867,within_mouse_isotype,cell_state_label_permutation,state_labels,all clones size>=2,True,0.0,0.0,1.0,1999,1999,0.0
malaria_late,D35_Hashtag7,D35,Naive,threadfin,2,GC,Memory,GC+Memory,0,1,0.0,866,867,within_mouse,cell_state_label_permutation,state_labels,all clones size>=2,True,0.0,0.0,1.0,1999,1999,0.0
malaria_late,D35_Hashtag7,D35,Naive,threadfin,2,GC,Memory,GC+Memory,0,1,0.0,866,867,within_mouse_isotype,cell_state_label_permutation,state_labels,all clones size>=2,True,0.0,0.0,1.0,1999,1999,0.0
malaria_late,D35_Hashtag7,D35,Naive,threadfin,2,Memory,PB,Memory+PB,0,1,0.0,866,867,within_mouse,cell_state_label_permutation,state_labels,all clones size>=2,True,0.0,0.0,1.0,1999,1999,0.0
malaria_late,D35_Hashtag7,D35,Naive,threadfin,2,Memory,PB,Memory+PB,0,1,0.0,866,867,within_mouse_isotype,cell_state_label_permutation,state_labels,all clones size>=2,True,0.0,0.0,1.0,1999,1999,0.0
malaria_late,D42_Hashtag1,D42,Artesunate,threadfin,2,GC,PB,GC+PB,2,12,0.16666666666666666,811,829,within_mouse,cell_state_label_permutation,state_labels,all clones size>=2,True,0.013089878272469567,0.15357678839419708,0.0115,1999,1999,0.0
malaria_late,D42_Hashtag1,D42,Artesunate,threadfin,2,GC,PB,GC+PB,2,12,0.16666666666666666,811,829,within_mouse_isotype,cell_state_label_permutation,state_labels,all clones size>=2,True,0.03726863431715858,0.12939803234950809,0.0615,1999,1999,0.0
malaria_late,D42_Hashtag1,D42,Artesunate,threadfin,2,GC,Memory,GC+Memory,0,12,0.0,811,829,within_mouse,cell_state_label_permutation,state_labels,all clones size>=2,True,0.02888944472236118,-0.02888944472236118,1.0,1999,1999,0.0
malaria_late,D42_Hashtag1,D42,Artesunate,threadfin,2,GC,Memory,GC+Memory,0,12,0.0,811,829,within_mouse_isotype,cell_state_label_permutation,state_labels,all clones size>=2,True,0.060155077538769385,-0.060155077538769385,1.0,1999,1999,0.0
malaria_late,D42_Hashtag1,D42,Artesunate,threadfin,2,Memory,PB,Memory+PB,0,12,0.0,811,829,within_mouse,cell_state_label_permutation,state_labels,all clones size>=2,True,0.00817075204268801,-0.00817075204268801,1.0,1999,1999,0.0
malaria_late,D42_Hashtag1,D42,Artesunate,threadfin,2,Memory,PB,Memory+PB,0,12,0.0,811,829,within_mouse_isotype,cell_state_label_permutation,state_labels,all clones size>=2,True,0.010213440053360012,-0.010213440053360012,1.0,1999,1999,0.0
malaria_late,D42_Hashtag2,D42,Artesunate,threadfin,2,GC,PB,GC+PB,0,3,0.0,513,519,within_mouse,cell_state_label_permutation,state_labels,all clones size>=2,True,0.004669001167250292,-0.004669001167250292,1.0,1999,1999,0.0
malaria_late,D42_Hashtag2,D42,Artesunate,threadfin,2,GC,PB,GC+PB,0,3,0.0,513,519,within_mouse_isotype,cell_state_label_permutation,state_labels,all clones size>=2,True,0.00917125229281307,-0.00917125229281307,1.0,1999,1999,0.0
malaria_late,D42_Hashtag2,D42,Artesunate,threadfin,2,GC,Memory,GC+Memory,1,3,0.3333333333333333,513,519,within_mouse,cell_state_label_permutation,state_labels,all clones size>=2,True,0.03218275804568951,0.30115057528764383,0.096,1999,1999,0.0
malaria_late,D42_Hashtag2,D42,Artesunate,threadfin,2,GC,Memory,GC+Memory,1,3,0.3333333333333333,513,519,within_mouse_isotype,cell_state_label_permutation,state_labels,all clones size>=2,True,0.0735367683841921,0.2597965649491412,0.22,1999,1999,0.0
malaria_late,D42_Hashtag2,D42,Artesunate,threadfin,2,Memory,PB,Memory+PB,0,3,0.0,513,519,within_mouse,cell_state_label_permutation,state_labels,all clones size>=2,True,0.0028347507086876767,-0.0028347507086876767,1.0,1999,1999,0.0
malaria_late,D42_Hashtag2,D42,Artesunate,threadfin,2,Memory,PB,Memory+PB,0,3,0.0,513,519,within_mouse_isotype,cell_state_label_permutation,state_labels,all clones size>=2,True,0.005169251292312822,-0.005169251292312822,1.0,1999,1999,0.0
malaria_late,D42_Hashtag3,D42,Artesunate,threadfin,2,GC,PB,GC+PB,3,12,0.25,1260,1279,within_mouse,cell_state_label_permutation,state_labels,all clones size>=2,True,0.0077538769384692344,0.24224612306153076,0.0005,1999,1999,0.0
malaria_late,D42_Hashtag3,D42,Artesunate,threadfin,2,GC,PB,GC+PB,3,12,0.25,1260,1279,within_mouse_isotype,cell_state_label_permutation,state_labels,all clones size>=2,True,0.02276138069034517,0.22723861930965483,0.0015,1999,1999,0.0
malaria_late,D42_Hashtag3,D42,Artesunate,threadfin,2,GC,Memory,GC+Memory,1,12,0.08333333333333333,1260,1279,within_mouse,cell_state_label_permutation,state_labels,all clones size>=2,True,0.03355844588961146,0.04977488744372187,0.3385,1999,1999,0.0
malaria_late,D42_Hashtag3,D42,Artesunate,threadfin,2,GC,Memory,GC+Memory,1,12,0.08333333333333333,1260,1279,within_mouse_isotype,cell_state_label_permutation,state_labels,all clones size>=2,True,0.08941970985492746,-0.0060863765215941334,0.6925,1999,1999,0.0
malaria_late,D42_Hashtag3,D42,Artesunate,threadfin,2,Memory,PB,Memory+PB,1,12,0.08333333333333333,1260,1279,within_mouse,cell_state_label_permutation,state_labels,all clones size>=2,True,0.0044188761047190255,0.0789144572286143,0.0525,1999,1999,0.0
malaria_late,D42_Hashtag3,D42,Artesunate,threadfin,2,Memory,PB,Memory+PB,1,12,0.08333333333333333,1260,1279,within_mouse_isotype,cell_state_label_permutation,state_labels,all clones size>=2,True,0.005961313990328497,0.07737201934300483,0.0675,1999,1999,0.0
malaria_late,D42_Hashtag4,D42,Saline,threadfin,2,GC,PB,GC+PB,1,27,0.037037037037037035,1611,1644,within_mouse,cell_state_label_permutation,state_labels,all clones size>=2,True,0.003557334222666889,0.03347970281437015,0.093,1999,1999,0.0
malaria_late,D42_Hashtag4,D42,Saline,threadfin,2,GC,PB,GC+PB,1,27,0.037037037037037035,1611,1644,within_mouse_isotype,cell_state_label_permutation,state_labels,all clones size>=2,True,0.031978952439182556,0.005058084597854479,0.6015,1999,1999,0.0
malaria_late,D42_Hashtag4,D42,Saline,threadfin,2,GC,Memory,GC+Memory,2,27,0.07407407407407407,1611,1644,within_mouse,cell_state_label_permutation,state_labels,all clones size>=2,True,0.02949622959627962,0.04457784447779445,0.1915,1999,1999,0.0
malaria_late,D42_Hashtag4,D42,Saline,threadfin,2,GC,Memory,GC+Memory,2,27,0.07407407407407407,1611,1644,within_mouse_isotype,cell_state_label_permutation,state_labels,all clones size>=2,True,0.15600392788987086,-0.08192985381579679,0.95,1999,1999,0.0
malaria_late,D42_Hashtag4,D42,Saline,threadfin,2,Memory,PB,Memory+PB,0,27,0.0,1611,1644,within_mouse,cell_state_label_permutation,state_labels,all clones size>=2,True,0.0009449169028958923,-0.0009449169028958923,1.0,1999,1999,0.0
malaria_late,D42_Hashtag4,D42,Saline,threadfin,2,Memory,PB,Memory+PB,0,27,0.0,1611,1644,within_mouse_isotype,cell_state_label_permutation,state_labels,all clones size>=2,True,0.00542864024604895,-0.00542864024604895,1.0,1999,1999,0.0
malaria_late,D42_Hashtag5,D42,Saline,threadfin,2,GC,PB,GC+PB,7,49,0.14285714285714285,1224,1305,within_mouse,cell_state_label_permutation,state_labels,all clones size>=2,True,0.05473144735633123,0.08812569550081162,0.012,1999,1999,0.0
malaria_late,D42_Hashtag5,D42,Saline,threadfin,2,GC,PB,GC+PB,7,49,0.14285714285714285,1224,1305,within_mouse_isotype,cell_state_label_permutation,state_labels,all clones size>=2,True,0.16322446937754592,-0.020367326520403073,0.735,1999,1999,0.0
malaria_late,D42_Hashtag5,D42,Saline,threadfin,2,GC,Memory,GC+Memory,2,49,0.04081632653061224,1224,1305,within_mouse,cell_state_label_permutation,state_labels,all clones size>=2,True,0.07259752325142163,-0.03178119672080939,0.9015,1999,1999,0.0
malaria_late,D42_Hashtag5,D42,Saline,threadfin,2,GC,Memory,GC+Memory,2,49,0.04081632653061224,1224,1305,within_mouse_isotype,cell_state_label_permutation,state_labels,all clones size>=2,True,0.13158620126389725,-0.09076987473328502,0.9955,1999,1999,0.0
malaria_late,D42_Hashtag5,D42,Saline,threadfin,2,Memory,PB,Memory+PB,0,49,0.0,1224,1305,within_mouse,cell_state_label_permutation,state_labels,all clones size>=2,True,0.011985584629049216,-0.011985584629049216,1.0,1999,1999,0.0
malaria_late,D42_Hashtag5,D42,Saline,threadfin,2,Memory,PB,Memory+PB,0,49,0.0,1224,1305,within_mouse_isotype,cell_state_label_permutation,state_labels,all clones size>=2,True,0.024154934610162222,-0.024154934610162222,1.0,1999,1999,0.0
malaria_late,D42_Hashtag6,D42,Saline,threadfin,2,GC,PB,GC+PB,1,36,0.027777777777777776,1727,1772,within_mouse,cell_state_label_permutation,state_labels,all clones size>=2,True,0.010324606747818354,0.01745317102995942,0.308,1999,1999,0.0
malaria_late,D42_Hashtag6,D42,Saline,threadfin,2,GC,PB,GC+PB,1,36,0.027777777777777776,1727,1772,within_mouse_isotype,cell_state_label_permutation,state_labels,all clones size>=2,True,0.04147907286976823,-0.013701295091990452,0.815,1999,1999,0.0
malaria_late,D42_Hashtag6,D42,Saline,threadfin,2,GC,Memory,GC+Memory,4,36,0.1111111111111111,1727,1772,within_mouse,cell_state_label_permutation,state_labels,all clones size>=2,True,0.046189761547440394,0.06492134956367071,0.084,1999,1999,0.0
malaria_late,D42_Hashtag6,D42,Saline,threadfin,2,GC,Memory,GC+Memory,4,36,0.1111111111111111,1727,1772,within_mouse_isotype,cell_state_label_permutation,state_labels,all clones size>=2,True,0.1336640542493469,-0.022552943138235804,0.7435,1999,1999,0.0
malaria_late,D42_Hashtag6,D42,Saline,threadfin,2,Memory,PB,Memory+PB,1,36,0.027777777777777776,1727,1772,within_mouse,cell_state_label_permutation,state_labels,all clones size>=2,True,0.003348896670557501,0.024428881107220274,0.1125,1999,1999,0.0
malaria_late,D42_Hashtag6,D42,Saline,threadfin,2,Memory,PB,Memory+PB,1,36,0.027777777777777776,1727,1772,within_mouse_isotype,cell_state_label_permutation,state_labels,all clones size>=2,True,0.008212439553109888,0.01956533822466789,0.258,1999,1999,0.0
malaria_late,D42_Hashtag7,D42,Naive,threadfin,2,GC,PB,GC+PB,0,2,0.0,623,625,within_mouse,cell_state_label_permutation,state_labels,all clones size>=2,True,0.0,0.0,1.0,1999,1999,0.0
malaria_late,D42_Hashtag7,D42,Naive,threadfin,2,GC,PB,GC+PB,0,2,0.0,623,625,within_mouse_isotype,cell_state_label_permutation,state_labels,all clones size>=2,True,0.0,0.0,1.0,1999,1999,0.0
malaria_late,D42_Hashtag7,D42,Naive,threadfin,2,GC,Memory,GC+Memory,0,2,0.0,623,625,within_mouse,cell_state_label_permutation,state_labels,all clones size>=2,True,0.0002501250625312656,-0.0002501250625312656,1.0,1999,1999,0.0
malaria_late,D42_Hashtag7,D42,Naive,threadfin,2,GC,Memory,GC+Memory,0,2,0.0,623,625,within_mouse_isotype,cell_state_label_permutation,state_labels,all clones size>=2,True,0.0,0.0,1.0,1999,1999,0.0
malaria_late,D42_Hashtag7,D42,Naive,threadfin,2,Memory,PB,Memory+PB,0,2,0.0,623,625,within_mouse,cell_state_label_permutation,state_labels,all clones size>=2,True,0.0,0.0,1.0,1999,1999,0.0
malaria_late,D42_Hashtag7,D42,Naive,threadfin,2,Memory,PB,Memory+PB,0,2,0.0,623,625,within_mouse_isotype,cell_state_label_permutation,state_labels,all clones size>=2,True,0.0,0.0,1.0,1999,1999,0.0
