clone_id,X_umap_0,X_umap_1,n_cells,x,y,clone_cluster,gate:light zone,gate:Myc+ light zone,gate:dark zone,gate:plasma cell,marker:Aicda,marker:Bcl6,marker:Irf4,marker:Jchain,marker:Mki67,marker:Myc,marker:Mzb1,marker:Prdm1,marker:Rgs13,marker:S1pr2,marker:Sdc1,marker:Stmn1,marker:Top2a,marker:Ube2c,marker:Xbp1,marker:GC identity,marker:Cycling,marker:Plasma cell,dominant_gate,gate_purity
M1|C00001,-2.9368649166666665,0.006283083333333235,6,14.197132,3.1475544,1,0.5,0.3333333333333333,0.0,0.16666666666666666,0.23092689,0.70537734,0.9388686,1.7432765,0.93178415,1.0893984,0.0,0.0,0.6850405,0.71434146,0.36212876,0.5070327,1.1617984,0.0,1.210559,-0.0870941,-0.06815643,-0.12508744,light zone,0.5
M1|C00002,-6.06766308,-0.47513588,5,-2.1398299,-2.718196,0,0.0,1.0,0.0,0.0,0.14936595,1.4468768,0.5322177,1.7172539,1.352021,1.5234209,0.0,0.0011784433,0.1354036,1.890255,0.0,0.5629883,1.5970526,0.76538515,1.1598885,0.15686998,0.4643186,-0.25667983,Myc+ light zone,1.0
M1|C00003,-0.7945450999999998,-0.6947756000000002,4,14.858854,3.7541795,1,0.5,0.25,0.0,0.25,0.18301544,0.76262176,0.96283805,1.5558016,1.214584,0.095867604,0.0,0.0,0.24474628,1.6697285,0.40239966,0.64354515,1.7793437,0.267611,1.111656,-0.03347878,0.29799086,-0.1498442,light zone,0.5
M1|C00004,-0.4252673333333335,-0.17660126666666662,3,14.710721,4.129082,1,0.6666666666666666,0.0,0.0,0.3333333333333333,0.5061874,1.49725,0.5372063,1.5436083,0.968597,0.0,0.0,0.0,0.0,0.9859515,1.0126877,0.79683703,1.5438929,0.39949313,1.75146,0.12749803,0.31396958,-0.04680119,light zone,0.6666666666666666
M2|C00001,-7.8019250200000005,-1.46389496,5,-2.1413364,-3.3187847,0,0.0,1.0,0.0,0.0,0.18028149,1.1012931,0.1648073,2.0538146,2.1077266,1.525946,0.0,0.0,0.16800408,2.1543596,0.0,0.7146757,2.1341295,0.9023412,1.5460768,0.14566001,0.87896585,-0.22823751,Myc+ light zone,1.0
M2|C00002,-4.908548933333333,-2.2323713333333335,3,-2.996205,-3.2165687,0,0.6666666666666666,0.3333333333333333,0.0,0.0,0.40763775,1.4649001,0.0,1.9923673,1.2343618,0.75641435,0.0,0.0,1.1599435,2.332182,0.0,0.26963648,0.88030934,0.0,1.0564008,0.76115006,-0.15947808,-0.318342,light zone,0.6666666666666666
M3|C00001,3.6591874000000004,5.08373508,5,18.66092,5.834937,3,0.0,0.4,0.0,0.6,0.0,0.0,2.3874068,3.017729,1.6495224,1.6775833,0.0,0.004947184,0.0,0.7101083,1.7316202,0.58080834,1.3058951,0.18582208,2.4643545,-0.65924317,0.242363,0.63136256,plasma cell,0.6
M3|C00002,-2.703917025,1.9224072,4,14.188849,3.5051804,1,0.0,0.5,0.25,0.25,0.3568449,0.27205268,0.6254313,2.0978844,1.3383316,1.3149035,0.0,0.0,0.0,0.16219361,0.634781,0.72048295,1.918649,0.6083837,0.94420373,-0.49802056,0.5319044,-0.11651767,Myc+ light zone,0.5
M3|C00003,-5.061657966666666,-3.962554366666667,3,-2.9110765,-3.791956,0,0.0,0.3333333333333333,0.6666666666666666,0.0,0.7174654,1.6728855,0.5069462,2.0236413,2.1496613,0.4831309,0.0,0.124250405,0.78380555,1.4124556,0.0,0.2749274,2.9748008,1.7606467,1.323291,0.6643365,1.2230053,-0.17264539,dark zone,0.6666666666666666
M4|C00001,-5.60070185,-0.38981738484999995,4,-2.620548,-2.7176433,0,0.0,1.0,0.0,0.0,0.6456685,1.263376,0.47051457,0.7808497,1.4541397,0.8415104,0.0,0.0,0.10249531,1.1074044,0.0,0.6706665,1.5519488,0.31065294,0.49225417,0.20300387,0.3382319,-0.4617375,Myc+ light zone,1.0
M5|C00001,-5.3457253571428565,-2.214327942857143,7,-2.6652946,-3.8358133,0,0.0,0.5714285714285714,0.42857142857142855,0.0,0.39954633,1.6384317,0.11960683,1.2939644,1.5071927,0.6710965,0.0,0.0,0.5346304,1.7822034,0.0,0.63629395,0.72434086,0.3036594,0.4599202,0.46883965,0.16258053,-0.4561691,Myc+ light zone,0.5714285714285714
M5|C00002,-5.840365233333333,-1.10395962,3,-2.3054345,-3.0570738,0,0.0,0.6666666666666666,0.3333333333333333,0.0,0.07403164,0.31096765,0.5214862,1.2561663,1.1616396,1.3925816,0.0,0.0,0.9232585,1.2866143,0.0,1.236374,1.8847734,0.22514997,0.016180197,-0.08116985,0.55288273,-0.44831738,Myc+ light zone,0.6666666666666666
M5|C00003,-5.6016775,-0.14788993333333345,3,-2.346642,-2.4779105,0,0.0,0.6666666666666666,0.3333333333333333,0.0,0.0,0.7756517,0.3453591,1.6094345,1.073687,2.027463,0.0,0.0,0.0,0.019075664,0.0,0.95575553,1.2758769,0.7201898,0.26934603,-0.59111816,0.4878151,-0.4024794,Myc+ light zone,0.6666666666666666
M6|C00001,-2.3664263500000002,1.4501577125,4,14.431495,3.0801218,1,0.0,0.75,0.0,0.25,0.15906039,0.5687411,0.7621347,2.2080152,1.1012316,1.1012905,0.0,0.38824263,0.5754873,0.49315575,0.71328956,0.23757036,1.3248496,0.0,0.7824865,-0.25534967,-0.11405937,0.009506196,Myc+ light zone,0.75
M6|C00002,-0.960639533333333,0.9970858333333332,3,14.920172,4.329414,1,0.0,0.6666666666666666,0.0,0.3333333333333333,0.27333757,0.42710474,2.4691188,2.2408526,1.8773336,1.4419619,0.0,0.0,0.0,0.72938514,1.0336417,0.36012566,1.8347483,0.0,1.8702044,-0.37370345,0.22999196,0.36407396,Myc+ light zone,0.6666666666666666
M6|C00003,-5.7341048,-1.0388887666666666,3,-2.4660895,-2.5609312,0,0.0,1.0,0.0,0.0,0.28709543,1.0881761,0.75195336,1.5263042,0.7740729,1.2880458,0.0,0.0,0.9854796,1.3632056,0.0,0.70010966,1.5772734,0.0,0.0,0.3047712,0.06549784,-0.37957278,Myc+ light zone,1.0
M8|C00001,-1.03626146,-0.7870991239999999,5,15.018377,3.2937407,1,0.0,0.2,0.6,0.2,0.5114513,1.4275389,0.0,2.2417583,0.48111454,0.25097314,0.0,0.0,0.0,2.1741862,0.5558213,0.12808046,0.7472962,0.34553543,1.116553,0.3781954,-0.2854665,-0.19026697,dark zone,0.6
M8|C00002,-6.564519066666667,-1.0632954266666668,3,-1.8654981,-3.1050415,0,0.0,1.0,0.0,0.0,0.085022,0.5737621,0.0,1.9712605,1.3915396,1.8644266,0.0,0.0,0.7775354,1.0075976,0.0,1.2722338,1.8560548,0.2939532,1.731769,-0.11167351,0.6462492,-0.24341767,Myc+ light zone,1.0
S1|C00001,1.2539741083333331,0.45867721666666667,24,16.943653,4.832976,2,0.4166666666666667,0.0,0.20833333333333334,0.375,0.27674875,0.8047616,0.7254713,2.5985136,0.76344126,0.1968693,0.0,0.4037796,0.24359472,1.161324,0.63228613,0.4922166,1.186097,0.4453074,1.867754,-0.08212363,0.07524119,0.16850902,light zone,0.4166666666666667
S1|C00002,-0.7254363238095238,-0.7913520619047619,21,15.066915,3.3815694,1,0.47619047619047616,0.0,0.2857142857142857,0.23809523809523808,0.49262795,0.94091314,0.836504,2.3698697,0.92349523,0.3317084,0.0,0.2658028,0.7332628,1.3190262,0.40724263,0.5502772,0.85216576,0.5294675,1.3152754,0.2848457,0.105496146,0.023168186,light zone,0.47619047619047616
S1|C00003,4.321043538461539,2.267162246153846,13,18.861586,5.6099405,3,0.38461538461538464,0.0,0.07692307692307693,0.5384615384615384,0.24428119,0.62108815,1.2856619,2.8007827,0.764919,0.48835924,0.0,0.11562329,0.3908569,1.0328984,1.1060402,0.3263244,0.863541,0.30157834,2.3127515,-0.1324881,-0.12416478,0.3387286,plasma cell,0.5384615384615384
S1|C00004,-1.0274392444444445,-0.8016538666666668,9,14.816634,3.1136203,1,0.7777777777777778,0.0,0.0,0.2222222222222222,0.25391752,1.1027759,0.3410165,2.310296,1.0119063,0.27919227,0.0,0.23178667,0.24498728,1.8007159,0.22021478,0.6774123,1.2749211,0.35964465,1.0518363,0.13525748,0.1993611,-0.13166004,light zone,0.7777777777777778
S1|C00005,-3.5790435833333336,-2.7917218333333333,6,-3.3395724,-2.6969035,0,0.8333333333333334,0.0,0.16666666666666666,0.0,0.5280275,1.6258129,0.0,2.3049145,0.8560486,0.0,0.0,0.0,0.67291003,2.3710182,0.0,0.55291486,0.7718851,0.22564936,0.4891534,0.71939975,-0.052156687,-0.3440267,light zone,0.8333333333333334
S1|C00006,1.7917965400000004,1.0810547400000001,5,17.143358,4.442062,2,0.4,0.0,0.2,0.4,0.518799,1.2598506,1.0327014,3.0886955,1.0444208,0.0027283395,0.0,0.55841345,0.0,1.4209473,0.5789845,0.20854595,0.53913033,0.25906405,1.6516117,0.16430007,-0.19430868,0.28402168,mixed,0.4
S1|C00007,-4.28542212,-2.42958198,5,-3.5311677,-3.2292957,0,0.8,0.0,0.0,0.2,0.29880923,1.1717834,0.6412384,1.9806945,0.44104248,0.44661254,0.0,0.6255865,0.8797237,1.4943569,0.13723941,0.2778352,0.7166928,0.0,1.5779845,0.3290693,-0.3783448,0.0190501,light zone,0.8
S1|C00008,3.91492475,2.5451607999999997,4,18.880005,6.0207405,3,0.5,0.0,0.0,0.5,0.18939488,1.0308893,0.9126451,2.9767427,0.0738167,0.0,0.0,0.42791575,0.43594617,1.3120831,0.6494554,0.0,0.09009726,0.0,2.6255283,0.03239748,-0.71804345,0.34173566,mixed,0.5
S1|C00009,-0.4572647750000002,-1.4265392000000001,4,14.606963,3.5889432,1,0.75,0.0,0.0,0.25,0.33502296,1.4547973,0.2977185,1.9607494,0.8484483,0.10531,0.0,0.15398468,0.047232356,1.2917643,0.7397076,0.649145,1.4032835,0.05801471,1.2141107,0.10141176,0.048905745,-0.09954588,light zone,0.75
S1|C00010,0.9102601666666666,-0.26161359999999984,3,16.258923,5.0795255,2,0.6666666666666666,0.0,0.0,0.3333333333333333,0.5448664,0.50586945,0.0,2.0470166,0.72734827,0.5069632,0.0,0.0,0.5659981,0.7182405,0.8269016,0.6380826,1.2628597,0.07074792,2.3367815,-0.0030972958,-0.008413255,-0.030953443,light zone,0.6666666666666666
S1|C00011,0.4164196666666668,0.14184219999999984,3,15.855463,4.5307164,2,0.6666666666666666,0.0,0.0,0.3333333333333333,0.40047744,0.90085894,1.3562156,2.7137058,0.66783524,0.0,0.0,0.0,0.6397266,1.3339223,0.858958,0.25328773,0.9010041,0.5356398,1.3906428,0.19142151,-0.07476425,0.16439448,light zone,0.6666666666666666
S1|C00012,1.037634833333333,0.4555784666666667,3,16.734795,4.6766996,2,0.6666666666666666,0.0,0.0,0.3333333333333333,0.62886816,1.0565655,0.0039227353,2.0426705,0.82690746,0.0,0.0,0.0,0.48179898,0.78852576,0.0067295316,0.57804716,0.8756638,0.0,1.200641,0.1914231,-0.120374955,-0.2937095,light zone,0.6666666666666666
S2|C00001,-3.774862785714286,-2.9466228528571428,7,-3.7410784,-2.8006077,0,0.8571428571428571,0.0,0.0,0.14285714285714285,0.5716828,1.1506609,0.11762095,0.8956623,0.81494033,0.23448811,0.0,0.0011104356,0.38085395,1.5913566,0.00806729,0.13388799,0.86357373,0.0,0.24921176,0.33194926,-0.32310984,-0.52943194,light zone,0.8571428571428571
S2|C00002,-4.181176525,-2.532433775,4,-3.526918,-2.8881617,0,1.0,0.0,0.0,0.0,0.7654841,1.0509269,0.10033041,0.91959596,1.3087119,0.30039737,0.0,0.0,0.41848406,1.7457509,0.0,0.4383899,1.293751,0.10033041,0.3367837,0.4628018,0.05989687,-0.5206611,light zone,1.0
S2|C00003,0.9114603666666671,1.5294092599999998,3,17.182077,4.7196345,2,0.6666666666666666,0.0,0.0,0.3333333333333333,0.28281248,1.313552,1.258722,2.6127698,0.5952763,0.5541275,0.0,0.0076759644,0.46316338,1.4869165,0.8331823,0.49019977,0.76924247,0.17290246,1.7500868,0.21665442,-0.16458178,0.1752557,light zone,0.6666666666666666
S3|C00001,4.4605479,2.775803733333333,9,19.240252,5.818343,3,0.3333333333333333,0.0,0.1111111111111111,0.5555555555555556,0.20911132,0.38665968,1.4723065,2.8507967,0.6918597,0.0011286394,0.0,0.18301776,0.0,0.75318265,1.2033613,0.13806397,0.5166066,0.082576446,2.1398883,-0.4171227,-0.3875524,0.38715887,plasma cell,0.5555555555555556
S3|C00002,0.7550361874999999,0.48217758749999995,8,16.427097,4.803663,2,0.625,0.0,0.0,0.375,0.3230353,1.1814802,0.58704156,2.444141,1.4748245,0.5750085,0.0,0.69945025,0.0,1.0362033,0.2987216,0.52616745,1.2664354,0.39826012,1.3077304,-0.058133036,0.25666332,0.08235796,light zone,0.625
S3|C00003,9.34052856,5.720340380000001,5,18.154297,5.5663466,3,0.2,0.0,0.0,0.8,0.0,0.0,1.4074751,3.014583,0.35435805,0.4083038,0.0,0.6118427,0.0,0.47423,1.2765903,0.28428367,0.5720506,0.38940603,2.9457035,-0.7123995,-0.26400954,0.6084439,plasma cell,0.8
S3|C00004,4.78112794,3.5220708599999995,5,18.596092,6.1033115,3,0.4,0.0,0.0,0.6,0.08467178,0.35632545,1.6661812,2.6820807,1.1463265,0.37476748,0.0,1.2322867,0.28945577,0.63329375,1.5112276,0.36966163,1.6674582,0.3952677,2.2612128,-0.42583904,0.19007334,0.7206332,plasma cell,0.6
S3|C00005,11.3565559,6.04927468,5,18.217602,5.414491,3,0.0,0.0,0.0,1.0,0.0,0.0,1.7403187,3.9815857,0.9193824,0.0,0.0,1.4150614,0.0,0.011613304,1.7465286,0.0,0.0,0.0,3.9282272,-0.8166524,-0.5352399,1.1713864,plasma cell,1.0
S3|C00006,3.81054655,1.6834853250000001,4,19.153854,5.953893,3,0.5,0.0,0.0,0.5,0.0,1.0712166,0.650274,3.0808449,0.0,0.0,0.0,0.7268778,0.87300473,0.66090596,1.2383615,0.0,0.0,0.0,2.3606517,-0.06272441,-0.75413644,0.45214912,mixed,0.5
S3|C00007,0.9428423333333336,-0.6447444333333334,3,16.467836,4.279707,2,0.6666666666666666,0.0,0.0,0.3333333333333333,0.4940281,0.85569745,0.29345092,1.8750926,0.7747722,0.0,0.0,0.0,0.0,1.6961136,0.0,0.39351818,0.42609048,0.0,1.1671652,0.095359266,-0.30720106,-0.2739868,light zone,0.6666666666666666
S3|C00008,1.1002425666666666,0.09727973333333322,3,16.602304,5.0868297,2,0.6666666666666666,0.0,0.0,0.3333333333333333,0.26978993,0.96783113,0.98948866,1.9528402,0.7640517,0.0,0.0,0.32321754,0.1321444,0.76812345,0.9427445,0.4243351,0.7716499,0.27809408,1.8588196,-0.16579385,-0.10945833,0.15777902,light zone,0.6666666666666666
S4|C00001,-0.52771916,-1.2691987600000003,5,15.0160055,3.5746517,1,0.8,0.0,0.0,0.2,0.3126501,0.6657092,0.0,2.291497,0.69530344,0.0,0.0,0.40892562,1.5321566,1.4384127,0.5019338,0.6281525,1.5326298,0.32376653,0.76954776,0.4014538,0.14014447,-0.13101761,light zone,0.8
S4|C00002,-5.4131648,-2.39451632,5,-2.5937614,-3.351965,0,0.8,0.0,0.2,0.0,0.32701468,0.7379979,0.2788624,1.13352,0.70716345,1.0126911,0.0,0.0,0.002323751,1.8634894,0.0,0.43149462,0.6517688,0.23457393,0.9058773,0.0034049272,-0.16254719,-0.39999786,light zone,0.8
S4|C00003,0.06503282500000007,-0.812780475,4,15.28617,4.047551,1,0.75,0.0,0.0,0.25,0.12007682,1.3523095,0.768786,2.6437159,0.6115291,0.0,0.0,0.5026698,0.43112272,1.1556425,0.0899292,0.0,0.036014322,0.0,1.8815651,0.048203826,-0.60113484,0.11972672,light zone,0.75
S4|C00004,-6.1198524,-2.54431555,4,-2.333934,-3.6574225,0,0.5,0.0,0.5,0.0,0.58121514,0.9837493,0.19624496,2.3110685,1.0645149,0.32657132,0.0,0.0,1.2561493,1.811837,0.0,0.9818422,1.5462546,0.5113121,0.877756,0.6382102,0.46598715,-0.26754376,mixed,0.5
S4|C00005,-4.84699235,-3.433639475,4,-3.1789298,-3.6133213,0,0.25,0.0,0.75,0.0,1.3095243,1.3371172,0.0,2.2070923,0.83438486,0.0,0.0,0.4523071,0.0,1.7755101,0.0,0.60844886,1.018025,0.0,1.0883651,0.7233797,-0.07582324,-0.17524838,dark zone,0.75
S4|C00006,-3.6576932,-3.760411433333333,3,-3.4400926,-3.1084323,0,0.6666666666666666,0.0,0.3333333333333333,0.0,0.6817455,1.458047,0.82771903,2.2615683,0.0,0.0,0.0,0.0,1.5000125,2.157867,0.0,0.31611264,0.0,0.0,0.0,0.99452734,-0.6136443,-0.2746944,light zone,0.6666666666666666
S4|C00007,0.05403129999999982,1.3759611100000002,3,16.066305,4.7785897,2,0.6666666666666666,0.0,0.0,0.3333333333333333,0.005909691,0.7084794,0.94406223,2.8399267,1.4248371,0.75567675,0.0,0.72150177,0.15083261,1.4016857,0.9616783,0.27717516,1.6962038,0.35650054,1.2741108,-0.24394627,0.2050764,0.2974173,light zone,0.6666666666666666
S4|C00008,0.8848295999999998,-0.1785156000000002,3,16.25051,4.207013,2,0.6666666666666666,0.0,0.0,0.3333333333333333,0.5118713,1.3892212,0.0,2.0142872,0.0,0.0,0.0,0.0,0.0,0.6652034,0.727099,0.32686445,0.31090084,0.0,1.5334831,0.027322927,-0.54496574,-0.14347541,light zone,0.6666666666666666
