clone,frac,n,score,n_scored,donor
M1|C00001,0.7272727272727273,22,0.16468182,22,M1
M1|C00002,0.2727272727272727,22,-0.086918734,22,M1
M1|C00003,0.9047619047619048,21,0.105874814,21,M1
M1|C00004,0.2777777777777778,18,0.15738504,18,M1
M1|C00005,0.8666666666666667,15,0.13278905,15,M1
M1|C00006,0.15384615384615385,13,-0.109897815,13,M1
M1|C00007,0.75,12,-0.1569504,12,M1
M1|C00008,0.75,12,0.26363203,12,M1
M1|C00009,0.2,10,-0.32788244,10,M1
M1|C00010,0.7777777777777778,9,0.06837596,9,M1
M1|C00011,0.375,8,-0.05493179,8,M1
M1|C00012,0.375,8,-0.19245382,8,M1
M1|C00013,0.875,8,0.35827816,8,M1
M1|C00014,0.75,8,-0.29598904,8,M1
M1|C00015,1.0,7,0.3059168,7,M1
M1|C00016,0.7142857142857143,7,-0.02707236,7,M1
M1|C00017,0.8333333333333334,6,0.32062757,6,M1
M1|C00018,1.0,5,0.040615916,5,M1
M1|C00019,0.8,5,-0.023407888,5,M1
M1|C00020,0.8,5,-0.013908339,5,M1
M1|C00021,0.6,5,0.52985716,5,M1
M1|C00022,0.8,5,-0.03383882,5,M1
M2|C00001,0.9565217391304348,92,0.07428763,92,M2
M2|C00002,0.725,40,0.012324232,40,M2
M2|C00003,0.7,20,-0.047193956,20,M2
M2|C00004,0.4375,16,-0.2161978,16,M2
M2|C00005,0.2727272727272727,11,0.06331288,11,M2
M2|C00006,0.6666666666666666,9,0.112083346,9,M2
M2|C00007,0.8571428571428571,7,-0.04936256,7,M2
M2|C00008,1.0,6,0.09040419,6,M2
M2|C00009,0.16666666666666666,6,-0.16937435,6,M2
M2|C00010,1.0,5,0.12551157,5,M2
M3|C00001,0.9183673469387755,49,-0.012798988,49,M3
M3|C00002,0.8095238095238095,42,0.16703561,42,M3
M3|C00003,0.9032258064516129,31,0.08953089,31,M3
M3|C00004,0.8387096774193549,31,0.0781186,31,M3
M3|C00005,0.6785714285714286,28,-0.010763462,28,M3
M3|C00006,0.6956521739130435,23,0.42857426,23,M3
M3|C00007,1.0,21,0.030489024,21,M3
M3|C00008,0.65,20,-0.12253016,20,M3
M3|C00009,0.631578947368421,19,-0.17659953,19,M3
M3|C00010,0.8333333333333334,18,-0.5330382,18,M3
M3|C00011,0.9285714285714286,14,-0.16057648,14,M3
M3|C00012,0.38461538461538464,13,0.025177313,13,M3
M3|C00013,0.16666666666666666,12,-0.24295878,12,M3
M3|C00014,0.5833333333333334,12,-0.13201374,12,M3
M3|C00015,0.5,10,-0.0034712194,10,M3
M3|C00016,0.8,10,0.058191277,10,M3
M3|C00017,0.3333333333333333,9,-0.01745861,9,M3
M3|C00018,0.375,8,0.39294526,8,M3
M3|C00019,0.5,8,0.14615677,8,M3
M3|C00020,0.6666666666666666,6,-0.33677566,6,M3
M3|C00021,0.4,5,0.32261387,5,M3
M3|C00022,0.6,5,-0.020442653,5,M3
M3|C00023,0.6,5,-0.17135075,5,M3
M3|C00024,1.0,5,-0.21067443,5,M3
M3|C00025,1.0,5,0.35800093,5,M3
M4|C00001,0.8571428571428571,56,0.088872276,56,M4
M4|C00002,0.7837837837837838,37,0.22554588,37,M4
M4|C00003,0.8571428571428571,28,-0.012908757,28,M4
M4|C00004,0.96,25,0.07903356,25,M4
M4|C00005,0.7727272727272727,22,0.09832656,22,M4
M4|C00006,0.6666666666666666,18,-0.025726616,18,M4
M4|C00007,0.5,18,-0.42786747,18,M4
M4|C00008,0.8823529411764706,17,0.1452701,17,M4
M4|C00009,0.8,15,-0.15046005,15,M4
M4|C00010,0.8461538461538461,13,-0.35121286,13,M4
M4|C00011,0.75,12,0.18912093,12,M4
M4|C00012,1.0,12,0.14548415,12,M4
M4|C00013,0.8181818181818182,11,0.2180739,11,M4
M4|C00014,0.5,10,0.18450353,10,M4
M4|C00015,0.7777777777777778,9,-0.44733354,9,M4
M4|C00016,0.875,8,0.03038475,8,M4
M4|C00017,0.8571428571428571,7,0.0028413874,7,M4
M4|C00018,0.7142857142857143,7,0.16726281,7,M4
M4|C00019,1.0,6,0.31799066,6,M4
M4|C00020,0.5,6,0.4984846,6,M4
M4|C00021,0.6666666666666666,6,-0.36986437,6,M4
M4|C00022,0.5,6,-0.11115823,6,M4
M4|C00023,0.8333333333333334,6,-0.06430328,6,M4
M4|C00024,0.6666666666666666,6,-1.035839,6,M4
M4|C00025,1.0,5,0.00047655107,5,M4
M4|C00026,0.8,5,-0.48999292,5,M4
M5|C00001,0.7142857142857143,42,0.19720681,42,M5
M5|C00002,0.5294117647058824,17,-0.33669513,17,M5
M5|C00003,0.6666666666666666,12,-0.32687482,12,M5
M5|C00004,0.5714285714285714,7,-0.061572637,7,M5
M5|C00005,0.2857142857142857,7,-0.2962893,7,M5
M6|C00001,0.7692307692307693,39,-0.038354356,39,M6
M6|C00002,0.8421052631578947,19,0.007715269,19,M6
M6|C00003,0.6666666666666666,18,0.3297543,18,M6
M6|C00004,0.625,16,0.018739149,16,M6
M6|C00005,0.9166666666666666,12,0.26221392,12,M6
M6|C00006,0.3333333333333333,12,0.1003545,12,M6
M6|C00007,0.7272727272727273,11,-0.21513528,11,M6
M6|C00008,0.5,10,-0.04677739,10,M6
M6|C00009,0.4444444444444444,9,0.40335792,9,M6
M6|C00010,0.5,8,0.059153914,8,M6
M6|C00011,0.25,8,0.24554385,8,M6
M6|C00012,0.42857142857142855,7,-0.19258952,7,M6
M6|C00013,0.5714285714285714,7,0.15089716,7,M6
M6|C00014,0.8571428571428571,7,-0.08451593,7,M6
M6|C00015,1.0,6,0.32829538,6,M6
M6|C00016,1.0,6,-0.1496224,6,M6
M6|C00017,1.0,5,0.05146291,5,M6
M6|C00018,0.0,5,-0.02605946,5,M6
M7|C00001,0.78,50,-0.0763607,50,M7
M7|C00002,0.9,50,0.07383846,50,M7
M7|C00003,0.7647058823529411,34,-0.060037628,34,M7
M7|C00004,0.7096774193548387,31,0.12924379,31,M7
M7|C00005,0.6551724137931034,29,0.018575447,29,M7
M7|C00006,0.9230769230769231,26,0.21020931,26,M7
M7|C00007,0.4,20,0.09009935,20,M7
M7|C00008,0.55,20,0.288169,20,M7
M7|C00009,1.0,20,0.18774697,20,M7
M7|C00010,0.6,20,0.19659474,20,M7
M7|C00011,0.9,20,0.0658045,20,M7
M7|C00012,0.5789473684210527,19,-0.23695806,19,M7
M7|C00013,0.9473684210526315,19,0.019137546,19,M7
M7|C00014,0.5882352941176471,17,0.00701628,17,M7
M7|C00015,0.9333333333333333,15,0.09100583,15,M7
M7|C00016,0.8666666666666667,15,0.01792744,15,M7
M7|C00017,0.3333333333333333,15,0.113325566,15,M7
M7|C00018,0.3333333333333333,15,-0.23009504,15,M7
M7|C00019,0.38461538461538464,13,-0.24686249,13,M7
M7|C00020,1.0,13,-0.1157027,13,M7
M7|C00021,0.9230769230769231,13,0.10840862,13,M7
M7|C00022,0.5833333333333334,12,-0.22937743,12,M7
M7|C00023,1.0,11,0.07360616,11,M7
M7|C00024,0.5,10,0.037146498,10,M7
M7|C00025,1.0,10,0.20883946,10,M7
M7|C00026,1.0,9,-0.22632678,9,M7
M7|C00027,0.0,9,-0.14900707,9,M7
M7|C00028,0.875,8,-0.017993957,8,M7
M7|C00029,0.75,8,-0.2098961,8,M7
M7|C00030,0.7142857142857143,7,0.09665716,7,M7
M7|C00031,1.0,7,-0.35749698,7,M7
M7|C00032,0.16666666666666666,6,-0.5608533,6,M7
M7|C00033,0.8333333333333334,6,0.06495887,6,M7
M7|C00034,0.3333333333333333,6,-0.25492337,6,M7
M7|C00035,0.5,6,0.14416766,6,M7
M7|C00036,0.8333333333333334,6,0.30776596,6,M7
M7|C00037,0.8333333333333334,6,-0.059837062,6,M7
M7|C00038,0.4,5,0.037865948,5,M7
M7|C00039,1.0,5,-0.14582232,5,M7
M7|C00040,1.0,5,0.31191975,5,M7
M7|C00041,0.4,5,0.32553905,5,M7
M7|C00042,1.0,5,-0.3100826,5,M7
M7|C00043,0.6,5,-0.1528106,5,M7
M7|C00044,0.0,5,-0.20712319,5,M7
