name,basis,definition,min_clone_size,umap_k,min_dist,resolution,seed,n_points,n_cells,n_clusters,n_graph_components,trustworthiness_centroids,trustworthiness_distance_profiles,max_group_cells,multi_donor_groups,diagnostic_only,job_id,neighbour_jaccard10_input,components_k5,largest_component_fraction_k5,components_k10,largest_component_fraction_k10,components_k15,largest_component_fraction_k15,coordinates_sha256,parameters_sha256
allgenes__donor_sequence__min1__k20_md0.40_r0.30_seed123,allgenes,donor_sequence,1,20,0.4,0.3,123,487,762,10,1,0.9964650368760629,0.9986617048564914,24,0,False,32345955,0.6522212772665725,2,0.784394250513347,2,0.784394250513347,1,1.0,3e55d68bfc032eb334a135dd022d399c858d07f2c2420b36bc49fad18ba7001d,c766c374d07919a0834c4dfd8083f2dcf65260b0a850350abdb9a9c224d06ece
allgenes__donor_sequence__min3__k20_md0.40_r0.30_seed123,allgenes,donor_sequence,3,20,0.4,0.3,123,49,260,2,1,0.9460249771550411,0.9583917148949131,24,0,False,32345955,0.6826965551455348,1,1.0,1,1.0,1,1.0,9f88cf908e76458ac0f32470d5433db9cbd7d4c4f3a168f3322854b94718c343,96d992e2cb2f55e1beae052af45582163f50749cc1ddb39674a96ac271fde5c4
allgenes__donor_vdj__min1__k20_md0.40_r0.30_seed123,allgenes,donor_vdj,1,20,0.4,0.3,123,377,762,7,1,0.9953245209505046,0.9982199133436792,46,0,False,32345955,0.6469283434098538,2,0.9628647214854111,1,1.0,1,1.0,f7b90aab9901e4dea5cb21e957f0aba5a0e2a77643edf47c42fd04e970328c71,fa5f4efd276b614cc2a9075ad8fb44a4bebff7be5cdc007915ff925f67a7cb10
allgenes__donor_vdj__min3__k20_md0.40_r0.30_seed123,allgenes,donor_vdj,3,20,0.4,0.3,123,52,392,3,1,0.9367755532139094,0.9732349841938883,46,0,False,32345955,0.6078435453435452,1,1.0,1,1.0,1,1.0,0e2feb1c1bc04de503c694422e22090820dde3c63969a5538e394a9d553960d5,45147a4a42a71110df1a7fe317cdaa8f85e00acca381905e0dca2e5d5be1327c
allgenes__pooled_all_heavy__min1__k20_md0.40_r0.30_seed123,allgenes,pooled_all_heavy,1,20,0.4,0.3,123,240,788,6,2,0.9937305122494432,0.9966314031180401,192,63,True,32345955,0.6527859871609871,4,0.6125,2,0.8083333333333333,2,0.8083333333333333,3e5227af50f3edfdb8d3184164191c84b02d0bcd9afce556c32df7cf09d81ff9,f8e013fb33ffd572829a0354e7e00ee0c2fc26e5969111bed75c37b1895d904d
allgenes__pooled_vdj__min1__k20_md0.40_r0.30_seed123,allgenes,pooled_vdj,1,20,0.4,0.3,123,217,762,5,2,0.9911493293387154,0.995320808224034,191,61,True,32345955,0.6438500863676706,2,0.8110599078341014,2,0.8110599078341014,2,0.8110599078341014,8a055c684d2c84bd713faff2e61d9f01a3a9f27192b3710261422c361749418b,47d416c279b6537754dd5e07fa26e3373ce9501499c1f1e711c8d2c30e151407
allgenes__pooled_vdj__min3__k20_md0.40_r0.30_seed123,allgenes,pooled_vdj,3,20,0.4,0.3,123,44,564,2,1,0.8947368421052632,0.9303827751196172,191,42,True,32345955,0.5531164468330243,1,1.0,1,1.0,1,1.0,c83618c327976abbacae01cd011be50e5f94b332f1c1ae67bb24fabf94f492f0,13917a5021c639125e42bc4d2c301e68fe4c4745990b8367047bf20bc859ff0e
current__donor_sequence__min1__k20_md0.40_r0.30_seed123,current,donor_sequence,1,20,0.4,0.3,123,487,762,10,2,0.995344927826566,0.9982118321317129,24,0,False,32345445,0.6374502683235622,4,0.6858316221765913,3,0.6858316221765913,2,0.7802874743326489,22b18dd8c92d64f95f94c5dd2004faf0787f75e622d76e29f25b8f94f234b33a,6ed6c3c2c457266d4cf09dcf748d7c6b62ae6bb8203528ac27c1a2a3a11e6be2
current__donor_sequence__min3__k20_md0.40_r0.30_seed123,current,donor_sequence,3,20,0.4,0.3,123,49,260,3,2,0.9495583307950046,0.9526043253122144,24,0,False,32345445,0.685008868682338,3,0.3877551020408163,2,0.6326530612244898,2,0.6326530612244898,a00ad44886f23945a2dbfa6366c2ea8c59888b170a2c2a1fbaece520b06bdd55,335df0f8678b9b46aa76f47f892d32df3b3932b8d67e5ffc281c1c4637c34625
current__donor_vdj__min1__k20_md0.40_r0.30_seed123,current,donor_vdj,1,20,0.4,0.3,123,377,762,9,2,0.9948424447208251,0.9978515689490077,46,0,False,32345445,0.6522538157738658,3,0.8196286472148541,2,0.8620689655172413,2,0.8620689655172413,6d05e79d846525d171e09a01151ebeb0671331605f513f4e5ac8bf5dacf89fca,995ea64ef66bc1337220ad78332d6c80cf182d7867b3170a2e75fe84a764e7e0
current__donor_vdj__min3__k20_md0.40_r0.30_seed123,current,donor_vdj,3,20,0.4,0.3,123,52,392,3,1,0.9662802950474183,0.9841412012644889,46,0,False,32345445,0.6649696457388765,1,1.0,1,1.0,1,1.0,95b99f31c063d84ff6a6fef71b15a4adb525b656c360944d765f7c7ab480e4ff,01bca9837eec8f5cd316ea2e08f874dae9539f2f36bb80ed46ba5fdaa80a3062
current__pooled_all_heavy__min1__k20_md0.40_r0.30_seed123,current,pooled_all_heavy,1,20,0.4,0.3,123,240,788,6,2,0.9932145508537491,0.9968596881959911,192,63,True,32345445,0.6664560317133846,4,0.675,2,0.8125,2,0.8125,a6be3a4d467f8cba16f7b57144aeecff658b6d1793d67cc802f42bdbeb9a0b74,9ba0a5060a8db7026f3540cef4554d666334dddc5f12166d002fd3ec3af6a545
current__pooled_vdj__min1__k20_md0.40_r0.30_seed123,current,pooled_vdj,1,20,0.4,0.3,123,217,762,7,2,0.992711346925707,0.9966701352757544,191,61,True,32345445,0.6645366826845192,3,0.6589861751152074,2,0.8110599078341014,2,0.8110599078341014,6fb2292c6531d7d71baebe1db6bcd69c321f7857420cf12d2a28413ecc165702,e7cf59ad858d74b4811fa07ab331c79cb208ee01109c1d8fc7844e71a818b7d4
current__pooled_vdj__min3__k20_md0.40_r0.30_seed123,current,pooled_vdj,3,20,0.4,0.3,123,44,564,3,1,0.9511164274322169,0.9555023923444976,191,42,True,32345445,0.6475191475191475,2,0.6818181818181818,1,1.0,1,1.0,b2b124254ecad555132506d0c1fbc12067272cc5e120064bbab68dbea88add79,931e032caaac0f6979c310e014aae45ab0e70c85f659a3aecbe0fdd37534ed01
legacy__donor_sequence__min1__k10_md0.10_r0.30_seed123,legacy,donor_sequence,1,10,0.1,0.3,123,487,762,15,3,0.993793237102088,0.996697594509201,24,0,False,32345446,0.5733050878234317,25,0.17248459958932238,4,0.6016427104722792,3,0.6016427104722792,e39a8426ee66009efdb1dce345f51f9a073145ef8f246f6aa4712c78df0f0722,2700d29a6528614364fd908ed4f5af347c05222dcbcaad6107b109a803d4e8f6
legacy__donor_sequence__min1__k10_md0.10_r0.30_seed7,legacy,donor_sequence,1,10,0.1,0.3,7,487,762,17,3,0.993774510551105,0.9965604116357207,24,0,False,32345446,0.5769488953988734,22,0.17248459958932238,5,0.4989733059548255,3,0.6016427104722792,757e76195d78b8d485e1e7d8f6b9d14580b1289b667d246b1c371124006716da,5e81b0211223cabc3990339186891b6e3a191fd54c7fceb0aad32858325674d4
legacy__donor_sequence__min1__k10_md0.40_r0.30_seed123,legacy,donor_sequence,1,10,0.4,0.3,123,487,762,10,2,0.9956750377252902,0.9981765565356752,24,0,False,32345446,0.6389473452826515,6,0.5482546201232033,2,0.7946611909650924,2,0.7946611909650924,6ed1e77dc25b16b53b7302b71ecfb50d4b815968c09ea278a0aba905f29048c3,8ab2165834992c9196aaa304f14e8f9616242f156c1d751f52aa5f2f1567dfa0
legacy__donor_sequence__min1__k10_md0.40_r0.30_seed7,legacy,donor_sequence,1,10,0.4,0.3,7,487,762,9,2,0.9954559806289073,0.9981221188874687,24,0,False,32345446,0.6297655217512688,5,0.5667351129363449,2,0.7946611909650924,2,0.7946611909650924,84db63ee14ffc4dc893c6faa55f71c565db206660f024a091424e74a1b8090ed,dbcbd61369ff2bd34c66b9c1c401a4aebb2fcb43650e9721485387bcb5676583
legacy__donor_sequence__min1__k10_md0.65_r0.30_seed123,legacy,donor_sequence,1,10,0.65,0.3,123,487,762,7,2,0.9952909256795451,0.9974727866196615,24,0,False,32345446,0.6417110891685116,2,0.7946611909650924,2,0.7946611909650924,2,0.7946611909650924,203ce2efddb050812c62e0cd5782e1401303c4ac74dbd4381213ea7f7a7a7036,3a260beba161519c203dfb911507c95bd6667d018b3bbe6efb9f390b96f0c4fa
legacy__donor_sequence__min1__k10_md0.65_r0.30_seed7,legacy,donor_sequence,1,10,0.65,0.3,7,487,762,7,2,0.9960530527544361,0.9983786290858176,24,0,False,32345446,0.6534030248850878,4,0.5790554414784395,2,0.7946611909650924,2,0.7946611909650924,b815ccc6d063fb1de05c5504aeb6851d017ea45b789f52156afd8d3d6ef113f8,0e4fde98266b47a9b957d4977d1f91155bf7c547fff742cc8e74c0f60e119a64
legacy__donor_sequence__min1__k10_md0.85_r0.30_seed123,legacy,donor_sequence,1,10,0.85,0.3,123,487,762,6,2,0.9966104942720706,0.9987544666090353,24,0,False,32345446,0.6689334842795407,3,0.6016427104722792,2,0.7946611909650924,2,0.7946611909650924,b391ac8e2b20784110c03013d3bdaab8d649b8044066b671f53e7ca608d66681,cc8dba6f371c1233db876a0145fbaf59c405ecd77ff970b44988a883cea4cd1f
legacy__donor_sequence__min1__k10_md0.85_r0.30_seed7,legacy,donor_sequence,1,10,0.85,0.3,7,487,762,6,2,0.9951210802171409,0.9973216677082404,24,0,False,32345446,0.6508546713583554,2,0.7946611909650924,2,0.7946611909650924,2,0.7946611909650924,4d0839a4ee61776ba5b206ee409050b877c1feb9c7435961ae3b4c1fd35ba198,aba7f4fe74c8272ba5f18542769c32507a9bc939938efd1ba7f5605804b4e3eb
legacy__donor_sequence__min1__k20_md0.10_r0.30_seed123,legacy,donor_sequence,1,20,0.1,0.3,123,487,762,13,3,0.9943972772465873,0.9974867226576024,24,0,False,32345446,0.5822041117907005,10,0.2792607802874743,3,0.6016427104722792,3,0.6016427104722792,18e8fe09904398a3b5f25ad4c8a415c3d6424b0cef1d791abba6b71be3ff2d03,29f163532fcb26d375cbe039ad664e749d118a6d31768d82981c4ca44963d511
legacy__donor_sequence__min1__k20_md0.10_r0.30_seed7,legacy,donor_sequence,1,20,0.1,0.3,7,487,762,12,3,0.9936978623424302,0.9970638510063343,24,0,False,32345446,0.5682772614403692,7,0.22381930184804927,3,0.6016427104722792,3,0.6016427104722792,99422b114ebf2a2ec0793c3309114ed4938567400bdd019c2836d7ab7b18e2c0,5b263bf1a6e141359729c25e09567d584df403716686e2bd0db17961aa0b23b8
legacy__donor_sequence__min1__k20_md0.40_r0.30_seed0,legacy,donor_sequence,1,20,0.4,0.3,0,487,762,8,2,0.9951650658368918,0.9978185745610693,24,0,False,32345955,0.6132036178475806,3,0.7946611909650924,2,0.7946611909650924,2,0.7946611909650924,f27abae694506f87c486e34ed4a164e0a39b656eba0aecd6c41990fa135dd3ec,dfaa5df67ff7fb5dbabe32122df83f25aae85859bcfa81493b1f656c91fdc451
legacy__donor_sequence__min1__k20_md0.40_r0.30_seed1,legacy,donor_sequence,1,20,0.4,0.3,1,487,762,8,2,0.9954159145198272,0.9982845608297168,24,0,False,32345955,0.6239189865470054,2,0.7946611909650924,2,0.7946611909650924,2,0.7946611909650924,4ea452433d52e10bc94401146db628dabbd10bb5506523aab44c057ac71e0c06,a947ba888dafa517f845eba487a6e67f6572eed2c0c8b7e7f5690b08c693443f
legacy__donor_sequence__min1__k20_md0.40_r0.30_seed123,legacy,donor_sequence,1,20,0.4,0.3,123,487,762,8,2,0.9958758037718758,0.9985672010992049,24,0,False,32345445,0.63560173147048,3,0.6016427104722792,2,0.7946611909650924,2,0.7946611909650924,70f3aea32da69bb5db30477c7dee5b7f9a33989ec59597eed5c1082f9767c515,2e9ac70951f35dd8e5408a743cd698f8be67cf4ba5a8a353811743696ce28c61
legacy__donor_sequence__min1__k20_md0.40_r0.30_seed2024,legacy,donor_sequence,1,20,0.4,0.3,2024,487,762,8,2,0.9956963772833871,0.9983930006249442,24,0,False,32345955,0.6296462660153928,3,0.62217659137577,2,0.7946611909650924,2,0.7946611909650924,b9854f3d3a4e05d9b6a087db13ee6132a8fcdb89aeb8f211e62e04ef23ec2cd7,a4cf13b03d66ba8dfcf991e74d5cd52352163056646ae93a8b6069fb66a6a2a2
legacy__donor_sequence__min1__k20_md0.40_r0.30_seed42,legacy,donor_sequence,1,20,0.4,0.3,42,487,762,7,2,0.9956253905901259,0.998438292748252,24,0,False,32345955,0.6314557561990827,2,0.7946611909650924,2,0.7946611909650924,2,0.7946611909650924,6313a04c27d7eb38f557c45db48f22aa5615d249265218d3154e1457822984da,a99c77a1cdd0cc7e946d007baf71722fddbfc1fd1081907c7fac1aa4b7c984a9
legacy__donor_sequence__min1__k20_md0.40_r0.30_seed7,legacy,donor_sequence,1,20,0.4,0.3,7,487,762,6,2,0.9949747518187618,0.9978307685942674,24,0,False,32345446,0.6114072904080596,2,0.7946611909650924,2,0.7946611909650924,2,0.7946611909650924,84e4547612d0f356bf30474b225a4910d96080adcaf89bd74d2c4bd2142843b5,1da7c954e045941a8427dbb11738f69baf369017bcbe79533317429c459598ae
legacy__donor_sequence__min1__k20_md0.40_r0.30_seed99,legacy,donor_sequence,1,20,0.4,0.3,99,487,762,7,2,0.9949277176907114,0.9977144897776984,24,0,False,32345955,0.6163088163329739,3,0.6016427104722792,2,0.7946611909650924,2,0.7946611909650924,b8c1e563fdb6ca67f53aa43307a87f78fa8f60f4f0e5ed779be0b30ca2b19379,6ef5ba9038ed577346ff03ebeb41c6bf7ae8b55b482bbaf8f98c98a44083cbaf
legacy__donor_sequence__min1__k20_md0.65_r0.30_seed123,legacy,donor_sequence,1,20,0.65,0.3,123,487,762,6,2,0.9963840336555316,0.9987897422050731,24,0,False,32345446,0.6547151798691839,2,0.7946611909650924,2,0.7946611909650924,2,0.7946611909650924,b87c50b8285a90dbb6166d9e47af23134a8acad285de6e8263d0cd02b85eb9ac,073279fa6e3f0adabd90f8a169fbd140d460eaafe2b58c20dc0d5f00f3a3bd94
legacy__donor_sequence__min1__k20_md0.65_r0.30_seed7,legacy,donor_sequence,1,20,0.65,0.3,7,487,762,6,2,0.995128483737297,0.9976691976543907,24,0,False,32345446,0.6309904547010478,2,0.7946611909650924,2,0.7946611909650924,2,0.7946611909650924,0b900e2f2bef396a635df658839f2e6023a64fa1a85ffe744593cd839402b16a,74f2a8b3ba269a552236339811c85a5929ffd5b943d167375c8ab1f2974b3ba9
legacy__donor_sequence__min1__k20_md0.85_r0.30_seed123,legacy,donor_sequence,1,20,0.85,0.3,123,487,762,7,1,0.9958322536533105,0.9984753103490325,24,0,False,32345446,0.6422486533611065,2,0.7946611909650924,2,0.7946611909650924,1,1.0,7e1dcf955eba5eb9219a36a8165898de5a206d63561092bb5daa0e2816db36bc,2c95a3a753f6a14a8cd2a2ef3c093903a01ebed1f0ffe5226fe4094634a6d004
legacy__donor_sequence__min1__k20_md0.85_r0.30_seed7,legacy,donor_sequence,1,20,0.85,0.3,7,487,762,6,2,0.9949473152440658,0.9973216677082404,24,0,False,32345446,0.6372424732733949,2,0.7946611909650924,2,0.7946611909650924,2,0.7946611909650924,c523d268e1de398217c771acd6b7acf383b31398319801dc4868a347cedc3883,5082000d6c719ab23b0b3312e9809771419b9c369f3129bf55ec8dcb2c57f170
legacy__donor_sequence__min1__k40_md0.10_r0.30_seed123,legacy,donor_sequence,1,40,0.1,0.3,123,487,762,11,3,0.9931047097275723,0.9972397934853378,24,0,False,32345446,0.5693815710964363,8,0.2587268993839836,3,0.47433264887063653,3,0.47433264887063653,6f465db791e7e5ab1cdd35a5eace6639728487819850cdca1e308d771cc59d00,eea1539559ebb7ea3d73480cede2a148b01c6cd9ab59d320ba379fe2135e2ff7
legacy__donor_sequence__min1__k40_md0.10_r0.30_seed7,legacy,donor_sequence,1,40,0.1,0.3,7,487,762,11,2,0.9937875755866745,0.9974832386481172,24,0,False,32345446,0.5825189014822265,8,0.4620123203285421,2,0.7946611909650924,2,0.7946611909650924,218bc36457548ff2c95ddcdedf001b03bebb2d9f7996da5a776b27cb594a2e57,b60888a32a522143d7f94775c3db9e994c520125bdaace6b5d0777f900a46243
legacy__donor_sequence__min1__k40_md0.40_r0.30_seed123,legacy,donor_sequence,1,40,0.4,0.3,123,487,762,8,2,0.9940693448537914,0.9973691373374765,24,0,False,32345446,0.5991240903908337,2,0.7946611909650924,2,0.7946611909650924,2,0.7946611909650924,cada3bafe6d5658b78019e8c927c42475ca43e48d0f62c54a78fc20fff2ff445,916bccaa78bfa11e33b452c837616040eb055b49ffb4fe27c1d12734c85d5511
legacy__donor_sequence__min1__k40_md0.40_r0.30_seed7,legacy,donor_sequence,1,40,0.4,0.3,7,487,762,7,2,0.9941046204498292,0.9972842146062743,24,0,False,32345446,0.5986475199480839,2,0.7946611909650924,2,0.7946611909650924,2,0.7946611909650924,cc10ad668ac89078844e8435e7d3cbc1d8aa679324dbd29e24c25f94c81577c6,230fc4c225973b206b38c9eb012031b1701cb87796b76be365d40087af37f259
legacy__donor_sequence__min1__k40_md0.65_r0.30_seed0,legacy,donor_sequence,1,40,0.65,0.3,0,487,762,7,1,0.9957042163047289,0.998607267208285,24,0,False,32345955,0.6374263930430134,2,0.7946611909650924,1,1.0,1,1.0,9ad314179eb9004d7e4990ab63cfa30353d9847cd844ef5dcc6fdb8ca1163f7e,b2f2ce6e238902976e9831b517adcaf2850f3c6d6f65d85a1404f0713e336e97
legacy__donor_sequence__min1__k40_md0.65_r0.30_seed1,legacy,donor_sequence,1,40,0.65,0.3,1,487,762,6,1,0.9956563111743072,0.9985158119592981,24,0,False,32345955,0.635736473669799,2,0.7946611909650924,1,1.0,1,1.0,6f3ee00fa69479bd27034e0f8321312132dad99d5a5480206e5109dc437a247a,24f1da9719234a82a34a688557b9f690fa7bc81ea4d94106fba09001fa046d6c
legacy__donor_sequence__min1__k40_md0.65_r0.30_seed123,legacy,donor_sequence,1,40,0.65,0.3,123,487,762,6,1,0.9945989142955441,0.9974039774323286,24,0,False,32345446,0.6077956673677616,2,0.7946611909650924,1,1.0,1,1.0,dbeccacdc0694d7aa118e0e56a9ac822e9696767cf02eafccceaa232d696640e,839e7d16c761be3be44367aa6ce09fedd529e97fcc986e96c6c8e6d02bf205d5
legacy__donor_sequence__min1__k40_md0.65_r0.30_seed2024,legacy,donor_sequence,1,40,0.65,0.3,2024,487,762,7,1,0.9938951443795305,0.9972215024355404,24,0,False,32345955,0.5946164530534623,2,0.7946611909650924,1,1.0,1,1.0,dd8df61b36e74031a220dd7cf6c015fd5b4a6383f4fe8f9be866228bdb2d81e7,e01e7ede3e096d9cc71c5dd4a5e3acdf2287dba2280599919509cd3f81a5a33c
legacy__donor_sequence__min1__k40_md0.65_r0.30_seed42,legacy,donor_sequence,1,40,0.65,0.3,42,487,762,6,1,0.995642810637552,0.998408243166442,24,0,False,32345955,0.626642779644032,2,0.7946611909650924,1,1.0,1,1.0,39a553272b7ddf676340d2e95757d6fec36cd71fe1249a79c865150b613874de,da620a9d9a69f381f5d7485b10745db858a261e4894345ba4171dc20072aeaaf
legacy__donor_sequence__min1__k40_md0.65_r0.30_seed7,legacy,donor_sequence,1,40,0.65,0.3,7,487,762,7,1,0.9957721544896906,0.9985001339166146,24,0,False,32345446,0.6400816775258132,2,0.7946611909650924,2,0.7946611909650924,1,1.0,55e34c054beb7db6d8dbd45dd85555abcee9a791ff38012c8d3f681ffcd67b3b,3c7e998917aa9a9f5bf4f629cef2b16410e44e6f90f7727011df7f6e31ad49bc
legacy__donor_sequence__min1__k40_md0.65_r0.30_seed99,legacy,donor_sequence,1,40,0.65,0.3,99,487,762,7,1,0.994320193536727,0.9974231394844972,24,0,False,32345955,0.6039672059659218,2,0.7946611909650924,1,1.0,1,1.0,1cf8de65951172dfacca9a08245c7e6d746dc28f48b0ad2e46c56f2d40721439,9c8dbe5b364985c54f2d610e214324d6e817c400e940cc0a8e6b1c6442b414b0
legacy__donor_sequence__min1__k40_md0.85_r0.30_seed0,legacy,donor_sequence,1,40,0.85,0.3,0,487,762,6,1,0.9936020520815868,0.9962751583591186,24,0,False,32345955,0.5984490531171734,2,0.7946611909650924,1,1.0,1,1.0,cc0368402633e000e29fa1485b71666e18e7b235d8719ca2cea2d080977a3ad7,e087f37a7ccded9724a8c0e13d3856d9fc6f87117e2ed16b61b3850822750c6f
legacy__donor_sequence__min1__k40_md0.85_r0.30_seed1,legacy,donor_sequence,1,40,0.85,0.3,1,487,762,6,1,0.9959511454769936,0.9985206024723402,24,0,False,32345955,0.6407875083137795,2,0.7946611909650924,1,1.0,1,1.0,0f8763e62c3e2a14336809267cf6ab74870e8507d98efbc2cd3d36b8bdfa73c6,2ecf44b869e40ae638642fca7f6a264b113ce51dddeae863f327ad9471b79cb5
legacy__donor_sequence__min1__k40_md0.85_r0.30_seed123,legacy,donor_sequence,1,40,0.85,0.3,123,487,762,6,1,0.9937453319716663,0.9974444790425941,24,0,False,32345446,0.6142823336022998,2,0.7946611909650924,1,1.0,1,1.0,ddf8e2f6625387a17fc672279d01fe0f262e4d4b26029f4715a8d11fdec8a79b,342d5bc95dd163317e2ab0391edcf31b421ca1c1e5585eee303a758a8a3bc753
legacy__donor_sequence__min1__k40_md0.85_r0.30_seed2024,legacy,donor_sequence,1,40,0.85,0.3,2024,487,762,6,1,0.9933172343061704,0.9965904612175307,24,0,False,32345955,0.5931088914842991,2,0.7946611909650924,1,1.0,1,1.0,65dd3ae5a121a61fcbca9422c696da2d9989281a1202649c38eaedddb8beeda9,1183b87cfee40f90d230dde8f779f7b8825d77cd26b7185539b6c82ec91f8318
legacy__donor_sequence__min1__k40_md0.85_r0.30_seed42,legacy,donor_sequence,1,40,0.85,0.3,42,487,762,6,1,0.9959994861086009,0.998436986244695,24,0,False,32345955,0.6365997277943165,1,1.0,1,1.0,1,1.0,84d6dabec95dda064a0c168fde01ce858645854f58651ca53ba8253dbc5351c8,3132815b7b6ac155ebbeccbba38a0c962a62269f3d06b1052ecf20337a1a3657
legacy__donor_sequence__min1__k40_md0.85_r0.30_seed7,legacy,donor_sequence,1,40,0.85,0.3,7,487,762,7,1,0.9960007926121579,0.9985005694178002,24,0,False,32345446,0.6455336982272601,2,0.7946611909650924,1,1.0,1,1.0,d527e7161ca23aacdbc1d57a5eca737a6ac15833d98308821ea77ca2d7c8d8d3,3dd6708d0ba786e0eb05819fd99bed4ccacbc590c869dfc8da2e089375219ddb
legacy__donor_sequence__min1__k40_md0.85_r0.30_seed99,legacy,donor_sequence,1,40,0.85,0.3,99,487,762,7,1,0.992459296970436,0.9961749930864187,24,0,False,32345955,0.5930363832220782,2,0.7946611909650924,1,1.0,1,1.0,c67899e62db91338d4e6d61900981b502971e5b8516a2afa964cde03a0a6da7a,3e4628b0851f4ff609b6c4570da9a1f001ae7b826c8270a5cff9b2710dfa44fc
legacy__donor_sequence__min1__k80_md0.10_r0.30_seed123,legacy,donor_sequence,1,80,0.1,0.3,123,487,762,11,2,0.991807351695515,0.9965983002388724,24,0,False,32345446,0.5548591576000811,6,0.6078028747433265,2,0.7946611909650924,2,0.7946611909650924,39b571cb45bf8dea6e4508cb2a90b2df1726ab9720b8ff1a3219bc7a099ba3f0,2a6b432c0ee5c067a3223f8f5497c7e93c107b5ed4ed47a33f30e1ba136e2645
legacy__donor_sequence__min1__k80_md0.10_r0.30_seed7,legacy,donor_sequence,1,80,0.1,0.3,7,487,762,10,2,0.9934243675978408,0.9974292365010964,24,0,False,32345446,0.5682563391462254,4,0.5872689938398358,2,0.7946611909650924,2,0.7946611909650924,49a7ceca876e75f39185c5307f7d0ca26611bff7a3755b642a997dc11bbbfb74,6a5a6330b02bbad5b6489fcdaf7cae7739491a8d00f1bfedf3365e124d5ffe53
legacy__donor_sequence__min1__k80_md0.40_r0.30_seed0,legacy,donor_sequence,1,80,0.4,0.3,0,487,762,8,1,0.9924170533554277,0.9966531733882645,24,0,False,32345955,0.5770336797507636,2,0.7946611909650924,1,1.0,1,1.0,1f56f29f7c28f8f163f5b0fd7cf75266f50f16d5dfd3e708ff7063e7efbfba97,c4685ec9659fa378b09a46faf123d051f7c56aea5e396d0648f81b911964bed5
legacy__donor_sequence__min1__k80_md0.40_r0.30_seed1,legacy,donor_sequence,1,80,0.4,0.3,1,487,762,8,1,0.9943937932371021,0.9979592414440348,24,0,False,32345955,0.5996593082832204,2,0.7946611909650924,1,1.0,1,1.0,21033202c4c7727bfe5193e27dc5e3b1bb0e1a35d6b0cc40782fb4a130514623,5ac5dfc89639877caacce0addc6e093da988760675d53c2c2155502281f96b92
legacy__donor_sequence__min1__k80_md0.40_r0.30_seed123,legacy,donor_sequence,1,80,0.4,0.3,123,487,762,7,1,0.9933385738642674,0.9972528585209073,24,0,False,32345446,0.5809028595167908,2,0.7946611909650924,2,0.7946611909650924,1,1.0,9ba693d11ce2693464f69d223e9dc634b141bbcd74c05df981d334bcfd8b80d5,6da9422049338d799e34562c230fb8c572a228ad4bfbafa72d512e5a32941f0e
legacy__donor_sequence__min1__k80_md0.40_r0.30_seed2024,legacy,donor_sequence,1,80,0.4,0.3,2024,487,762,7,1,0.9948301654251254,0.9981121023601986,24,0,False,32345955,0.6072151625294961,2,0.7946611909650924,1,1.0,1,1.0,9f4ae87da49fa38139f3c1795cb445e8efd6fde73edda49c5c52fc81d34bff7d,9f6dca4dc300baf1be5b21b8b604be426153331cdbbce81c53ce79f398ad9522
legacy__donor_sequence__min1__k80_md0.40_r0.30_seed42,legacy,donor_sequence,1,80,0.4,0.3,42,487,762,8,1,0.9943981482489586,0.9979692579713049,24,0,False,32345955,0.6002388486686108,2,0.7946611909650924,2,0.7946611909650924,1,1.0,1bc336605f0f52f036d3a278d2c61394eec6ca93fb3a89ed9cf1fcdebaec20e8,c8a8aaddd5209cd9279fa9728b1b0e26c7161ad372066785d9d923251d3bba13
legacy__donor_sequence__min1__k80_md0.40_r0.30_seed7,legacy,donor_sequence,1,80,0.4,0.3,7,487,762,7,1,0.994783131297075,0.9981787340416034,24,0,False,32345446,0.6066643761413661,2,0.7946611909650924,2,0.7946611909650924,1,1.0,2928758858b18f0aaf0977ac7df5d0e72e7f7bd5c6bf728b18bf64c84ca6f686,a45c1c2674cfb5690dd8542f928ad2969fa30034d6f50bdd148f17c4b4287d2a
legacy__donor_sequence__min1__k80_md0.40_r0.30_seed99,legacy,donor_sequence,1,80,0.4,0.3,99,487,762,7,1,0.9934243675978408,0.9971309181889247,24,0,False,32345955,0.5740549150921622,2,0.7946611909650924,1,1.0,1,1.0,e71efbf2a81bfb6c88ca40d30d75e7bfe44c4fb6a6e3ee0beb2322652826ed60,82c7c579ba99e272738b824156f0ee6fcc256afaf2d22f22dcb1ccc34e635abd
legacy__donor_sequence__min1__k80_md0.65_r0.30_seed0,legacy,donor_sequence,1,80,0.65,0.3,0,487,762,7,1,0.9920194407729275,0.9959607265030779,24,0,False,32345955,0.5819269534026592,1,1.0,1,1.0,1,1.0,d822b1df09ffc36419265c560759beab13728d7c1ddb3eca797d3d9e2a4bcad1,26e1bfba6c1bfb324a6fb9720caa6541f0a66cef422a827731d547127654fda3
legacy__donor_sequence__min1__k80_md0.65_r0.30_seed1,legacy,donor_sequence,1,80,0.65,0.3,1,487,762,7,1,0.9950174309349558,0.9980563582084352,24,0,False,32345955,0.6095161925512654,2,0.7946611909650924,1,1.0,1,1.0,1c0e64db6d62dcabdc95c060450682799c1dff27c5b25c0b3153e78cf1bf34d0,286c1376083b5a2a37b103709e76ed17678ea79833513eb1c6554121c974bc08
legacy__donor_sequence__min1__k80_md0.65_r0.30_seed123,legacy,donor_sequence,1,80,0.65,0.3,123,487,762,6,1,0.9953627833751777,0.9983411759838516,24,0,False,32345446,0.6248164673699157,2,0.7946611909650924,1,1.0,1,1.0,f5daba927a261436a059923ba06df29b35f4624deba8ca846302f2178bca52c7,4351f93072252df3f7aa890bef82acd378f549dc7077a279d6c6f08b8877c65b
legacy__donor_sequence__min1__k80_md0.65_r0.30_seed2024,legacy,donor_sequence,1,80,0.65,0.3,2024,487,762,6,1,0.9954781911893755,0.9982523337419786,24,0,False,32345955,0.6285826479086535,1,1.0,1,1.0,1,1.0,6da720f851f3d27d4dd7d6dbba793d992c5a920a1da786b9990dca13c0a38330,9d7cdf52b25310c453d3bfa137d364412ccc7e4fc3d83066181a3468dba586c6
legacy__donor_sequence__min1__k80_md0.65_r0.30_seed42,legacy,donor_sequence,1,80,0.65,0.3,42,487,762,6,1,0.9950679490724913,0.9980485191870935,24,0,False,32345955,0.617992410751198,2,0.7946611909650924,1,1.0,1,1.0,f25dc3ca1c6f9cc52305f58ae2bee9402dae3ec4815e06e61a7853896b650d13,0673ac3e1b795190054ca77089fe7cb7905f0bbbebb57efdb9e5f85ca373616d
legacy__donor_sequence__min1__k80_md0.65_r0.30_seed7,legacy,donor_sequence,1,80,0.65,0.3,7,487,762,7,1,0.9929932214240453,0.996302159432629,24,0,False,32345446,0.5835728687093269,2,0.7946611909650924,1,1.0,1,1.0,5835244af44d2dd938b624e0856af3739d002f659b9d44f63120ef4f648dadee,85984c0220598e9f3d1bf14f11f86d186f75cae8d1316ba9847a812c6c6477be
legacy__donor_sequence__min1__k80_md0.65_r0.30_seed99,legacy,donor_sequence,1,80,0.65,0.3,99,487,762,6,1,0.9954233180399834,0.9981495554621648,24,0,False,32345955,0.6235563365651541,2,0.7946611909650924,1,1.0,1,1.0,eb5935a50e90aa138f7dd67d8545cc1a6ade35ec1135aca52d9be7ed8415e851,71a7ef51d418fc29e07920524bec589f6fb2561779b8a5d3a8c93106d21ab79b
legacy__donor_sequence__min1__k80_md0.85_r0.30_seed0,legacy,donor_sequence,1,80,0.85,0.3,0,487,762,6,1,0.9956641501956489,0.9981748145309326,24,0,False,32345955,0.6230832922764314,2,0.7946611909650924,1,1.0,1,1.0,064de20ce9b811236a718393fefd9c65d9d0cc9092b48479a537b3ca0c7e5004,a6eaa5e4063794bf9be60bba4ced402d96bc9a6a5c14943089b1f26057c50be7
legacy__donor_sequence__min1__k80_md0.85_r0.30_seed1,legacy,donor_sequence,1,80,0.85,0.3,1,487,762,6,1,0.9952643601072204,0.9980136790922414,24,0,False,32345955,0.6100231384082091,2,0.7946611909650924,1,1.0,1,1.0,58e888e1ec1eb496aa2dbfceeb63e16bea636e37639b5ddd3257ea181f91b0af,08bd4a861adda501ce278398fb752506e92b538953d47b53cf80f92659de1683
legacy__donor_sequence__min1__k80_md0.85_r0.30_seed123,legacy,donor_sequence,1,80,0.85,0.3,123,487,762,6,1,0.9956732957205476,0.9983133039079699,24,0,False,32345446,0.6276399806955874,2,0.7946611909650924,1,1.0,1,1.0,362ea21a7a3bf52902408ef07d83e98a8db35d7af7cfc42faacf8dd2c54fa989,ab22057ae61c0f977720ad852607c7cac31bc4b867f3f54fb13673267cfd6b68
legacy__donor_sequence__min1__k80_md0.85_r0.30_seed2024,legacy,donor_sequence,1,80,0.85,0.3,2024,487,762,6,1,0.995692893273902,0.9981512974669073,24,0,False,32345955,0.6289259049254218,1,1.0,1,1.0,1,1.0,a4ea0dff0e80b983166a24b9f33447c864a46fc3c295160851f37d2d92e7bf30,62d684a3af905f44b133e60df77cab884d985163ffbdea6cbe8f228ddda73c19
legacy__donor_sequence__min1__k80_md0.85_r0.30_seed42,legacy,donor_sequence,1,80,0.85,0.3,42,487,762,6,1,0.9954760136834473,0.9980672457380765,24,0,False,32345955,0.6204897825262603,2,0.7946611909650924,1,1.0,1,1.0,a869517142b6924467158eb965956d84b90e609f42ad42832852e5d6cdcadd23,e0756da04b96c9411784d909082c24141c3e116e481fc0b6f3bb6217c22ed83b
legacy__donor_sequence__min1__k80_md0.85_r0.30_seed7,legacy,donor_sequence,1,80,0.85,0.3,7,487,762,6,1,0.9952765541404186,0.9981173283744265,24,0,False,32345446,0.6208205371147756,2,0.7946611909650924,1,1.0,1,1.0,eeb4ce6c6b551a0638c1f55d7b734347afbd4dbbb79cdc3147726fcbcc695473,5361a86ac333210796a8b5dda00ea005292a168a9cd4bdd2ceaae82c188663ac
legacy__donor_sequence__min1__k80_md0.85_r0.30_seed99,legacy,donor_sequence,1,80,0.85,0.3,99,487,762,7,1,0.995660230684978,0.9980776977665322,24,0,False,32345955,0.6239086938748735,2,0.7946611909650924,1,1.0,1,1.0,188c947a81a5f9683a2ecf14a93794237392186ce684603468a0e9f10181f9fe,92ba8b13fe8d709ef88e5eb22357938e68ecf6a9a1f027a1fc149614ca52113b
legacy__donor_sequence__min3__k20_md0.40_r0.30_seed123,legacy,donor_sequence,3,20,0.4,0.3,123,49,260,3,1,0.9518732866280841,0.96356990557417,24,0,False,32345445,0.6788789441850667,1,1.0,1,1.0,1,1.0,6c193e951185cc62d69541180e1aa80c3c8549b914eefb5d72a5fea43a00a563,4158f95c3dc453073361764bba3ac962d4efcfa9bd7d1d0b9940e51f405b7e03
legacy__donor_vdj__min1__k10_md0.10_r0.30_seed123,legacy,donor_vdj,1,10,0.1,0.3,123,377,762,11,3,0.9913189590968958,0.9957882533358281,46,0,False,32345448,0.5507079171067312,12,0.3395225464190981,4,0.48010610079575594,3,0.5941644562334217,582e95182a7b02fe8ba2d8fbf7e6b5f7fc268484069faa52724c6b572d46c0af,d95babe7b4d9e7d79c795b9b375f60c8e7635caf67dd78afca502ff736e7f7d4
legacy__donor_vdj__min1__k10_md0.10_r0.30_seed7,legacy,donor_vdj,1,10,0.1,0.3,7,377,762,12,3,0.9913072190365079,0.995862362467027,46,0,False,32345448,0.5485170363384387,10,0.38992042440318303,4,0.5941644562334217,3,0.5941644562334217,802dd8a901a48ab9d865351c64ec88e643918bd5a558619735563808189e7279,3f1175258a95845320f0c01c72eb3d19d146c5bc9cb32fe376c5286dc55c6223
legacy__donor_vdj__min1__k10_md0.40_r0.30_seed123,legacy,donor_vdj,1,10,0.4,0.3,123,377,762,7,1,0.9940044979106362,0.9976453841384446,46,0,False,32345448,0.6121499034590001,4,0.7374005305039788,1,1.0,1,1.0,10ba84b4fddaabdbe78e5a81b64c45f1b2bdce6051e5360575dc5bca043cf8c7,738c8b4e52bc06a741364dac8e693ea8ab4d7136a14ee0083f9b0ad277fe30c6
legacy__donor_vdj__min1__k10_md0.40_r0.30_seed7,legacy,donor_vdj,1,10,0.4,0.3,7,377,762,7,2,0.9933976835393347,0.996867605137744,46,0,False,32345448,0.5968969268626001,2,0.8037135278514589,2,0.8037135278514589,2,0.8037135278514589,f2a590425bb03551825e111eba8ecad3c15dcd6d24a5f4ebd615f53e39aad368,bb6f521f5139a875ccc9784e5818d6e1641955741ab58c407f2a28caf24a37c5
legacy__donor_vdj__min1__k10_md0.65_r0.30_seed123,legacy,donor_vdj,1,10,0.65,0.3,123,377,762,6,1,0.9948409772132766,0.9980643575435391,46,0,False,32345448,0.6451209112310688,2,0.8037135278514589,1,1.0,1,1.0,26c77c815beeda66a69c89d38cc5a9c2c366e98bb49c972bf6f93b428a74f0d8,3db1a23cfb091e8f8fb9409300b3a176679b45c0abaede2ea258617873f6603b
legacy__donor_vdj__min1__k10_md0.65_r0.30_seed7,legacy,donor_vdj,1,10,0.65,0.3,7,377,762,6,1,0.9928818546360398,0.995862362467027,46,0,False,32345448,0.6146726966277599,2,0.8037135278514589,1,1.0,1,1.0,d0af8abea1fd89b75804dcdf9b89fda722ba6f050d082ad68c88e7e200547642,d4c5e47f4a9f14cf510464e7fd12069c237ccb3fc28d2ab3d137fbd64352a715
legacy__donor_vdj__min1__k10_md0.85_r0.30_seed123,legacy,donor_vdj,1,10,0.85,0.3,123,377,762,5,1,0.9897927512464643,0.9941695925098415,46,0,False,32345448,0.6051896160255293,1,1.0,1,1.0,1,1.0,0ae6bd8d66c6a98981c59d6f25466e053a09f64f0baf069eddfedf2a0097452e,aad7ee1c553ff537196851b6a7ee47faee7c54eca8a9b54e7a44d28e98b976fd
legacy__donor_vdj__min1__k10_md0.85_r0.30_seed7,legacy,donor_vdj,1,10,0.85,0.3,7,377,762,6,1,0.9952856320004696,0.998261003555037,46,0,False,32345448,0.6493550658006891,1,1.0,1,1.0,1,1.0,28feeddde23055cffdc92cdf9425e3e9f8fa837c9e80623c33cf50004fd87305,99c5ed1c6554db1ba65f4e8f9e2cd7c12a6ecf02a3f05b3aa8e14862370c5575
legacy__donor_vdj__min1__k20_md0.10_r0.30_seed123,legacy,donor_vdj,1,20,0.1,0.3,123,377,762,11,2,0.9906996709114323,0.9959254652916121,46,0,False,32345448,0.5495005223347768,9,0.3156498673740053,4,0.4005305039787798,2,0.610079575596817,f70fa7a267dac39d947ef749cc5fdd9e83bae9a9d1a8fdbe6caab6ef62f07b40,6991f926966fbdf985c1979670fab7d9e38dfec440763e3b54738292cce739d2
legacy__donor_vdj__min1__k20_md0.10_r0.30_seed7,legacy,donor_vdj,1,20,0.1,0.3,7,377,762,11,2,0.9911744096033694,0.9960942286596887,46,0,False,32345448,0.5561860427674127,11,0.3209549071618037,4,0.5941644562334217,2,0.8037135278514589,05bad854b0803723889b9aeac3882f0cc5751d215bc8522f561ead060d63286c,da6ce7643de6eb2c1282a0062cd9cf9bddfa223163d04e4ccbb6d86169873a82
legacy__donor_vdj__min1__k20_md0.40_r0.30_seed0,legacy,donor_vdj,1,20,0.4,0.3,0,377,762,6,1,0.9935150841432141,0.9976138327261521,46,0,False,32345955,0.6133477616158222,1,1.0,1,1.0,1,1.0,f6759aa8ae95e44e387366bf106c43f153637972f0ee4d15b696a6c6876f4dea,30ec126ab8f97dba567fb7ae3419cef0eb2d394032ffc5a789ebf4124aa1f569
legacy__donor_vdj__min1__k20_md0.40_r0.30_seed1,legacy,donor_vdj,1,20,0.4,0.3,1,377,762,6,1,0.9938892985680795,0.9976798705658342,46,0,False,32345955,0.6136853472631286,1,1.0,1,1.0,1,1.0,b9e00bd7a3f1f04c36f6e83a75b2354eb49cb27db01bcee2840759a79276cf0e,e54e5728c3b961365ec3f778ad7ba9df49192320faeef67e81f9cc0fb09bc444
legacy__donor_vdj__min1__k20_md0.40_r0.30_seed123,legacy,donor_vdj,1,20,0.4,0.3,123,377,762,6,1,0.9937161326773575,0.9976042939270869,46,0,False,32345445,0.6180052058032036,2,0.9708222811671088,1,1.0,1,1.0,210f295a90d0cd4c267480e226ebebc774e97c217029dcf9bddad6cdfc743699,daa5a3dffdfa6ccf7e48b524159fc93897c211f728d48419f098e0792154dd12
legacy__donor_vdj__min1__k20_md0.40_r0.30_seed2024,legacy,donor_vdj,1,20,0.4,0.3,2024,377,762,6,1,0.99330009428736,0.997720960777192,46,0,False,32345955,0.6096169902843905,1,1.0,1,1.0,1,1.0,2c9612624d5993adabda2c0adee8b9034f4cd2f5f6df0d732d3d1eb93b4e0d51,22ea4622fc90be632769848e70770e0aeb5d6b9e8a33d985581ec7831f8d3fb0
legacy__donor_vdj__min1__k20_md0.40_r0.30_seed42,legacy,donor_vdj,1,20,0.4,0.3,42,377,762,6,1,0.9930058590238874,0.9972880460503869,46,0,False,32345955,0.60185613149373,2,0.8249336870026526,1,1.0,1,1.0,826f8b002f5b57f76bb69e45123b3dad55db2721de585c91f539996f68abd11e,4fd84e1134173c081f15bfd2e1d3ab0a3d83248246ee14cb7c85396b04c0b40b
legacy__donor_vdj__min1__k20_md0.40_r0.30_seed7,legacy,donor_vdj,1,20,0.4,0.3,7,377,762,6,1,0.9938452733416248,0.997670331766769,46,0,False,32345448,0.6161850579856509,2,0.8249336870026526,1,1.0,1,1.0,fa9f38ed2c4fb97762a57e4d6c6cbee1edc36b0dfa0343e96132b629e5f59072,05b9d6844ec3a70299f97b7b419784eaddb1afdc9f3f6910a5c7431062276517
legacy__donor_vdj__min1__k20_md0.40_r0.30_seed99,legacy,donor_vdj,1,20,0.4,0.3,99,377,762,6,1,0.9934138261223682,0.9976123652186036,46,0,False,32345955,0.6100705132145295,3,0.6286472148541115,1,1.0,1,1.0,76de70395fc7fa5a96a7de331fc9ecd8db114780f3ff2bdf819d9d4a9c29df52,ce7556f3f5d49f29eafc9e8825d2922e2d3905e814e27c8f2cc09b1decfc4a44
legacy__donor_vdj__min1__k20_md0.65_r0.30_seed123,legacy,donor_vdj,1,20,0.65,0.3,123,377,762,6,1,0.9944674965421854,0.997950625708531,46,0,False,32345448,0.6368043374596659,1,1.0,1,1.0,1,1.0,74f2e3c37c50e7bbf42670116ba0cf4fa43ecd634744e39097a027c093f8cde7,f5885d05f3e6ada5aa6160d6e18745db221dc20db28e94dc86154f0151aaac70
legacy__donor_vdj__min1__k20_md0.65_r0.30_seed7,legacy,donor_vdj,1,20,0.65,0.3,7,377,762,6,1,0.9947609980518838,0.997950625708531,46,0,False,32345448,0.6373760036187873,1,1.0,1,1.0,1,1.0,34b984974c540fe8d568b31ef72dc6cb1ceae4b105bf081a218ea3a5d8eea83b,1a569c9a9d5df52270baa8de26acca61081d79fdd1d1a9c7843108658c459c07
legacy__donor_vdj__min1__k20_md0.85_r0.30_seed123,legacy,donor_vdj,1,20,0.85,0.3,123,377,762,6,1,0.9949011450227647,0.998010059764245,46,0,False,32345448,0.6506968482705727,1,1.0,1,1.0,1,1.0,646a20d830dc71f24bc73ae54c40e5a936860bcc127265663555d0ab9b86a392,2d28bb30a664f81c26c2e5a9b9cfb2c461ddacaf6e3049b58a23898c09314478
legacy__donor_vdj__min1__k20_md0.85_r0.30_seed7,legacy,donor_vdj,1,20,0.85,0.3,7,377,762,6,1,0.9951131998635218,0.99807316258883,46,0,False,32345448,0.6471003641389037,2,0.8249336870026526,1,1.0,1,1.0,1b8db6464d221ae3d660dcccce3cc73cf346ffc2f3be6c3572a0a124d6e6ac60,aec58ec341ed5c762aabd89018da588a66cc829fd2fcad3bbaadbfca7dcfe447
legacy__donor_vdj__min1__k40_md0.10_r0.30_seed123,legacy,donor_vdj,1,40,0.1,0.3,123,377,762,9,1,0.9903188527025986,0.9961206437955615,46,0,False,32345448,0.5470724014014289,6,0.5649867374005305,4,0.5941644562334217,1,1.0,0403711ca0532b8ae295405992d3a0d0d923d488e32bd75cd4b68ed7ccbb267d,9f34e5c8fec4879cea8b893c2b24e5e8f5c96152e497478cc23da520b60c8404
legacy__donor_vdj__min1__k40_md0.10_r0.30_seed7,legacy,donor_vdj,1,40,0.1,0.3,7,377,762,7,1,0.9908493566813784,0.996262258273991,46,0,False,32345448,0.5566752847057682,5,0.5649867374005305,3,0.7904509283819628,1,1.0,78d53b36ce673374d48fe45fd2653241765ff1b88e997e1b5832f91b04104a94,6b201c6c6db96a2434b05ddaf02c03545f62023472036d7d2d2cc9a6ae548cb6
legacy__donor_vdj__min1__k40_md0.40_r0.30_seed123,legacy,donor_vdj,1,40,0.4,0.3,123,377,762,6,1,0.9926147682622143,0.9974208554835254,46,0,False,32345448,0.6080613661749565,1,1.0,1,1.0,1,1.0,80dd4b02b83e1cf7e0878164307cebcb762329abad4b6d08bddecd11fdb533d2,950a3045402904fedb7710c27279e7e229a930fcbddf1f030d85a96255997f1d
legacy__donor_vdj__min1__k40_md0.40_r0.30_seed7,legacy,donor_vdj,1,40,0.4,0.3,7,377,762,6,1,0.9925127764875941,0.9967355294583796,46,0,False,32345448,0.5860685490893012,1,1.0,1,1.0,1,1.0,f941252a81ddbef67986aa141af56d542e026262ee481e86f344db01e88c9c66,6d3bc69811f3e24d59ff9f514e5b2803b73e190db36abd7556353fdb3b896917
legacy__donor_vdj__min1__k40_md0.65_r0.30_seed0,legacy,donor_vdj,1,40,0.65,0.3,0,377,762,6,1,0.994075672026738,0.9976395141082507,46,0,False,32345955,0.6249731614063022,1,1.0,1,1.0,1,1.0,561fdb035a636cad8161849888f228610286f43299784303b62b789b2a1a3bb5,814d171150bfe98a14df6e02b968fe802ed0545b606db00612ee5c4a73db6425
legacy__donor_vdj__min1__k40_md0.65_r0.30_seed1,legacy,donor_vdj,1,40,0.65,0.3,1,377,762,6,1,0.9941409761126458,0.997634377831831,46,0,False,32345955,0.6259452437093256,1,1.0,1,1.0,1,1.0,c3edf8d5fd5cb541498a169f549b471fcfff00ba1d76ef75045a3b121125e8a7,b5c824fd983f415eeb8fe5fb6944c17973d5b4cf5f566cc38dc10cf801d7fd70
legacy__donor_vdj__min1__k40_md0.65_r0.30_seed123,legacy,donor_vdj,1,40,0.65,0.3,123,377,762,6,1,0.9939083761662099,0.9976358453393794,46,0,False,32345448,0.6250448767612132,1,1.0,1,1.0,1,1.0,be7cd509b773e17d5c0ca4e6273679c124244d4f869f4f95ddae67cd8dc0fa78,6a69cad64d630c7ed2d5bc6ab00a9e5564cde2500a9257a0e36a1a1bce52a939
legacy__donor_vdj__min1__k40_md0.65_r0.30_seed2024,legacy,donor_vdj,1,40,0.65,0.3,2024,377,762,6,1,0.9938416045727535,0.9976461178922189,46,0,False,32345955,0.6194505075375727,2,0.8249336870026526,1,1.0,1,1.0,7fa4a3937ac2a02947a22869f1ce187f2f1bf8ab99355fc7ef24b0b36e10be40,5bdc88f9d8ca167c9aefac533766937432522491b8e8e88cbfc143c4de07a9c8
legacy__donor_vdj__min1__k40_md0.65_r0.30_seed42,legacy,donor_vdj,1,40,0.65,0.3,42,377,762,6,1,0.9939311225332115,0.9975676062383746,46,0,False,32345955,0.618613157269734,1,1.0,1,1.0,1,1.0,b64ba411c908198bc95de38986b07d05e5bf8692b62208a4e5cc718bb23b3891,517b9fce3a67420719448452688a54ba309b836bff59bca3095ec7a08856c06f
legacy__donor_vdj__min1__k40_md0.65_r0.30_seed7,legacy,donor_vdj,1,40,0.65,0.3,7,377,762,6,1,0.9942172865051675,0.9977363696064512,46,0,False,32345448,0.6319384703297951,1,1.0,1,1.0,1,1.0,37f8ae23bdad5a428ad4bf2c3f836790d8dfbbf68161ab6769f707236e8c298f,e660b28cce59e9f6d1268c44bf2ae86aabe23c2b2f16134fda58b3bae2f3ed2e
legacy__donor_vdj__min1__k40_md0.65_r0.30_seed99,legacy,donor_vdj,1,40,0.65,0.3,99,377,762,6,1,0.9941563849419051,0.9977158245007722,46,0,False,32345955,0.6363618123560967,1,1.0,1,1.0,1,1.0,7b68e452aadf963d05b93b6c81ac2638248aa8967b42790257fc2f02bbcdfcb7,d2054a9e409e1f2c55dc26d8ddb50effd946f1511c6e8fe3e74bd1f6a97392d7
legacy__donor_vdj__min1__k40_md0.85_r0.30_seed123,legacy,donor_vdj,1,40,0.85,0.3,123,377,762,6,1,0.9941123597154503,0.9975859500827308,46,0,False,32345448,0.6288139271834077,1,1.0,1,1.0,1,1.0,ee56466985bc595f01075fa544589cb54f0b6de8122b146ef41085463aa98a2c,c85bbe7126e875a4f5d252d581a6bf7ff401551a9941d8f0c2426ea39e3776a1
legacy__donor_vdj__min1__k40_md0.85_r0.30_seed7,legacy,donor_vdj,1,40,0.85,0.3,7,377,762,6,1,0.9946355261564876,0.997768654772518,46,0,False,32345448,0.6402197038411738,1,1.0,1,1.0,1,1.0,40e62c01995e566b997d00c46dd19c637b50c035cebb8bfb375e12e9c2970219,a519653302270b1d274db769db21f1a153f43e835a8da7d4070ab8b7f0e13dc9
legacy__donor_vdj__min1__k80_md0.10_r0.30_seed123,legacy,donor_vdj,1,80,0.1,0.3,123,377,762,8,1,0.9900583701127412,0.9960157170058443,46,0,False,32345448,0.5466392732182616,2,0.8249336870026526,1,1.0,1,1.0,5fd2c2f34c321aefb9c3a631855683ec1382ef0efdd9ddb5d533eb4997af607d,e88ee72ee8de56649ec1b82d25ba60043ab8f4f8c153d74e1d766977fe244ffb
legacy__donor_vdj__min1__k80_md0.10_r0.30_seed7,legacy,donor_vdj,1,80,0.1,0.3,7,377,762,8,1,0.9899461057852816,0.9961213775493357,46,0,False,32345448,0.5377711399855424,5,0.7612732095490716,1,1.0,1,1.0,d9359c4daaf1390b47c07fb11059ca286e3fd8de622be15f9da5dd29c88f3fc6,02335d774aa73b27e31a78bcb3b43dc4cafe16edd67e9038371d01a516c726bc
legacy__donor_vdj__min1__k80_md0.40_r0.30_seed123,legacy,donor_vdj,1,80,0.4,0.3,123,377,762,6,1,0.9928803871284912,0.9973812327797161,46,0,False,32345448,0.6006083556013343,1,1.0,1,1.0,1,1.0,87ec4447e8af634fc65a6e73c7227a5b7f5dcac145331d7d141bdb81c0f6d22a,16fb381db6707de9738d15036e4e12dfb2076856bce9d23cfc6a8aea480766fc
legacy__donor_vdj__min1__k80_md0.40_r0.30_seed7,legacy,donor_vdj,1,80,0.4,0.3,7,377,762,6,1,0.9930931757230226,0.9974149854533314,46,0,False,32345448,0.5931788431398355,1,1.0,1,1.0,1,1.0,64b700251877c50df587cc175c16f3dc6068d00feaad8ce099f7373f5db779a7,89e46cf1df657a74ae31cf92d65e44b03cc43191c3216db42f91e72d72ae1b8b
legacy__donor_vdj__min1__k80_md0.65_r0.30_seed123,legacy,donor_vdj,1,80,0.65,0.3,123,377,762,6,1,0.9934116248610454,0.9973650901966827,46,0,False,32345448,0.6122774132994137,1,1.0,1,1.0,1,1.0,7de67e4eaac824a48ca3385dd89d62089421d4994d072c7f621e6e924bcda995,272fe346210ce41db05e8973874926d1ec4dec54a076c31fc5a11fe5269fa46c
legacy__donor_vdj__min1__k80_md0.65_r0.30_seed7,legacy,donor_vdj,1,80,0.65,0.3,7,377,762,6,1,0.9937249377226484,0.9972755722362246,46,0,False,32345448,0.6123606633826637,1,1.0,1,1.0,1,1.0,8738bd6610c4dffa3b3ed0e3681cff03c12d3babe4319a5ce6ebc4f5bd740c6f,7362f7a593ef1a2c6d224fa325908dd937169b29ec36b31fe0da77df22517909
legacy__donor_vdj__min1__k80_md0.85_r0.30_seed123,legacy,donor_vdj,1,80,0.85,0.3,123,377,762,6,1,0.9933932810166892,0.9972234757182532,46,0,False,32345448,0.6070852138101319,1,1.0,1,1.0,1,1.0,caac17088869707442bff0aaddbd356c52fa2ca4e3db7ed248c3574131a53f11,f2952960cb8b41456c7159351f1885c3cc889968e0fc7520e3dd868e1671e994
legacy__donor_vdj__min1__k80_md0.85_r0.30_seed7,legacy,donor_vdj,1,80,0.85,0.3,7,377,762,6,1,0.9937843717783623,0.9972572283918686,46,0,False,32345448,0.6134968471136361,1,1.0,1,1.0,1,1.0,dcc7180ce324b751e80812dcf7726c125dddfa0df13be55e3e9610e1df2638a4,65cc7cfdc93c913c74ec38a1209b845fae1214a82f451a1243826c213c4494a3
legacy__donor_vdj__min3__k20_md0.40_r0.30_seed123,legacy,donor_vdj,3,20,0.4,0.3,123,52,392,3,1,0.9550579557428872,0.977186512118019,46,0,False,32345445,0.627075915537454,2,0.8461538461538461,1,1.0,1,1.0,ea9668d50ef5144831c85f16ba7c96afef6bc7f22efde9f4c79474de027ff2be,5cdcd8e2f671d60fde3b6b8a371dcbd0bf82e815a3deb7143442139de090c9d6
legacy__pooled_all_heavy__min1__k20_md0.40_r0.30_seed123,legacy,pooled_all_heavy,1,20,0.4,0.3,123,240,788,6,1,0.9903192279138827,0.9963233110616184,192,63,True,32345445,0.5974822971146502,2,0.5375,1,1.0,1,1.0,87c74b968061eeaf8ffa88ad48a950faff280acb4efc249feb4d4bee6e794545,18b6ff2d21c433d847fdcfe2f6f9914e10dd59b6253848fd0d5eeb91c1f448c9
legacy__pooled_vdj__min1__k10_md0.10_r0.30_seed123,legacy,pooled_vdj,1,10,0.1,0.3,123,217,762,10,3,0.9829115733382122,0.9916661902093744,191,61,True,32345447,0.5396647021606004,12,0.16129032258064516,4,0.4700460829493088,3,0.543778801843318,d877eef0ff51c8bfeec9cac1dddcd782db2473ca352a26c895121c762091809d,4e0cd1c1efeb557c16ec8f59e4e70b392b6c825fe8635337afd9138f4187311c
legacy__pooled_vdj__min1__k10_md0.10_r0.30_seed7,legacy,pooled_vdj,1,10,0.1,0.3,7,217,762,10,3,0.9854226938514139,0.9924552034853804,191,61,True,32345447,0.5588281687352895,10,0.28110599078341014,4,0.391705069124424,3,0.543778801843318,41a99c42b930e822b9a759c31abcc00c300bef7be9ca42da7e8f2cb46b3e34ea,f8055aa2316b2d4af73248ab846865b90e6833c7188992bd934535ec113429c1
legacy__pooled_vdj__min1__k10_md0.40_r0.30_seed123,legacy,pooled_vdj,1,10,0.4,0.3,123,217,762,7,1,0.9892236795462602,0.9962173102651771,191,61,True,32345447,0.600568221874809,3,0.543778801843318,1,1.0,1,1.0,f8b8e8ddcf6c62a8a2c7f2fd60017033beeb8b9afa305583b2b08ebdf9b77b09,71003ab1013f5bb0416f9d1aadb0e49dbd2d8b9701254eca9ce41af70dfc271e
legacy__pooled_vdj__min1__k10_md0.40_r0.30_seed7,legacy,pooled_vdj,1,10,0.4,0.3,7,217,762,7,1,0.9891047558061086,0.995540359744314,191,61,True,32345447,0.598832209024673,6,0.35023041474654376,1,1.0,1,1.0,97c66e6f06bf71f56d2138ba11341ae5ef7be8a532a324447e58bca660fdbe31,d1a7c02d531cb686279e4de5170d0f98e6a34369fd90b0c2ccc24f8c1d52aaf5
legacy__pooled_vdj__min1__k10_md0.65_r0.30_seed123,legacy,pooled_vdj,1,10,0.65,0.3,123,217,762,6,1,0.9907079393031526,0.9966907182307807,191,61,True,32345447,0.626440673269082,2,0.847926267281106,1,1.0,1,1.0,8332e2188d018d5d8b6b23229deefe543f78a029932289ef1f27bd366b861276,e88528d7f7b304b97d24910ebb64940429216930a59f45799460c0c45a8e35ea
legacy__pooled_vdj__min1__k10_md0.65_r0.30_seed7,legacy,pooled_vdj,1,10,0.65,0.3,7,217,762,6,1,0.9921853380750363,0.9967776240408914,191,61,True,32345447,0.6471602627064812,3,0.7788018433179723,1,1.0,1,1.0,cd05ccbf6e2db1d0e1886afbbc240f6c0ce8d6a9f1bb9ee5a9dc5fe6d4f3bb52,de6001bea87448801f618f0cdd259f6810fd4b0e7c340f48227843e75a520ab4
legacy__pooled_vdj__min1__k10_md0.85_r0.30_seed123,legacy,pooled_vdj,1,10,0.85,0.3,123,217,762,5,1,0.9680186618792238,0.9820196452870751,191,61,True,32345447,0.5830307158580403,2,0.847926267281106,1,1.0,1,1.0,47966e5580046e77650a72251a5385e1f85dab02d9fdf4332e9dea0dc6456917,bb6ae3536afd22e9fda4ab47de0a4b44bda6fb302d0df5e00b847e20ef2fb4b4
legacy__pooled_vdj__min1__k10_md0.85_r0.30_seed7,legacy,pooled_vdj,1,10,0.85,0.3,7,217,762,5,1,0.9889492401459102,0.9937885215720804,191,61,True,32345447,0.620843352003558,3,0.543778801843318,1,1.0,1,1.0,3e33486d5226cd5d9df5b96731939fbd6de8221c9af4dcdaa427fcd7b19aa2fa,5466071b9e94fd063822c9af7a178a85611ac802c26e4172191ffe7d537ff145
legacy__pooled_vdj__min1__k20_md0.10_r0.30_seed123,legacy,pooled_vdj,1,20,0.1,0.3,123,217,762,7,2,0.9856742633017347,0.9938274004871299,191,61,True,32345447,0.5589427213851177,5,0.543778801843318,2,0.8110599078341014,2,0.8110599078341014,d7214b1cb78bee4406168877c109d0c37ed68829dea0d1d8b0fbb79b1dd40d62,865f50b29d84323351b2d4f5a236f305905387a1749df03982179788b5c07fcb
legacy__pooled_vdj__min1__k20_md0.10_r0.30_seed7,legacy,pooled_vdj,1,20,0.1,0.3,7,217,762,7,1,0.984279196349956,0.9935735440418063,191,61,True,32345447,0.5572202488033335,5,0.2764976958525346,2,0.543778801843318,1,1.0,7c0755ea26f660b87abec6d47cf0f4317271f3edd2fe4d37d0b539f7beec21f5,e2b01f4b21c4ced548b2861f3dcee0ca644abf235751f776cd02369fa720d118
legacy__pooled_vdj__min1__k20_md0.40_r0.30_seed0,legacy,pooled_vdj,1,20,0.4,0.3,0,217,762,7,1,0.9899738139072166,0.9965123326205533,191,61,True,32345955,0.6051692276278885,2,0.6129032258064516,1,1.0,1,1.0,c016375525c9a24daff3fa4d50da911e7bfbc28982afb046741c1b4c0423992d,65904baf472a9380f42665779ac272059c8003f9200bc8e3bb86d502e5c88e9a
legacy__pooled_vdj__min1__k20_md0.40_r0.30_seed1,legacy,pooled_vdj,1,20,0.4,0.3,1,217,762,6,1,0.9900515717373157,0.9965306285805765,191,61,True,32345955,0.6126775546672538,1,1.0,1,1.0,1,1.0,758671cb9071567420ff537d0c2098ea5871ed7fb6d72ce84579f101a246b893,be53771f3f07a091a98fef87634f9447ed4f06efff57882e81441776fdfbf551
legacy__pooled_vdj__min1__k20_md0.40_r0.30_seed123,legacy,pooled_vdj,1,20,0.4,0.3,123,217,762,6,2,0.9906095985180272,0.9968485208859819,191,61,True,32345445,0.6086347464769801,4,0.543778801843318,2,0.8110599078341014,2,0.8110599078341014,2c9f9e8a583d52be0a1fadae23c455af88d635e6cefe1e14817516127d255fd4,26b2957b5891725b5f2bc50f4c24ae19ab3801a7cb6bd66d248a39c9188314d3
legacy__pooled_vdj__min1__k20_md0.40_r0.30_seed2024,legacy,pooled_vdj,1,20,0.4,0.3,2024,217,762,7,1,0.9901636344924586,0.9963362340053287,191,61,True,32345955,0.6088741384214411,2,0.8110599078341014,2,0.8110599078341014,1,1.0,13ceb0f204883b80823a4e7395622a6e773328ad27cc1d1ac8db7263b18c7ee0,695dc540e4be4f225139e6e7134afb907f7ee15cc2616f109a69c7979ef2de06
legacy__pooled_vdj__min1__k20_md0.40_r0.30_seed42,legacy,pooled_vdj,1,20,0.4,0.3,42,217,762,6,1,0.9884369532652572,0.9957873552046289,191,61,True,32345955,0.6105516197004406,2,0.847926267281106,1,1.0,1,1.0,97c03d11e22ea66e365c2db2fda26e2f2d4343308f85dac2e62bd3bccacd7496,37f10695ecd80ddabbcc21237524f405afd22336678b8ce3d4aa712ae8d0e99a
legacy__pooled_vdj__min1__k20_md0.40_r0.30_seed7,legacy,pooled_vdj,1,20,0.4,0.3,7,217,762,7,1,0.989907491052132,0.9965374895655853,191,61,True,32345447,0.6155965882856639,1,1.0,1,1.0,1,1.0,64a660362f0de65a1b19bd199e226b3b42ea8f15bf7d3c1db42cad77527b5857,d667635f10bf44e52dce48da4be2fe0989df6e5c9729842c4069a0bce3b3c85b
legacy__pooled_vdj__min1__k20_md0.40_r0.30_seed99,legacy,pooled_vdj,1,20,0.4,0.3,99,217,762,6,1,0.9896239036717704,0.9964460097654687,191,61,True,32345955,0.612211340660785,1,1.0,1,1.0,1,1.0,4ff4eab55fe3c27f4bc51ecfcb844847e1edf23b89881539585bcd27acf2f818,c8cdfb6fccd6464f6070803368f4b1fd099bf0d69c9731bfa3f2ed61da638827
legacy__pooled_vdj__min1__k20_md0.65_r0.30_seed123,legacy,pooled_vdj,1,20,0.65,0.3,123,217,762,6,1,0.9900950246423712,0.9967821980308973,191,61,True,32345447,0.6115415938538736,1,1.0,1,1.0,1,1.0,7aa8dd422e0f18d84c1429ddd1df1ccbff4f2179a657699e24418538f23b8bde,6c3c6df497d6039ab6ad9f0bf7ddea66af272489ae1828c5be7e05709afb7184
legacy__pooled_vdj__min1__k20_md0.65_r0.30_seed7,legacy,pooled_vdj,1,20,0.65,0.3,7,217,762,6,1,0.9907674011732285,0.9967227361608215,191,61,True,32345447,0.6319176120470151,1,1.0,1,1.0,1,1.0,dc18249f0333bc904e633599cd8dbf43e2bf72183593103bd6d3da3788aaa8e3,244c74a6b588435d7c30c64a13525a6a595c076dd773a92fe7ae701e9d8b484b
legacy__pooled_vdj__min1__k20_md0.85_r0.30_seed123,legacy,pooled_vdj,1,20,0.85,0.3,123,217,762,5,1,0.9916547552343599,0.9969903145761626,191,61,True,32345447,0.6329978641580702,1,1.0,1,1.0,1,1.0,be4918bcb12af391818e91278b0f29ef448b04f39b665d12dcfed645fb046c5a,706e7692637d7a568735384f45bd7f65a85971025c5a80472eeb0d3adf072d37
legacy__pooled_vdj__min1__k20_md0.85_r0.30_seed7,legacy,pooled_vdj,1,20,0.85,0.3,7,217,762,5,1,0.9924437685103658,0.9971641261963843,191,61,True,32345447,0.6443679208656168,1,1.0,1,1.0,1,1.0,eeafb567bd7ad60820d058a588a3aa7881fa45925c0a2395236c6189c5591024,50bd6aa6efafa4944b7a8b8c041bdd6feffd90ee641e1784f39a7b8a5429e7c7
legacy__pooled_vdj__min1__k40_md0.10_r0.30_seed123,legacy,pooled_vdj,1,40,0.1,0.3,123,217,762,7,2,0.987787446684429,0.9945089249979989,191,61,True,32345447,0.5871000855413975,3,0.6129032258064516,2,0.8110599078341014,2,0.8110599078341014,ff54795da98c829b536143250a3bfe449b23da888ce8c7c929cb4ad87c31a1cc,56a31661cf52008d02a95673684816675c7c030b64d72b348b4fca04cf5403cc
legacy__pooled_vdj__min1__k40_md0.10_r0.30_seed7,legacy,pooled_vdj,1,40,0.1,0.3,7,217,762,6,2,0.9867400029730935,0.9943122434277482,191,61,True,32345447,0.5659065190103412,4,0.543778801843318,2,0.8110599078341014,2,0.8110599078341014,af837832af2f8a75957f152f735f88c6c912bf59a4bd4cf1ab11a70590602340,3777c37797422b8415e1715a4b0db4bd23014e0267120285b7bdc308ac03fda1
legacy__pooled_vdj__min1__k40_md0.40_r0.30_seed123,legacy,pooled_vdj,1,40,0.4,0.3,123,217,762,6,1,0.9888051594607266,0.9957804942196201,191,61,True,32345447,0.6099245322612088,1,1.0,1,1.0,1,1.0,9bf19d74565a8c341a1fc7da72744176795ab8654d5b2e56279b10e7795c8946,22aa210c327a8e156439f90e0b493b9de44b735108163f1abff363eda44dd38c
legacy__pooled_vdj__min1__k40_md0.40_r0.30_seed7,legacy,pooled_vdj,1,40,0.4,0.3,7,217,762,6,1,0.9900058318372574,0.9962424672102091,191,61,True,32345447,0.6089459695450479,1,1.0,1,1.0,1,1.0,e078db72b179eb6bfffac48023150825f3ce4d90e8b846a20dd122bc856ce524,c7cc3d930cd1f194b70ecae78fe2a6660b2b0b0504986b8763b9fc345e521040
legacy__pooled_vdj__min1__k40_md0.65_r0.30_seed123,legacy,pooled_vdj,1,40,0.65,0.3,123,217,762,5,1,0.9918468628146048,0.9964894626705241,191,61,True,32345447,0.6474316773855944,1,1.0,1,1.0,1,1.0,7edf6bdf1845ef670aee0ade4f7a402ffd6e50b16be56d86323357851cc1fb54,d7b0bb45ab91017f4ac3280effa6f920fffb7906e52549cac7f3b70263ed6a3a
legacy__pooled_vdj__min1__k40_md0.65_r0.30_seed7,legacy,pooled_vdj,1,40,0.65,0.3,7,217,762,5,1,0.9904929617728785,0.9958971309647688,191,61,True,32345447,0.619621839261308,1,1.0,1,1.0,1,1.0,a05a15569718db2f998d8fc71109420843fad0d3941066d50df5915804434a30,d02e2aeedda3e80941b9994921ccc27273eb227fba9b712a70f891d51a4f87c1
legacy__pooled_vdj__min1__k40_md0.85_r0.30_seed123,legacy,pooled_vdj,1,40,0.85,0.3,123,217,762,6,1,0.991430629724074,0.9963065030702908,191,61,True,32345447,0.6362136327574116,1,1.0,1,1.0,1,1.0,9196c05981b3d69afaabd1f9a52ac306e63de006c33ad52d635179c52417c6a6,408da9bcd86000232f41d0d7c2481b0dd5d2f3bd99047e22b0b219cf2707b672
legacy__pooled_vdj__min1__k40_md0.85_r0.30_seed7,legacy,pooled_vdj,1,40,0.85,0.3,7,217,762,4,1,0.9911356073686979,0.9959017049547747,191,61,True,32345447,0.6311035354814157,1,1.0,1,1.0,1,1.0,857a9ab6ff1ae4c62cb0f6711865d2f6915e4a90cc8a019b8cdeb67fbd427060,ee86c59b99ef0daef03237caf66307bdedf0ff79658fbb4aca5d2ece21d777f8
legacy__pooled_vdj__min1__k80_md0.10_r0.30_seed123,legacy,pooled_vdj,1,80,0.1,0.3,123,217,762,6,2,0.9881487918948897,0.9952224674389086,191,61,True,32345447,0.5818633867563117,2,0.8110599078341014,2,0.8110599078341014,2,0.8110599078341014,fd77451966581fd728114be0e354aac89086322bce2e374c6862152ae2825a66,b74a184f25e5affbb1ea45c59aa53e4f76baf9a214f843f7d1703444fe5188ee
legacy__pooled_vdj__min1__k80_md0.10_r0.30_seed7,legacy,pooled_vdj,1,80,0.1,0.3,7,217,762,6,2,0.987295742758802,0.994396862242856,191,61,True,32345447,0.5685697543924706,3,0.6129032258064516,2,0.8110599078341014,2,0.8110599078341014,db50a9adb2ef5c836aaae328e1ac9d4020bb8c0abb11ee6ac8eed28c78fb886e,6375f8d84c8c5417340f004d1257e76af5eb32975531b198892e6e52d8c6c055
legacy__pooled_vdj__min1__k80_md0.40_r0.30_seed0,legacy,pooled_vdj,1,80,0.4,0.3,0,217,762,6,1,0.9905661456129718,0.9963888348903958,191,61,True,32345955,0.6167156688978322,1,1.0,1,1.0,1,1.0,9704ae2c15d9a0061bdb23065c93da5f0da0df964671eefcd0b021dbcc6e782c,596d1913386fad1a00a42a905066642836eafca438c11e3896f4860a67fbb4cd
legacy__pooled_vdj__min1__k80_md0.40_r0.30_seed1,legacy,pooled_vdj,1,80,0.4,0.3,1,217,762,6,1,0.9878400475694961,0.9952773553189787,191,61,True,32345955,0.586484507330265,1,1.0,1,1.0,1,1.0,a7f4eb9e407f5dab5f9a3b325337e61d7605fa1db2dff725ad3b152324a2574a,b2965e1b0831af97c567e0ca4d07e200f4eabfa09d0a361ebac040abfdce9d65
legacy__pooled_vdj__min1__k80_md0.40_r0.30_seed123,legacy,pooled_vdj,1,80,0.4,0.3,123,217,762,6,1,0.9884781191753096,0.9952796423139816,191,61,True,32345447,0.6002811210719503,1,1.0,1,1.0,1,1.0,2f78f94dc18c760516591ca438e4bbefea8d95ff1e0b754c2d7276f6c5ef7a30,74335247460e7ae23adaa02df41a307a030e702ee5c7830d825bff33918fd960
legacy__pooled_vdj__min1__k80_md0.40_r0.30_seed2024,legacy,pooled_vdj,1,80,0.4,0.3,2024,217,762,5,1,0.9887159666556129,0.9954923328492528,191,61,True,32345955,0.5926388000120719,1,1.0,1,1.0,1,1.0,57dd6f9cbba0b584cae612c2e0858de2f4aa7eaa1422f3a271a67417ec2895e0,2479c552b3d5dbb35eb6f903a48f5bc9078baea7856a425f36e23d2590dec568
legacy__pooled_vdj__min1__k80_md0.40_r0.30_seed42,legacy,pooled_vdj,1,80,0.4,0.3,42,217,762,5,1,0.9894775359915838,0.9959565928348446,191,61,True,32345955,0.6045445699145888,1,1.0,1,1.0,1,1.0,ef50c92adaf30483948cadec5c6fc00d5e04ab9e256c5524e049f837f8c5b64b,03dd47bccad285594654ec12e62a13678a0e9dba735968e93308e49c18806283
legacy__pooled_vdj__min1__k80_md0.40_r0.30_seed7,legacy,pooled_vdj,1,80,0.4,0.3,7,217,762,6,1,0.9895164149066334,0.9957370413145648,191,61,True,32345447,0.6009091883990231,1,1.0,1,1.0,1,1.0,05cafa5514241315e630f79bf16aeab2f242c12e19f1f069ab0e3a6eadfc1fe0,cfe4988d379e95ddaff333005ad6c80538733f5a2bcd169e722980b5cdf5aeed
legacy__pooled_vdj__min1__k80_md0.40_r0.30_seed99,legacy,pooled_vdj,1,80,0.4,0.3,99,217,762,5,2,0.9899600919371991,0.9954786108792353,191,61,True,32345955,0.6186190018529406,2,0.8110599078341014,2,0.8110599078341014,2,0.8110599078341014,6b25758d289d7f3d852b3c8e55ae7af1f5000d620734b694174023a6fd5c5cc7,971f61137991ed72c37159bcb46a8b57be52a53a31c5d7a2fb2dd8ab1fc98997
legacy__pooled_vdj__min1__k80_md0.65_r0.30_seed123,legacy,pooled_vdj,1,80,0.65,0.3,123,217,762,5,1,0.9909572217584705,0.9961395524350779,191,61,True,32345447,0.6173526031211041,1,1.0,1,1.0,1,1.0,b473552dfdbb8223313b2dfc1fb74fbc4261df28002afb39d1fba09a57c12a48,df8165254162341a433c0e20fc9372ca51f365de10efa682e4ab3d9c8e02741d
legacy__pooled_vdj__min1__k80_md0.65_r0.30_seed7,legacy,pooled_vdj,1,80,0.65,0.3,7,217,762,5,1,0.988224262729986,0.9949091491235091,191,61,True,32345447,0.5924917226082854,1,1.0,1,1.0,1,1.0,02ea15fcd25ec0ed540b62d71bbd1c0e7aa88b04211de9736302561858605795,95a25e10914c4d856c677b2a4ab9aff98dfb54e54d881ca2908c5951c37f42a5
legacy__pooled_vdj__min1__k80_md0.85_r0.30_seed123,legacy,pooled_vdj,1,80,0.85,0.3,123,217,762,5,1,0.9909892396885113,0.9958056511646523,191,61,True,32345447,0.6095954736507733,1,1.0,1,1.0,1,1.0,330b87fe8ba18e33d42e98d87109f7789cfc39905ed493e8fb8a03990fb58364,d45fd8e0b80375b66a8e847bf2e4454abfe9ea944bcbd14be55fa8454512a380
legacy__pooled_vdj__min1__k80_md0.85_r0.30_seed7,legacy,pooled_vdj,1,80,0.85,0.3,7,217,762,5,1,0.9903328721226744,0.9950989697087512,191,61,True,32345447,0.5957566875159719,1,1.0,1,1.0,1,1.0,3d3492613c8a501db8dc373b5d70974888cb6f509b8e2e1d96c20ccc9897206e,7e7ad3a63f91cd052940f421748c1454253524825ea20f71919bcc9a9ce8fb0f
legacy__pooled_vdj__min3__k20_md0.40_r0.30_seed123,legacy,pooled_vdj,3,20,0.4,0.3,123,44,564,2,1,0.9278309409888357,0.9414673046251993,191,42,True,32345445,0.6036004993224244,1,1.0,1,1.0,1,1.0,86e32d7756a6ef9237c9d2aa7d2e7fc2dd4a4967ede15733fc40a0f28413f32c,d10fa36b1e5586a9a79593e04f9a48d0fc0df66192dd165836ded4dd7c551455
