name,basis,definition,min_clone_size,umap_k,min_dist,resolution,seed,n_points,n_cells,n_clusters,n_graph_components,trustworthiness_centroids,trustworthiness_distance_profiles,max_group_cells,multi_donor_groups,diagnostic_only,job_id
legacy__donor_vdj__min1__k10_md0.10_r0.30_seed123,legacy,donor_vdj,1,10,0.1,0.3,123,377,762,11,3,0.9913189590968958,0.9957882533358281,46,0,False,32345448
legacy__donor_vdj__min1__k10_md0.10_r0.30_seed7,legacy,donor_vdj,1,10,0.1,0.3,7,377,762,12,3,0.9913072190365079,0.995862362467027,46,0,False,32345448
legacy__donor_vdj__min1__k10_md0.40_r0.30_seed123,legacy,donor_vdj,1,10,0.4,0.3,123,377,762,7,1,0.9940044979106362,0.9976453841384446,46,0,False,32345448
legacy__donor_vdj__min1__k10_md0.40_r0.30_seed7,legacy,donor_vdj,1,10,0.4,0.3,7,377,762,7,2,0.9933976835393347,0.996867605137744,46,0,False,32345448
legacy__donor_vdj__min1__k10_md0.65_r0.30_seed123,legacy,donor_vdj,1,10,0.65,0.3,123,377,762,6,1,0.9948409772132766,0.9980643575435391,46,0,False,32345448
legacy__donor_vdj__min1__k10_md0.65_r0.30_seed7,legacy,donor_vdj,1,10,0.65,0.3,7,377,762,6,1,0.9928818546360398,0.995862362467027,46,0,False,32345448
legacy__donor_vdj__min1__k10_md0.85_r0.30_seed123,legacy,donor_vdj,1,10,0.85,0.3,123,377,762,5,1,0.9897927512464643,0.9941695925098415,46,0,False,32345448
legacy__donor_vdj__min1__k10_md0.85_r0.30_seed7,legacy,donor_vdj,1,10,0.85,0.3,7,377,762,6,1,0.9952856320004696,0.998261003555037,46,0,False,32345448
legacy__donor_vdj__min1__k20_md0.10_r0.30_seed123,legacy,donor_vdj,1,20,0.1,0.3,123,377,762,11,2,0.9906996709114323,0.9959254652916121,46,0,False,32345448
legacy__donor_vdj__min1__k20_md0.10_r0.30_seed7,legacy,donor_vdj,1,20,0.1,0.3,7,377,762,11,2,0.9911744096033694,0.9960942286596887,46,0,False,32345448
legacy__donor_vdj__min1__k20_md0.40_r0.30_seed123,legacy,donor_vdj,1,20,0.4,0.3,123,377,762,6,1,0.9937161326773575,0.9976042939270869,46,0,False,32345445
legacy__donor_vdj__min1__k20_md0.40_r0.30_seed7,legacy,donor_vdj,1,20,0.4,0.3,7,377,762,6,1,0.9938452733416248,0.997670331766769,46,0,False,32345448
legacy__donor_vdj__min1__k20_md0.65_r0.30_seed123,legacy,donor_vdj,1,20,0.65,0.3,123,377,762,6,1,0.9944674965421854,0.997950625708531,46,0,False,32345448
legacy__donor_vdj__min1__k20_md0.65_r0.30_seed7,legacy,donor_vdj,1,20,0.65,0.3,7,377,762,6,1,0.9947609980518838,0.997950625708531,46,0,False,32345448
legacy__donor_vdj__min1__k20_md0.85_r0.30_seed123,legacy,donor_vdj,1,20,0.85,0.3,123,377,762,6,1,0.9949011450227647,0.998010059764245,46,0,False,32345448
legacy__donor_vdj__min1__k20_md0.85_r0.30_seed7,legacy,donor_vdj,1,20,0.85,0.3,7,377,762,6,1,0.9951131998635218,0.99807316258883,46,0,False,32345448
legacy__donor_vdj__min1__k40_md0.10_r0.30_seed123,legacy,donor_vdj,1,40,0.1,0.3,123,377,762,9,1,0.9903188527025986,0.9961206437955615,46,0,False,32345448
legacy__donor_vdj__min1__k40_md0.10_r0.30_seed7,legacy,donor_vdj,1,40,0.1,0.3,7,377,762,7,1,0.9908493566813784,0.996262258273991,46,0,False,32345448
legacy__donor_vdj__min1__k40_md0.40_r0.30_seed123,legacy,donor_vdj,1,40,0.4,0.3,123,377,762,6,1,0.9926147682622143,0.9974208554835254,46,0,False,32345448
legacy__donor_vdj__min1__k40_md0.40_r0.30_seed7,legacy,donor_vdj,1,40,0.4,0.3,7,377,762,6,1,0.9925127764875941,0.9967355294583796,46,0,False,32345448
legacy__donor_vdj__min1__k40_md0.65_r0.30_seed123,legacy,donor_vdj,1,40,0.65,0.3,123,377,762,6,1,0.9939083761662099,0.9976358453393794,46,0,False,32345448
legacy__donor_vdj__min1__k40_md0.65_r0.30_seed7,legacy,donor_vdj,1,40,0.65,0.3,7,377,762,6,1,0.9942172865051675,0.9977363696064512,46,0,False,32345448
legacy__donor_vdj__min1__k40_md0.85_r0.30_seed123,legacy,donor_vdj,1,40,0.85,0.3,123,377,762,6,1,0.9941123597154503,0.9975859500827308,46,0,False,32345448
legacy__donor_vdj__min1__k40_md0.85_r0.30_seed7,legacy,donor_vdj,1,40,0.85,0.3,7,377,762,6,1,0.9946355261564876,0.997768654772518,46,0,False,32345448
legacy__donor_vdj__min1__k80_md0.10_r0.30_seed123,legacy,donor_vdj,1,80,0.1,0.3,123,377,762,8,1,0.9900583701127412,0.9960157170058443,46,0,False,32345448
legacy__donor_vdj__min1__k80_md0.10_r0.30_seed7,legacy,donor_vdj,1,80,0.1,0.3,7,377,762,8,1,0.9899461057852816,0.9961213775493357,46,0,False,32345448
legacy__donor_vdj__min1__k80_md0.40_r0.30_seed123,legacy,donor_vdj,1,80,0.4,0.3,123,377,762,6,1,0.9928803871284912,0.9973812327797161,46,0,False,32345448
legacy__donor_vdj__min1__k80_md0.40_r0.30_seed7,legacy,donor_vdj,1,80,0.4,0.3,7,377,762,6,1,0.9930931757230226,0.9974149854533314,46,0,False,32345448
legacy__donor_vdj__min1__k80_md0.65_r0.30_seed123,legacy,donor_vdj,1,80,0.65,0.3,123,377,762,6,1,0.9934116248610454,0.9973650901966827,46,0,False,32345448
legacy__donor_vdj__min1__k80_md0.65_r0.30_seed7,legacy,donor_vdj,1,80,0.65,0.3,7,377,762,6,1,0.9937249377226484,0.9972755722362246,46,0,False,32345448
legacy__donor_vdj__min1__k80_md0.85_r0.30_seed123,legacy,donor_vdj,1,80,0.85,0.3,123,377,762,6,1,0.9933932810166892,0.9972234757182532,46,0,False,32345448
legacy__donor_vdj__min1__k80_md0.85_r0.30_seed7,legacy,donor_vdj,1,80,0.85,0.3,7,377,762,6,1,0.9937843717783623,0.9972572283918686,46,0,False,32345448
