clone,n_cells,mutation_spread,rho,p_value,group
D10_Hashtag1|C00002,3,0.6666666666666666,-0.8660254037844387,0.6611694152923538,PB
D10_Hashtag5|C00005,3,0.6666666666666666,-0.8660254037844387,0.6606696651674163,PB
D14_Hashtag1|C00002,5,4.8,0.01223293072362623,0.9815092453773113,Memory
D14_Hashtag2|C00003,3,4.666666666666667,0.0,1.0,GC
D14_Hashtag2|C00004,3,2.6666666666666665,0.5,1.0,GC
D14_Hashtag4|C00002,6,1.0,0.6873863542433759,0.15742128935532235,PB
D14_Hashtag4|C00004,4,0.5,0.29277002188455997,0.767616191904048,GC
D14_Hashtag4|C00006,3,0.6666666666666666,0.0,1.0,PB
D14_Hashtag5|C00004,6,1.0,0.8183170883849713,0.1584207896051974,PB
D14_Hashtag5|C00012,4,0.5,0.8783100656536799,0.2518740629685157,PB
D14_Hashtag5|C00013,4,2.0,-0.8533103351879247,0.16891554222888555,GC
D14_Hashtag5|C00017,4,0.5,0.8783100656536799,0.2518740629685157,PB
D14_Hashtag5|C00024,3,1.3333333333333333,-0.8660254037844387,0.664167916041979,Activated
D14_Hashtag5|C00028,3,5.333333333333333,0.0,1.0,PB
D14_Hashtag5|C00034,3,2.6666666666666665,0.8660254037844387,0.6811594202898551,PB
D14_Hashtag6|C00007,5,2.8,0.3587460832234465,0.4482758620689655,PB
D14_Hashtag6|C00009,4,2.5,0.8783100656536799,0.2733633183408296,PB
D14_Hashtag6|C00011,3,1.3333333333333333,0.8660254037844387,0.6606696651674163,PB
D14_Hashtag6|C00012,3,2.0,0.8660254037844387,0.664167916041979,PB
D14_Hashtag6|C00021,3,3.3333333333333335,-0.5,1.0,GC
D14_Hashtag6|C00023,3,2.0,-0.5,1.0,GC
D14_Hashtag6|C00024,3,0.6666666666666666,0.8660254037844387,0.6846576711644178,PB
D14_Hashtag6|C00026,3,1.3333333333333333,0.0,1.0,GC
D21_Hashtag4|C00001,3,9.333333333333334,0.8660254037844387,0.6611694152923538,GC
D21_Hashtag5|C00001,5,9.2,0.5354479857600973,0.23238380809595202,GC
D21_Hashtag5|C00002,4,10.166666666666666,-0.23539595453459985,0.5692153923038481,GC
D21_Hashtag5|C00003,3,11.666666666666666,0.0,1.0,GC
D21_Hashtag6|C00001,4,1.6666666666666667,0.7944613465542746,0.09095452273863068,PB
D21_Hashtag6|C00002,3,3.3333333333333335,0.5,1.0,PB
D21_Hashtag6|C00003,3,2.6666666666666665,-0.8660254037844387,0.6606696651674163,GC
D21_Hashtag6|C00004,3,4.666666666666667,-0.5,1.0,GC
D21_Hashtag6|C00005,3,4.0,-0.8660254037844387,0.6846576711644178,Activated
D21_Hashtag6|C00006,3,4.0,0.8660254037844387,0.6811594202898551,Atypical
D28_Hashtag4|C00002,8,8.464285714285714,-0.13267493878129666,0.25787106446776614,GC
D28_Hashtag4|C00003,4,13.333333333333334,-0.23190841426097936,0.7726136931534233,GC
D28_Hashtag4|C00004,4,16.666666666666668,0.20291986247835694,0.7511244377811095,GC
D28_Hashtag4|C00005,4,10.166666666666666,-0.6571428571428573,0.3758120939530235,GC
D28_Hashtag4|C00007,3,12.333333333333334,1.0,0.3423288355822089,GC
D28_Hashtag5|C00001,4,9.333333333333334,-0.7714285714285715,0.16691654172913542,GC
D28_Hashtag5|C00002,4,14.0,-0.11595420713048968,0.9180409795102449,GC
D28_Hashtag5|C00003,3,10.333333333333334,1.0,0.3453273363318341,GC
D28_Hashtag5|C00004,3,0.6666666666666666,0.0,1.0,PB
D28_Hashtag5|C00005,3,8.0,-0.8660254037844387,0.6846576711644178,GC
D28_Hashtag5|C00006,3,3.3333333333333335,-0.8660254037844387,0.6811594202898551,PB
D28_Hashtag5|C00007,3,2.0,0.0,1.0,PB
D28_Hashtag5|C00008,3,9.0,1.0,0.3423288355822089,PB
D28_Hashtag5|C00009,3,11.666666666666666,-0.5,1.0,GC
D28_Hashtag5|C00010,3,9.333333333333334,0.0,1.0,GC
D28_Hashtag5|C00011,3,1.3333333333333333,-0.8660254037844387,0.6846576711644178,Atypical
D28_Hashtag6|C00002,4,7.333333333333333,0.17393131069573453,0.8375812093953023,GC
D28_Hashtag6|C00003,3,13.0,-0.5,1.0,GC
D28_Hashtag6|C00004,3,10.666666666666666,-0.5,1.0,GC
D28_Hashtag6|C00005,3,5.333333333333333,0.8660254037844387,0.6606696651674163,GC
D28_Hashtag6|C00006,3,2.6666666666666665,0.8660254037844387,0.6606696651674163,Atypical
D35_Hashtag1|C00002,4,27.5,-0.44136741475237473,0.5477261369315343,GC
D35_Hashtag1|C00005,3,9.0,-1.0,0.3423288355822089,B1
D35_Hashtag1|C00006,3,22.666666666666668,-0.5,1.0,GC
D35_Hashtag1|C00007,3,9.0,1.0,0.3218390804597701,GC
D35_Hashtag1|C00008,3,8.0,1.0,0.3453273363318341,GC
D35_Hashtag1|C00010,3,9.333333333333334,1.0,0.3218390804597701,GC
D35_Hashtag2|C00004,3,4.0,0.8660254037844387,0.6606696651674163,Activated
D35_Hashtag3|C00002,6,4.266666666666667,-0.12786550712403993,0.5132433783108445,B1
D35_Hashtag3|C00003,6,0.3333333333333333,-0.29459415181858967,0.5102448775612194,B1
D35_Hashtag3|C00005,4,3.5,0.2,0.8310844577711144,GC
D35_Hashtag3|C00006,4,14.833333333333334,-0.9276336570439174,0.04097951024487756,GC
D35_Hashtag3|C00010,3,4.666666666666667,0.8660254037844387,0.664167916041979,GC
D35_Hashtag4|C00001,8,11.392857142857142,-0.29959143786803716,0.27436281859070466,GC
D35_Hashtag4|C00002,6,7.666666666666667,-0.3200979785246589,0.19540229885057472,GC
D35_Hashtag4|C00003,5,18.0,-0.2119213177352503,0.384807596201899,GC
D35_Hashtag4|C00004,4,3.6666666666666665,-0.6982532518267538,0.20839580209895053,GC
D35_Hashtag4|C00007,4,8.833333333333334,0.4928053803045812,0.3233383308345827,GC
D35_Hashtag4|C00008,3,7.0,-1.0,0.3218390804597701,GC
D35_Hashtag4|C00009,3,17.666666666666668,0.5,1.0,GC
D35_Hashtag4|C00011,3,17.0,0.5,1.0,GC
D35_Hashtag4|C00012,3,4.0,-0.5,1.0,GC
D35_Hashtag4|C00013,3,2.6666666666666665,-0.8660254037844387,0.6606696651674163,GC
D35_Hashtag4|C00014,3,21.666666666666668,0.5,1.0,GC
D35_Hashtag4|C00015,3,14.333333333333334,0.5,1.0,GC
D35_Hashtag4|C00017,3,4.666666666666667,0.0,1.0,GC
D35_Hashtag4|C00018,3,14.333333333333334,0.8660254037844387,0.664167916041979,GC
D35_Hashtag4|C00019,3,8.333333333333334,0.8660254037844387,0.657671164417791,GC
D35_Hashtag5|C00002,3,20.333333333333332,1.0,0.3453273363318341,GC
D35_Hashtag5|C00003,3,8.666666666666666,0.8660254037844387,0.6811594202898551,PB
D35_Hashtag6|C00001,6,11.4,-0.05771248737997399,0.8640679660169915,GC
D35_Hashtag6|C00002,6,10.8,0.5031546054266276,0.04147926036981509,GC
D35_Hashtag6|C00003,4,9.0,-0.550782483869826,0.4017991004497751,GC
D35_Hashtag6|C00005,3,4.666666666666667,0.5,1.0,GC
D35_Hashtag6|C00006,3,10.666666666666666,-0.5,1.0,GC
D35_Hashtag6|C00007,3,12.333333333333334,0.0,1.0,GC
D35_Hashtag6|C00008,3,6.0,-1.0,0.3453273363318341,GC
D35_Hashtag6|C00009,3,14.0,0.5,1.0,GC
D35_Hashtag6|C00010,3,14.333333333333334,-0.5,1.0,GC
D35_Hashtag6|C00011,3,15.0,0.5,1.0,GC
D42_Hashtag1|C00002,4,5.166666666666667,-0.06172133998483677,0.9195402298850575,GC
D42_Hashtag1|C00003,3,10.666666666666666,-1.0,0.3218390804597701,B1
D42_Hashtag3|C00001,5,4.8,-0.1563263498701806,0.7561219390304847,GC
D42_Hashtag3|C00003,3,3.3333333333333335,0.5,1.0,GC
D42_Hashtag3|C00005,3,1.3333333333333333,0.8660254037844387,0.6846576711644178,GC
D42_Hashtag4|C00001,4,5.166666666666667,0.4638168285219587,0.5472263868065967,GC
D42_Hashtag4|C00002,3,14.333333333333334,0.5,1.0,GC
D42_Hashtag4|C00003,3,16.333333333333332,-0.5,1.0,GC
D42_Hashtag4|C00004,3,4.666666666666667,-0.5,1.0,GC
D42_Hashtag4|C00005,3,14.0,-0.8660254037844387,0.657671164417791,GC
D42_Hashtag5|C00001,7,16.19047619047619,-0.6206831652868608,0.030984507746126936,GC
D42_Hashtag5|C00002,6,16.6,-0.3056302732806065,0.5272363818090955,GC
D42_Hashtag5|C00003,5,6.8,-0.3525852153344375,0.5417291354322838,GC
D42_Hashtag5|C00004,5,14.0,0.3414697626586983,0.2983508245877061,GC
D42_Hashtag5|C00005,5,19.6,-0.11550205329921227,0.5987006496751625,GC
D42_Hashtag5|C00006,4,10.833333333333334,0.6087595874350709,0.2848575712143928,GC
D42_Hashtag5|C00007,4,16.5,0.5217939320872036,0.16091954022988506,GC
D42_Hashtag5|C00008,3,3.3333333333333335,-0.8660254037844387,0.6846576711644178,GC
D42_Hashtag5|C00009,3,2.6666666666666665,0.0,1.0,GC
D42_Hashtag5|C00010,3,13.333333333333334,-0.5,1.0,GC
D42_Hashtag5|C00011,3,11.666666666666666,0.5,1.0,PB
D42_Hashtag5|C00012,3,17.333333333333332,0.5,1.0,GC
D42_Hashtag5|C00013,3,11.666666666666666,-0.5,1.0,GC
D42_Hashtag5|C00014,3,12.0,0.5,1.0,GC
D42_Hashtag5|C00015,3,19.333333333333332,-0.5,1.0,GC
D42_Hashtag5|C00016,3,21.0,1.0,0.3218390804597701,GC
D42_Hashtag5|C00017,3,8.0,1.0,0.3453273363318341,GC
D42_Hashtag6|C00002,4,18.333333333333332,-0.34786262139146906,0.5212393803098451,GC
D42_Hashtag6|C00003,4,19.166666666666668,-0.550782483869826,0.30484757621189407,GC
D42_Hashtag6|C00004,3,14.0,-0.5,1.0,GC
D42_Hashtag6|C00006,3,8.666666666666666,-0.5,1.0,GC
