n_cells,pair,marginal_flag_fraction,any_region_flag
2,0,0.0,False
2,1,0.0,False
2,2,0.25,True
2,3,0.0,False
2,4,0.0,False
2,5,0.0,False
2,6,0.0,False
2,7,0.0,False
2,8,0.0,False
2,9,0.0,False
2,10,0.0,False
2,11,0.0,False
2,12,0.0,False
2,13,0.0,False
2,14,0.0,False
2,15,0.0,False
2,16,0.0,False
2,17,0.0,False
2,18,0.0,False
2,19,0.0,False
2,20,0.0,False
2,21,0.0,False
2,22,0.0,False
2,23,0.0,False
2,24,0.25,True
2,25,0.0,False
2,26,0.0,False
2,27,0.0,False
2,28,0.0,False
2,29,0.0,False
2,30,0.0,False
2,31,0.0,False
2,32,0.0,False
2,33,0.0,False
2,34,0.0,False
2,35,0.0,False
2,36,0.0,False
2,37,0.0,False
2,38,0.0,False
2,39,0.0,False
2,40,0.0,False
2,41,0.0,False
2,42,0.0,False
2,43,0.0,False
2,44,0.0,False
2,45,0.0,False
2,46,0.0,False
2,47,0.0,False
2,48,0.0,False
2,49,0.0,False
2,50,0.0,False
2,51,0.0,False
2,52,0.0,False
2,53,0.0,False
2,54,0.0,False
2,55,0.0,False
2,56,0.0,False
2,57,0.0,False
2,58,0.0,False
2,59,0.0,False
2,60,0.0,False
2,61,0.0,False
2,62,0.0,False
2,63,0.0,False
2,64,0.0,False
2,65,0.0,False
2,66,0.0,False
2,67,0.0,False
2,68,0.0,False
2,69,0.0,False
2,70,0.0,False
2,71,0.0,False
2,72,0.0,False
2,73,0.0,False
2,74,0.0,False
2,75,0.0,False
2,76,0.0,False
2,77,0.0,False
2,78,0.0,False
2,79,0.0,False
2,80,0.0,False
2,81,0.0,False
2,82,0.0,False
2,83,0.0,False
2,84,0.0,False
2,85,0.0,False
2,86,0.0,False
2,87,0.0,False
2,88,0.0,False
2,89,0.0,False
2,90,0.25,True
2,91,0.0,False
2,92,0.0,False
2,93,0.0,False
2,94,0.0,False
2,95,0.0,False
2,96,0.0,False
2,97,0.0,False
2,98,0.0,False
2,99,0.0,False
10,0,0.0,False
10,1,0.0,False
10,2,0.0,False
10,3,0.0,False
10,4,0.0,False
10,5,0.0,False
10,6,0.0,False
10,7,0.0,False
10,8,0.0,False
10,9,0.0,False
10,10,0.0,False
10,11,0.25,True
10,12,0.0,False
10,13,0.0,False
10,14,0.0,False
10,15,0.0,False
10,16,0.0,False
10,17,0.0,False
10,18,0.0,False
10,19,0.0,False
10,20,0.0,False
10,21,0.0,False
10,22,0.0,False
10,23,0.0,False
10,24,0.25,True
10,25,0.0,False
10,26,0.0,False
10,27,0.0,False
10,28,0.25,True
10,29,0.25,True
10,30,0.0,False
10,31,0.0,False
10,32,0.0,False
10,33,0.0,False
10,34,0.0,False
10,35,0.25,True
10,36,0.0,False
10,37,0.0,False
10,38,0.0,False
10,39,0.0,False
10,40,0.0,False
10,41,0.5,True
10,42,0.0,False
10,43,0.0,False
10,44,0.0,False
10,45,0.0,False
10,46,0.0,False
10,47,0.0,False
10,48,0.0,False
10,49,0.0,False
10,50,0.0,False
10,51,0.25,True
10,52,0.0,False
10,53,0.0,False
10,54,0.0,False
10,55,0.25,True
10,56,0.0,False
10,57,0.0,False
10,58,0.0,False
10,59,0.0,False
10,60,0.0,False
10,61,0.0,False
10,62,0.0,False
10,63,0.25,True
10,64,0.0,False
10,65,0.25,True
10,66,0.0,False
10,67,0.25,True
10,68,0.5,True
10,69,0.0,False
10,70,0.0,False
10,71,0.0,False
10,72,0.0,False
10,73,0.25,True
10,74,0.0,False
10,75,0.0,False
10,76,0.0,False
10,77,0.0,False
10,78,0.0,False
10,79,0.0,False
10,80,0.0,False
10,81,0.0,False
10,82,0.0,False
10,83,0.0,False
10,84,0.0,False
10,85,0.0,False
10,86,0.0,False
10,87,0.25,True
10,88,0.0,False
10,89,0.0,False
10,90,0.0,False
10,91,0.0,False
10,92,0.0,False
10,93,0.0,False
10,94,0.25,True
10,95,0.0,False
10,96,0.0,False
10,97,0.0,False
10,98,0.0,False
10,99,0.0,False
30,0,0.25,True
30,1,0.0,False
30,2,0.25,True
30,3,0.0,False
30,4,0.5,True
30,5,0.0,False
30,6,0.0,False
30,7,0.0,False
30,8,0.0,False
30,9,0.0,False
30,10,0.0,False
30,11,0.0,False
30,12,0.0,False
30,13,0.0,False
30,14,0.0,False
30,15,0.0,False
30,16,0.0,False
30,17,0.0,False
30,18,0.0,False
30,19,0.0,False
30,20,0.0,False
30,21,0.0,False
30,22,0.5,True
30,23,0.0,False
30,24,0.0,False
30,25,0.0,False
30,26,0.0,False
30,27,0.25,True
30,28,0.0,False
30,29,0.0,False
30,30,0.0,False
30,31,0.0,False
30,32,0.25,True
30,33,0.0,False
30,34,0.0,False
30,35,0.0,False
30,36,0.0,False
30,37,0.25,True
30,38,0.0,False
30,39,0.0,False
30,40,0.25,True
30,41,0.0,False
30,42,0.0,False
30,43,0.0,False
30,44,0.0,False
30,45,0.0,False
30,46,0.0,False
30,47,0.0,False
30,48,0.0,False
30,49,0.0,False
30,50,0.5,True
30,51,0.25,True
30,52,0.0,False
30,53,0.0,False
30,54,0.25,True
30,55,0.0,False
30,56,0.0,False
30,57,0.0,False
30,58,0.0,False
30,59,0.25,True
30,60,0.0,False
30,61,0.0,False
30,62,0.0,False
30,63,0.0,False
30,64,0.0,False
30,65,0.0,False
30,66,0.0,False
30,67,0.0,False
30,68,0.0,False
30,69,0.0,False
30,70,0.25,True
30,71,0.25,True
30,72,0.5,True
30,73,0.0,False
30,74,0.0,False
30,75,0.0,False
30,76,0.25,True
30,77,0.25,True
30,78,0.0,False
30,79,0.0,False
30,80,0.25,True
30,81,0.0,False
30,82,0.0,False
30,83,0.0,False
30,84,0.0,False
30,85,0.25,True
30,86,0.0,False
30,87,0.0,False
30,88,0.25,True
30,89,0.0,False
30,90,0.25,True
30,91,0.0,False
30,92,0.0,False
30,93,0.0,False
30,94,0.0,False
30,95,0.25,True
30,96,0.0,False
30,97,0.0,False
30,98,0.0,False
30,99,0.0,False
