dataset,heldout_mouse,method,min_cells,n_train_clones,n_test_clones,mae,r2,spearman
mouse_rbd,M1,size_only,2,1112,302,0.36719739397721296,-0.06477997038594574,0.17779481400538583
mouse_rbd,M1,size_only,10,1112,44,0.2767137786630864,-0.27288298259119803,0.10755179392477762
mouse_rbd,M1,RNA_mean,2,1112,302,0.22236887803989697,0.49020058430911406,0.7059126352659311
mouse_rbd,M1,RNA_mean,10,1112,44,0.18752355419596886,0.3969641502515393,0.6857445040384172
mouse_rbd,M1,state_counts,2,1112,302,0.24879059347643492,0.37356303649572153,0.6139913783842392
mouse_rbd,M1,state_counts,10,1112,44,0.22423994195758865,0.11038771328066599,0.5203876732773806
mouse_rbd,M1,state_posterior,2,1112,302,0.25498146696813523,0.3687185615342907,0.6052245087800302
mouse_rbd,M1,state_posterior,10,1112,44,0.22784946174079554,0.10783645575781753,0.4014096978619371
mouse_rbd,M10,size_only,2,1348,66,0.32057384483877904,-0.3707746923331472,-0.060491090612605
mouse_rbd,M10,size_only,10,1348,14,0.26618612433257377,-0.6843703721964154,-0.053038706412333325
mouse_rbd,M10,RNA_mean,2,1348,66,0.21520288257693396,0.2591488954867275,0.49076805344843943
mouse_rbd,M10,RNA_mean,10,1348,14,0.2051025595613683,-0.03761092302678981,0.5925124505452493
mouse_rbd,M10,state_counts,2,1348,66,0.21821450331238798,0.33080322185852395,0.3830492608482102
mouse_rbd,M10,state_counts,10,1348,14,0.17157586464467595,0.36671937852129466,0.6806183911467734
mouse_rbd,M10,state_posterior,2,1348,66,0.2083443039905351,0.3565129976232019,0.3171018147147163
mouse_rbd,M10,state_posterior,10,1348,14,0.10607311025065158,0.7284368639630026,0.6343627723309733
mouse_rbd,M2,size_only,2,1227,187,0.34873546780445125,-0.0021707838942111035,0.27742471531806745
mouse_rbd,M2,size_only,10,1227,36,0.22592362327800716,-0.12745983755650236,-0.5129858438431394
mouse_rbd,M2,RNA_mean,2,1227,187,0.22659001593547443,0.46836378455302285,0.6587590852194363
mouse_rbd,M2,RNA_mean,10,1227,36,0.13274562474461327,0.5351319151697256,0.7464109429797455
mouse_rbd,M2,state_counts,2,1227,187,0.2514065667392975,0.314058620676954,0.479964479225572
mouse_rbd,M2,state_counts,10,1227,36,0.17828839800872787,0.2605282112557151,0.5599691549109735
mouse_rbd,M2,state_posterior,2,1227,187,0.25078733269625436,0.3209013148224875,0.49064784532731226
mouse_rbd,M2,state_posterior,10,1227,36,0.1530348152406821,0.380526948171117,0.6046482298141944
mouse_rbd,M3,size_only,2,1178,236,0.34836105108148846,-0.1951540932756357,-0.06754676657505089
mouse_rbd,M3,size_only,10,1178,27,0.1317028113131361,-0.05215242131487785,0.19559910422023363
mouse_rbd,M3,RNA_mean,2,1178,236,0.22737724577014684,0.39599671505672873,0.5932813459444595
mouse_rbd,M3,RNA_mean,10,1178,27,0.1335437235982778,-0.17031886535924134,0.14135246691934325
mouse_rbd,M3,state_counts,2,1178,236,0.24977910630361214,0.288635968942039,0.5006659804807666
mouse_rbd,M3,state_counts,10,1178,27,0.1511559502360228,-0.36934890816353816,-0.2653030102654628
mouse_rbd,M3,state_posterior,2,1178,236,0.26064017198511974,0.25464407903628317,0.4467046319277891
mouse_rbd,M3,state_posterior,10,1178,27,0.17689179888385156,-0.8309036962965974,-0.3538391126555482
mouse_rbd,M4,size_only,2,1150,264,0.33494431599196217,-0.05767101319387136,0.11717092931433164
mouse_rbd,M4,size_only,10,1150,50,0.25647384588390865,-0.29404088349626867,-0.0196754479056228
mouse_rbd,M4,RNA_mean,2,1150,264,0.2362624004505065,0.35205247877292567,0.6053911704014127
mouse_rbd,M4,RNA_mean,10,1150,50,0.20014278197293844,0.2114059293711753,0.5887720336430947
mouse_rbd,M4,state_counts,2,1150,264,0.24417800870151013,0.317291800168817,0.5604666356887334
mouse_rbd,M4,state_counts,10,1150,50,0.20684892784755024,0.13730146502366636,0.46904865029299403
mouse_rbd,M4,state_posterior,2,1150,264,0.24785805914168224,0.3210329379607827,0.5610758019273706
mouse_rbd,M4,state_posterior,10,1150,50,0.20699142377303822,0.16480498623140605,0.5225471858132558
mouse_rbd,M5,size_only,2,1297,117,0.34617667638992994,-0.04158261457321699,0.17748981474448697
mouse_rbd,M5,size_only,10,1297,18,0.21292194896010244,-0.21418620224949092,0.23340361985721703
mouse_rbd,M5,RNA_mean,2,1297,117,0.2260818257382993,0.46655676281251135,0.6817325743021239
mouse_rbd,M5,RNA_mean,10,1297,18,0.18467211312363646,0.3212066699599184,0.4659093395203664
mouse_rbd,M5,state_counts,2,1297,117,0.25396759354359905,0.36584518138550837,0.5960407894819654
mouse_rbd,M5,state_counts,10,1297,18,0.18842620902233367,0.24228986559662102,0.43285147064087265
mouse_rbd,M5,state_posterior,2,1297,117,0.26140350190844414,0.3516185846280895,0.5828199881574959
mouse_rbd,M5,state_posterior,10,1297,18,0.2000578728559089,0.1681199542581744,0.2789257686707294
mouse_rbd,M6,size_only,2,1372,42,0.29662155877299246,-0.002881183439541468,0.3540389992252637
mouse_rbd,M6,size_only,10,1372,5,0.18552744463360768,-2.984310598241057,-0.5642880936468347
mouse_rbd,M6,RNA_mean,2,1372,42,0.22634677693369382,0.31531460520304844,0.42560418228908803
mouse_rbd,M6,RNA_mean,10,1372,5,0.14159647400646186,-1.5295565723338447,0.3
mouse_rbd,M6,state_counts,2,1372,42,0.24060916863803491,0.3879753736884015,0.38292011763744205
mouse_rbd,M6,state_counts,10,1372,5,0.13422990086176864,-1.2614575063037847,0.19999999999999998
mouse_rbd,M6,state_posterior,2,1372,42,0.2440412611705327,0.4061861806864191,0.46753825138605765
mouse_rbd,M6,state_posterior,10,1372,5,0.13606659095854254,-1.0033623956130353,0.19999999999999998
mouse_rbd,M7,size_only,2,1351,63,0.2794383961359223,0.07862096883823377,0.558011910157783
mouse_rbd,M7,size_only,10,1351,9,0.20728140703268924,-3.3232193905340788,-0.1176512129542425
mouse_rbd,M7,RNA_mean,2,1351,63,0.2543444385031538,0.13532261684306257,0.3843604765311008
mouse_rbd,M7,RNA_mean,10,1351,9,0.13709180748511096,-0.852417427471208,0.43333333333333335
mouse_rbd,M7,state_counts,2,1351,63,0.2574689375037717,0.0745971935582217,0.2512271741233437
mouse_rbd,M7,state_counts,10,1351,9,0.128076869221842,-0.6554446718932869,0.4666666666666666
mouse_rbd,M7,state_posterior,2,1351,63,0.23878943476953945,0.15864154491365678,0.5977792212454711
mouse_rbd,M7,state_posterior,10,1351,9,0.08176531261123997,0.14695869130109307,0.5499999999999999
mouse_rbd,M8,size_only,2,1367,47,0.33495544776485076,-0.3231142498460813,-0.31403744078928997
mouse_rbd,M8,size_only,10,1367,5,0.36500646802833303,-0.11503544610990168,-0.8720815992723809
mouse_rbd,M8,RNA_mean,2,1367,47,0.2514217026322282,0.16969882487982713,0.34955028368656266
mouse_rbd,M8,RNA_mean,10,1367,5,0.37384103549944414,-0.3017720823261967,-0.3
mouse_rbd,M8,state_counts,2,1367,47,0.24014200032516905,0.2834375952642547,0.34415127460190714
mouse_rbd,M8,state_counts,10,1367,5,0.2916172009629842,0.31775885347677013,0.8999999999999998
mouse_rbd,M8,state_posterior,2,1367,47,0.24258277922857105,0.24898628298847103,0.24618031150710035
mouse_rbd,M8,state_posterior,10,1367,5,0.2397002081049898,0.49907072763875837,0.8999999999999998
mouse_rbd,M9,size_only,2,1324,90,0.30800521807886244,-0.4407741113385246,0.09673435596533467
mouse_rbd,M9,size_only,10,1324,14,0.2643821910898014,-5.8770924813295915,-0.2746416042631727
mouse_rbd,M9,RNA_mean,2,1324,90,0.22686935598142416,0.14463349940178727,0.4800525220061718
mouse_rbd,M9,RNA_mean,10,1324,14,0.28283535126697845,-6.219733864622927,0.6475236947687205
mouse_rbd,M9,state_counts,2,1324,90,0.23452710397698967,0.08011136711865763,0.3103258789997839
mouse_rbd,M9,state_counts,10,1324,14,0.21559643731751724,-3.8081214544819924,0.19668808475909944
mouse_rbd,M9,state_posterior,2,1324,90,0.2239276814748268,0.14727043955600305,0.33985357147169537
mouse_rbd,M9,state_posterior,10,1324,14,0.17063069087404745,-2.418737117002815,0.2917171594179902
