method,n_cells,n_clones,seconds,peak_process_rss_mib,dimensions,seed
mean,3000,300,0.007288310676813126,244.125,30,17
kernel,3000,300,0.12057540751993656,263.71875,30,17
density,3000,300,0.23641381226480007,246.375,16,17
mean,15000,1500,0.02082492783665657,255.375,30,17
kernel,15000,1500,0.7880057524889708,350.37890625,30,17
density,15000,1500,2.143069440498948,257.0625,16,17
mean,50000,5000,0.06132972612977028,291.203125,30,17
kernel,50000,5000,6.1197280045598745,593.703125,30,17
density,50000,5000,8.339589355513453,290.01953125,16,17
