clone_id,n_cells,reliability,donor,n_contexts,clone_programme,confidence,core,clone_programme_assigned,assignment_posterior,x,y,division_gate:mCherry-low,w33l,mutation_frequency,isotype
M1|C00001,22,0.6503840412271521,M1,1,P1,1.0,True,P1,1.0,5.828382968902588,-3.433809995651245,0.7272727272727273,germline W33,0.02084952084952085,IGHG
M1|C00002,22,0.6503840412271521,M1,1,P1,1.0,True,P1,1.0,3.335151195526123,-2.36242938041687,0.2727272727272727,W33L,0.02072002072002072,IGHG
M1|C00003,21,0.6402490139791901,M1,1,P1,1.0,True,P1,1.0,4.683650493621826,-2.6729984283447266,0.9047619047619048,,0.030960773898627007,IGHG
M1|C00004,18,0.6058218679663012,M1,1,P1,1.0,True,P1,1.0,2.893925905227661,-1.4648208618164062,0.2777777777777778,,0.021367521367521368,IGHG
M1|C00005,15,0.5637540734837403,M1,1,P1,1.0,True,P1,1.0,5.125204563140869,-3.3642683029174805,0.8666666666666667,W33L,0.015194681861348529,IGHG
M1|C00006,13,0.5300519204449198,M1,1,P1,1.0,True,P1,1.0,2.401675224304199,-1.3031734228134155,0.15384615384615385,,0.020311149524632668,IGHG
M1|C00007,12,0.51105746425866,M1,1,P1,1.0,True,P1,1.0,2.6643989086151123,-0.9514007568359375,0.75,,0.014482431149097816,IGHG
M1|C00008,12,0.51105746425866,M1,1,P1,1.0,True,P1,1.0,7.13571834564209,-3.4482011795043945,0.75,,0.004985754985754986,IGHG
M1|C00009,10,0.46774009533722827,M1,1,,,False,P1,1.0,,,0.2,,0.017094017094017096,IGHG
M1|C00010,9,0.44286702012403584,M1,1,,,False,P1,1.0,,,0.7777777777777778,,0.017410572966128524,IGHG
M1|C00011,8,0.4153794905336352,M1,1,,,False,P1,1.0,,,0.375,,0.010327635327635329,IGHG
M1|C00012,8,0.4153794905336352,M1,1,,,False,P1,1.0,,,0.375,,0.012464387464387465,IGHG
M1|C00013,8,0.4153794905336352,M1,1,,,False,P1,1.0,,,0.875,,0.004914529914529914,IGHG
M1|C00014,8,0.4153794905336352,M1,1,,,False,P1,1.0,,,0.75,,0.019553072625698324,IGHG
M1|C00015,7,0.3848153151301389,M1,1,,,False,P1,1.0,,,1.0,,0.008093889113719142,IGHG
M1|C00016,7,0.3848153151301389,M1,1,,,False,P1,1.0,,,0.7142857142857143,,0.01668701668701669,IGHG
M1|C00017,6,0.3505894764227816,M1,1,,,False,P1,1.0,,,0.8333333333333334,,0.010213556174558961,IGHG
M1|C00018,5,0.31194762573511725,M1,1,,,False,P1,1.0,,,1.0,,0.021652421652421653,IGHG
M1|C00019,5,0.31194762573511725,M1,1,,,False,P1,1.0,,,0.8,,0.010198300283286119,IGHG
M1|C00020,5,0.31194762573511725,M1,1,,,False,P1,1.0,,,0.8,germline W33,0.015384615384615385,IGHG
M1|C00021,5,0.31194762573511725,M1,1,,,False,P1,1.0,,,0.6,,0.00509915014164306,IGHG
M1|C00022,5,0.31194762573511725,M1,1,,,False,P1,1.0,,,0.8,,0.0068376068376068385,IGHG
M1|C00023,4,0.2678951174967684,M1,1,,,False,P1,1.0,,,1.0,,0.007834757834757835,IGHG
M1|C00024,4,0.2678951174967684,M1,1,,,False,P1,1.0,,,1.0,,0.0,
M1|C00025,4,0.2678951174967684,M1,1,,,False,P1,1.0,,,0.5,,0.021367521367521368,IGHG
M1|C00026,4,0.2678951174967684,M1,1,,,False,P1,1.0,,,0.5,W33L,0.022792022792022793,IGHG
M1|C00027,4,0.2678951174967684,M1,1,,,False,P1,1.0,,,1.0,W33L,0.019230769230769232,IGHG
M1|C00028,3,0.2170838412269612,M1,1,,,False,P1,1.0,,,1.0,,0.018043684710351376,IGHG
M1|C00029,3,0.2170838412269612,M1,1,,,False,P1,1.0,,,1.0,,0.010446343779677113,IGHM
M1|C00030,3,0.2170838412269612,M1,1,,,False,P1,1.0,,,0.3333333333333333,W33L,0.014245014245014245,IGHG
M1|C00031,3,0.2170838412269612,M1,1,,,False,P1,1.0,,,1.0,germline W33,0.017094017094017092,IGHG
M1|C00032,3,0.2170838412269612,M1,1,,,False,P1,1.0,,,1.0,,0.013295346628679964,IGHM
M1|C00033,3,0.2170838412269612,M1,1,,,False,P1,1.0,,,0.3333333333333333,,0.006647673314339981,IGHG
M1|C00034,3,0.2170838412269612,M1,1,,,False,P1,1.0,,,0.0,,0.019390581717451522,IGHG
M1|C00035,3,0.2170838412269612,M1,1,,,False,P1,1.0,,,1.0,,0.004748338081671415,IGHG
M1|C00036,3,0.2170838412269612,M1,1,,,False,P1,1.0,,,0.6666666666666666,,0.023741690408357077,IGHG
M1|C00037,3,0.2170838412269612,M1,1,,,False,P1,1.0,,,1.0,,0.019943019943019943,IGHM
M1|C00038,3,0.2170838412269612,M1,1,,,False,P1,1.0,,,0.6666666666666666,,0.11486943164362519,IGHG
M1|C00039,3,0.2170838412269612,M1,1,,,False,P1,1.0,,,0.6666666666666666,,0.0019047619047619048,IGHG
M1|C00040,2,0.15762122420472005,M1,1,,,False,P1,1.0,,,0.5,,0.019943019943019943,IGHG
M1|C00041,2,0.15762122420472005,M1,1,,,False,P1,1.0,,,1.0,,0.014245014245014245,IGHG
M1|C00042,2,0.15762122420472005,M1,1,,,False,P1,1.0,,,0.0,,0.01566951566951567,IGHG
M1|C00043,2,0.15762122420472005,M1,1,,,False,P1,1.0,,,1.0,,0.011396011396011397,IGHG
M1|C00044,2,0.15762122420472005,M1,1,,,False,P1,1.0,,,0.5,,0.004273504273504274,IGHG
M1|C00045,2,0.15762122420472005,M1,1,,,False,P1,1.0,,,1.0,,0.021367521367521368,
M1|C00046,2,0.15762122420472005,M1,1,,,False,P1,1.0,,,1.0,,0.0111731843575419,
M1|C00047,2,0.15762122420472005,M1,1,,,False,P1,1.0,,,0.5,,0.009776536312849162,
M1|C00048,2,0.15762122420472005,M1,1,,,False,P1,1.0,,,0.5,,0.01675977653631285,IGHG
M1|C00049,2,0.15762122420472005,M1,1,,,False,P1,1.0,,,1.0,,0.02094972067039106,IGHG
M1|C00050,2,0.15762122420472005,M1,1,,,False,P1,1.0,,,1.0,,0.018156424581005588,IGHG
M1|C00051,2,0.15762122420472005,M1,1,,,False,P1,1.0,,,0.0,,0.0014245014245014246,IGHG
M1|C00052,2,0.15762122420472005,M1,1,,,False,P1,1.0,,,1.0,,0.005698005698005698,IGHG
M1|C00053,2,0.15762122420472005,M1,1,,,False,P1,1.0,,,0.0,germline W33,0.018518518518518517,IGHG
M1|C00054,2,0.15762122420472005,M1,1,,,False,P1,1.0,,,1.0,germline W33,0.02279202279202279,IGHG
M1|C00055,2,0.15762122420472005,M1,1,,,False,P1,1.0,,,0.0,germline W33,0.014245014245014245,IGHG
M1|C00056,2,0.15762122420472005,M1,1,,,False,P1,1.0,,,0.0,germline W33,0.017094017094017096,IGHG
M1|C00057,2,0.15762122420472005,M1,1,,,False,P1,1.0,,,0.0,,0.011396011396011397,IGHG
M1|C00058,2,0.15762122420472005,M1,1,,,False,P1,1.0,,,0.0,,0.009971509971509971,
M1|C00059,2,0.15762122420472005,M1,1,,,False,P1,1.0,,,0.5,,0.004273504273504274,IGHG
M1|C00060,2,0.15762122420472005,M1,1,,,False,P1,1.0,,,0.0,,0.007122507122507123,IGHG
M1|C00061,2,0.15762122420472005,M1,1,,,False,P1,1.0,,,0.5,,0.009971509971509971,
M1|C00062,2,0.15762122420472005,M1,1,,,False,P1,1.0,,,1.0,,0.01,
M1|C00063,2,0.15762122420472005,M1,1,,,False,P1,1.0,,,1.0,,0.00991501416430595,IGHG
M1|C00064,2,0.15762122420472005,M1,1,,,False,P1,1.0,,,1.0,,0.002849002849002849,IGHG
M2|C00001,92,0.8801596047538682,M2,1,P1,1.0,True,P1,1.0,7.813081741333008,-4.33523416519165,0.9565217391304348,W33L,0.015205004335439119,IGHG
M2|C00002,40,0.7669886796323153,M2,1,P1,1.0,True,P1,1.0,5.361673355102539,-2.3019859790802,0.725,,0.017236467236467237,IGHG
M2|C00003,20,0.6294863444796559,M2,1,P1,1.0,True,P1,1.0,6.159350395202637,-2.4676342010498047,0.7,,0.010683760683760684,IGHG
M2|C00004,16,0.5787820553043859,M2,1,P1,1.0,True,P1,1.0,2.8795464038848877,-2.6151208877563477,0.4375,,0.01193019943019943,IGHG
M2|C00005,11,0.49036965606666283,M2,1,,,False,P1,1.0,,,0.2727272727272727,,0.013023493360572012,IGHG
M2|C00006,9,0.44286702012403584,M2,1,,,False,P1,1.0,,,0.6666666666666666,,0.005571030640668524,IGHG
M2|C00007,7,0.3848153151301389,M2,1,,,False,P1,1.0,,,0.8571428571428571,germline W33,0.014245014245014245,IGHG
M2|C00008,6,0.3505894764227816,M2,1,,,False,P1,1.0,,,1.0,,0.00949667616334283,IGHG
M2|C00009,6,0.3505894764227816,M2,1,,,False,P1,1.0,,,0.16666666666666666,,0.015194681861348529,IGHG
M2|C00010,5,0.31194762573511725,M2,1,,,False,P1,1.0,,,1.0,,0.40112994350282494,IGHG
M2|C00011,4,0.2678951174967684,M2,1,,,False,P1,1.0,,,0.5,,0.0035612535612535613,
M2|C00012,4,0.2678951174967684,M2,1,,,False,P1,1.0,,,1.0,,0.007834757834757835,IGHG
M2|C00013,4,0.2678951174967684,M2,1,,,False,P1,1.0,,,1.0,,0.007790368271954675,IGHG
M2|C00014,4,0.2678951174967684,M2,1,,,False,P1,1.0,,,1.0,,0.007834757834757835,IGHG
M2|C00015,4,0.2678951174967684,M2,1,,,False,P1,1.0,,,0.25,,0.011396011396011397,IGHG
M2|C00016,4,0.2678951174967684,M2,1,,,False,P1,1.0,,,0.75,,0.010683760683760684,IGHG
M2|C00017,4,0.2678951174967684,M2,1,,,False,P1,1.0,,,0.75,,0.0035612535612535613,IGHM
M2|C00018,3,0.2170838412269612,M2,1,,,False,P1,1.0,,,0.0,W33L,0.011396011396011397,IGHG
M2|C00019,3,0.2170838412269612,M2,1,,,False,P1,1.0,,,1.0,,0.007597340930674264,IGHG
M2|C00020,3,0.2170838412269612,M2,1,,,False,P1,1.0,,,1.0,,0.0,IGHM
M2|C00021,3,0.2170838412269612,M2,1,,,False,P1,1.0,,,1.0,,0.0009523809523809524,IGHM
M2|C00022,3,0.2170838412269612,M2,1,,,False,P1,1.0,,,1.0,,0.019943019943019943,IGHG
M2|C00023,3,0.2170838412269612,M2,1,,,False,P1,1.0,,,0.0,,0.006647673314339981,IGHG
M2|C00024,2,0.15762122420472005,M2,1,,,False,P1,1.0,,,0.5,,0.012820512820512822,
M2|C00025,2,0.15762122420472005,M2,1,,,False,P1,1.0,,,0.5,,0.004273504273504274,IGHG
M2|C00026,2,0.15762122420472005,M2,1,,,False,P1,1.0,,,1.0,germline W33,0.021367521367521368,IGHG
M2|C00027,2,0.15762122420472005,M2,1,,,False,P1,1.0,,,0.5,germline W33,0.01566951566951567,IGHG
M2|C00028,2,0.15762122420472005,M2,1,,,False,P1,1.0,,,1.0,germline W33,0.02279202279202279,
M2|C00029,2,0.15762122420472005,M2,1,,,False,P1,1.0,,,0.5,germline W33,0.009971509971509973,
M2|C00030,2,0.15762122420472005,M2,1,,,False,P1,1.0,,,0.0,,0.009971509971509971,IGHG
M2|C00031,2,0.15762122420472005,M2,1,,,False,P1,1.0,,,0.5,,0.008547008547008548,IGHG
M2|C00032,2,0.15762122420472005,M2,1,,,False,P1,1.0,,,1.0,,0.008547008547008548,IGHG
M2|C00033,2,0.15762122420472005,M2,1,,,False,P1,1.0,,,1.0,,0.0071428571428571435,
M2|C00034,2,0.15762122420472005,M2,1,,,False,P1,1.0,,,0.0,,0.021367521367521368,IGHG
M2|C00035,2,0.15762122420472005,M2,1,,,False,P1,1.0,,,0.0,,0.017094017094017096,IGHG
M2|C00036,2,0.15762122420472005,M2,1,,,False,P1,1.0,,,1.0,,0.01,
M3|C00001,49,0.7999536513569104,M3,1,P1,1.0,True,P1,1.0,5.3891072273254395,-2.9965336322784424,0.9183673469387755,,0.02094813399161225,IGHG
M3|C00002,42,0.7752375568672094,M3,1,P1,1.0,True,P1,1.0,5.808880805969238,-4.155879974365234,0.8095238095238095,,0.01282051282051282,IGHG
M3|C00003,31,0.7206440731914445,M3,1,P1,1.0,True,P1,1.0,7.88918399810791,-4.110396862030029,0.9032258064516129,,0.0137854976564654,IGHG
M3|C00004,31,0.7206440731914445,M3,1,P1,1.0,True,P1,1.0,5.206768035888672,-2.8455827236175537,0.8387096774193549,germline W33,0.011763624666850474,IGHG
M3|C00005,28,0.7006774874387468,M3,1,P1,1.0,True,P1,1.0,3.073195695877075,-0.4682573676109314,0.6785714285714286,,0.006963788300835654,IGHG
M3|C00006,23,0.6599459997070105,M3,1,P1,1.0,True,P1,1.0,7.508884429931641,-4.328594207763672,0.6956521739130435,,0.016474668648581693,IGHG
M3|C00007,21,0.6402490139791901,M3,1,P1,1.0,True,P1,1.0,7.9758219718933105,-3.738043785095215,1.0,,0.00271333604666938,IGHG
M3|C00008,20,0.6294863444796559,M3,1,P1,1.0,True,P1,1.0,2.9620466232299805,-2.193793535232544,0.65,,0.010167130919220056,IGHG
M3|C00009,19,0.6180341355245467,M3,1,P1,1.0,True,P1,1.0,3.1024014949798584,-2.4079971313476562,0.631578947368421,germline W33,0.019943019943019943,IGHG
M3|C00010,18,0.6058218679663012,M3,1,P1,1.0,True,P1,1.0,2.0583741664886475,-1.5530362129211426,0.8333333333333334,,0.02860464354717228,IGHG
M3|C00011,14,0.5475596386002238,M3,1,P1,1.0,True,P1,1.0,4.129761219024658,-1.7615675926208496,0.9285714285714286,W33L,0.006919006919006919,IGHG
M3|C00012,13,0.5300519204449198,M3,1,P1,1.0,True,P1,1.0,2.312948226928711,-0.4638374149799347,0.38461538461538464,,0.016655708963401274,IGHG
M3|C00013,12,0.51105746425866,M3,1,P1,1.0,True,P1,1.0,1.9460700750350952,-0.8541553616523743,0.16666666666666666,,0.007597340930674264,IGHD
M3|C00014,12,0.51105746425866,M3,1,P1,1.0,True,P1,1.0,2.6250672340393066,-1.8340580463409424,0.5833333333333334,,0.008356545961002786,IGHG
M3|C00015,10,0.46774009533722827,M3,1,,,False,P1,1.0,,,0.5,,0.014245014245014245,IGHG
M3|C00016,10,0.46774009533722827,M3,1,,,False,P1,1.0,,,0.8,W33L,0.029914529914529912,IGHG
M3|C00017,9,0.44286702012403584,M3,1,,,False,P1,1.0,,,0.3333333333333333,,0.00823045267489712,IGHG
M3|C00018,8,0.4153794905336352,M3,1,,,False,P1,1.0,,,0.375,,0.01745014245014245,IGHG
M3|C00019,8,0.4153794905336352,M3,1,,,False,P1,1.0,,,0.5,,0.013176638176638177,IGHG
M3|C00020,6,0.3505894764227816,M3,1,,,False,P1,1.0,,,0.6666666666666666,,0.010446343779677113,IGHG
M3|C00021,5,0.31194762573511725,M3,1,,,False,P1,1.0,,,0.4,,0.013675213675213677,IGHG
M3|C00022,5,0.31194762573511725,M3,1,,,False,P1,1.0,,,0.6,,0.10891330891330893,IGHG
M3|C00023,5,0.31194762573511725,M3,1,,,False,P1,1.0,,,0.6,,0.010285714285714285,IGHG
M3|C00024,5,0.31194762573511725,M3,1,,,False,P1,1.0,,,1.0,,0.01615598885793872,IGHG
M3|C00025,5,0.31194762573511725,M3,1,,,False,P1,1.0,,,1.0,,0.005714285714285715,IGHG
M3|C00026,4,0.2678951174967684,M3,1,,,False,P1,1.0,,,0.0,germline W33,0.013532763532763533,IGHG
M3|C00027,4,0.2678951174967684,M3,1,,,False,P1,1.0,,,0.5,germline W33,0.0014245014245014246,IGHG
M3|C00028,4,0.2678951174967684,M3,1,,,False,P1,1.0,,,0.25,germline W33,0.014957264957264958,IGHG
M3|C00029,4,0.2678951174967684,M3,1,,,False,P1,1.0,,,0.75,,0.013532763532763533,IGHG
M3|C00030,4,0.2678951174967684,M3,1,,,False,P1,1.0,,,0.5,,0.005571030640668524,IGHG
M3|C00031,3,0.2170838412269612,M3,1,,,False,P1,1.0,,,0.0,,0.012345679012345678,IGHG
M3|C00032,3,0.2170838412269612,M3,1,,,False,P1,1.0,,,1.0,,0.011396011396011397,IGHG
M3|C00033,3,0.2170838412269612,M3,1,,,False,P1,1.0,,,0.6666666666666666,,0.0111731843575419,IGHG
M3|C00034,3,0.2170838412269612,M3,1,,,False,P1,1.0,,,0.0,,0.01303538175046555,IGHG
M3|C00035,3,0.2170838412269612,M3,1,,,False,P1,1.0,,,0.6666666666666666,,0.010446343779677113,IGHG
M3|C00036,3,0.2170838412269612,M3,1,,,False,P1,1.0,,,1.0,,0.0,IGHG
M3|C00037,3,0.2170838412269612,M3,1,,,False,P1,1.0,,,1.0,W33L,0.016144349477682812,IGHE
M3|C00038,3,0.2170838412269612,M3,1,,,False,P1,1.0,,,1.0,germline W33,0.002849002849002849,IGHG
M3|C00039,3,0.2170838412269612,M3,1,,,False,P1,1.0,,,0.3333333333333333,germline W33,0.017094017094017092,IGHG
M3|C00040,3,0.2170838412269612,M3,1,,,False,P1,1.0,,,0.3333333333333333,,0.0028818443804034585,IGHG
M3|C00041,3,0.2170838412269612,M3,1,,,False,P1,1.0,,,0.3333333333333333,,0.004721435316336166,IGHG
M3|C00042,3,0.2170838412269612,M3,1,,,False,P1,1.0,,,1.0,,0.005698005698005698,IGHG
M3|C00043,3,0.2170838412269612,M3,1,,,False,P1,1.0,,,0.3333333333333333,,0.0,IGHG
M3|C00044,3,0.2170838412269612,M3,1,,,False,P1,1.0,,,1.0,,0.019943019943019943,IGHG
M3|C00045,3,0.2170838412269612,M3,1,,,False,P1,1.0,,,0.0,,0.006647673314339981,IGHG
M3|C00046,3,0.2170838412269612,M3,1,,,False,P1,1.0,,,1.0,,0.022792022792022793,IGHG
M3|C00047,3,0.2170838412269612,M3,1,,,False,P1,1.0,,,1.0,,0.007597340930674264,IGHG
M3|C00048,3,0.2170838412269612,M3,1,,,False,P1,1.0,,,1.0,,0.004721435316336166,IGHG
M3|C00049,3,0.2170838412269612,M3,1,,,False,P1,1.0,,,0.3333333333333333,,0.017094017094017092,IGHG
M3|C00050,2,0.15762122420472005,M3,1,,,False,P1,1.0,,,0.5,,0.014164305949008499,IGHG
M3|C00051,2,0.15762122420472005,M3,1,,,False,P1,1.0,,,0.5,,0.018518518518518517,IGHG
M3|C00052,2,0.15762122420472005,M3,1,,,False,P1,1.0,,,0.5,,0.01282051282051282,IGHG
M3|C00053,2,0.15762122420472005,M3,1,,,False,P1,1.0,,,0.0,,0.005698005698005698,IGHG
M3|C00054,2,0.15762122420472005,M3,1,,,False,P1,1.0,,,0.0,,0.0028328611898017,
M3|C00055,2,0.15762122420472005,M3,1,,,False,P1,1.0,,,0.5,,0.0,IGHG
M3|C00056,2,0.15762122420472005,M3,1,,,False,P1,1.0,,,1.0,,0.014044943820224719,IGHG
M3|C00057,2,0.15762122420472005,M3,1,,,False,P1,1.0,,,1.0,,0.011396011396011397,IGHG
M3|C00058,2,0.15762122420472005,M3,1,,,False,P1,1.0,,,0.5,,0.012820512820512822,IGHG
M3|C00059,2,0.15762122420472005,M3,1,,,False,P1,1.0,,,0.0,germline W33,0.007122507122507123,IGHG
M3|C00060,2,0.15762122420472005,M3,1,,,False,P1,1.0,,,1.0,W33L,0.014245014245014245,IGHG
M3|C00061,2,0.15762122420472005,M3,1,,,False,P1,1.0,,,0.5,W33L,0.017094017094017096,IGHG
M3|C00062,2,0.15762122420472005,M3,1,,,False,P1,1.0,,,1.0,,0.011396011396011397,IGHG
M3|C00063,2,0.15762122420472005,M3,1,,,False,P1,1.0,,,0.5,,0.002849002849002849,IGHG
M3|C00064,2,0.15762122420472005,M3,1,,,False,P1,1.0,,,0.5,,0.007082152974504249,IGHG
M3|C00065,2,0.15762122420472005,M3,1,,,False,P1,1.0,,,0.0,,0.0014245014245014246,
M3|C00066,2,0.15762122420472005,M3,1,,,False,P1,1.0,,,0.0,,0.018105849582172703,IGHG
M3|C00067,2,0.15762122420472005,M3,1,,,False,P1,1.0,,,1.0,,0.0,IGHG
M3|C00068,2,0.15762122420472005,M3,1,,,False,P1,1.0,,,0.0,,0.011396011396011397,IGHG
M3|C00069,2,0.15762122420472005,M3,1,,,False,P1,1.0,,,0.5,,0.017094017094017096,IGHG
M3|C00070,2,0.15762122420472005,M3,1,,,False,P1,1.0,,,0.0,,0.0056657223796034,IGHG
M3|C00071,2,0.15762122420472005,M3,1,,,False,P1,1.0,,,0.0,,0.011396011396011397,IGHG
M3|C00072,2,0.15762122420472005,M3,1,,,False,P1,1.0,,,1.0,,0.009971509971509971,IGHG
M3|C00073,2,0.15762122420472005,M3,1,,,False,P1,1.0,,,0.5,,0.012820512820512822,IGHG
M3|C00074,2,0.15762122420472005,M3,1,,,False,P1,1.0,,,1.0,,0.010752688172043012,IGHG
M4|C00001,56,0.8197077952685903,M4,1,P1,1.0,True,P1,1.0,4.657773494720459,-3.177846670150757,0.8571428571428571,,0.018467643467643468,IGHG
M4|C00002,37,0.7533871762464114,M4,1,P1,1.0,True,P1,1.0,7.334576606750488,-4.529882431030273,0.7837837837837838,,0.007084007084007084,IGHG
M4|C00003,28,0.7006774874387468,M4,1,P1,1.0,True,P1,1.0,5.820058345794678,-2.8825700283050537,0.8571428571428571,W33L,0.018111518111518114,IGHG
M4|C00004,25,0.6775386073322862,M4,1,P1,1.0,True,P1,1.0,6.500922203063965,-4.0510406494140625,0.96,W33L,0.01344729344729345,IGHG
M4|C00005,22,0.6503840412271521,M4,1,P1,1.0,True,P1,1.0,6.5830979347229,-2.784820556640625,0.7727272727272727,,0.018648018648018648,IGHG
M4|C00006,18,0.6058218679663012,M4,1,P1,1.0,True,P1,1.0,2.564970016479492,-0.5052651762962341,0.6666666666666666,,0.017885406774295662,IGHG
M4|C00007,18,0.6058218679663012,M4,1,P1,1.0,True,P1,1.0,2.2248036861419678,-1.5215805768966675,0.5,,0.01361190250079139,IGHG
M4|C00008,17,0.5927688103732659,M4,1,P1,1.0,True,P1,1.0,6.223610877990723,-3.6507301330566406,0.8823529411764706,W33L,0.017764370705547178,IGHG
M4|C00009,15,0.5637540734837403,M4,1,P1,1.0,True,P1,1.0,3.554569959640503,-2.019787073135376,0.8,,0.005571030640668524,IGHG
M4|C00010,13,0.5300519204449198,M4,1,P1,1.0,True,P1,1.0,1.86234450340271,-0.5908104777336121,0.8461538461538461,,0.014025860179706334,IGHG
M4|C00011,12,0.51105746425866,M4,1,P1,1.0,True,P1,1.0,7.313343048095703,-3.565988063812256,0.75,germline W33,0.015432098765432098,IGHG
M4|C00012,12,0.51105746425866,M4,1,P1,1.0,True,P1,1.0,5.742947101593018,-4.0775933265686035,1.0,germline W33,0.006410256410256411,IGHG
M4|C00013,11,0.49036965606666283,M4,1,,,False,P1,1.0,,,0.8181818181818182,,0.007725985063095545,IGHG
M4|C00014,10,0.46774009533722827,M4,1,,,False,P1,1.0,,,0.5,,0.004558404558404559,IGHG
M4|C00015,9,0.44286702012403584,M4,1,,,False,P1,1.0,,,0.7777777777777778,germline W33,0.015511237733459955,IGHG
M4|C00016,8,0.4153794905336352,M4,1,,,False,P1,1.0,,,0.875,W33L,0.008547008547008548,IGHG
M4|C00017,7,0.3848153151301389,M4,1,,,False,P1,1.0,,,0.8571428571428571,,0.016853932584269662,IGHG
M4|C00018,7,0.3848153151301389,M4,1,,,False,P1,1.0,,,0.7142857142857143,,0.00814000814000814,IGHG
M4|C00019,6,0.3505894764227816,M4,1,,,False,P1,1.0,,,1.0,,0.009971509971509971,IGHG
M4|C00020,6,0.3505894764227816,M4,1,,,False,P1,1.0,,,0.5,germline W33,0.020892687559354226,IGHG
M4|C00021,6,0.3505894764227816,M4,1,,,False,P1,1.0,,,0.6666666666666666,W33L,0.01851851851851852,IGHG
M4|C00022,6,0.3505894764227816,M4,1,,,False,P1,1.0,,,0.5,germline W33,0.01851851851851852,IGHG
M4|C00023,6,0.3505894764227816,M4,1,,,False,P1,1.0,,,0.8333333333333334,,0.02421652421652422,IGHG
M4|C00024,6,0.3505894764227816,M4,1,,,False,P1,1.0,,,0.6666666666666666,,0.012070566388115135,IGHG
M4|C00025,5,0.31194762573511725,M4,1,,,False,P1,1.0,,,1.0,,0.0034188034188034192,IGHG
M4|C00026,5,0.31194762573511725,M4,1,,,False,P1,1.0,,,0.8,,0.013031161473087818,IGHG
M4|C00027,4,0.2678951174967684,M4,1,,,False,P1,1.0,,,0.75,,0.018105849582172703,IGHG
M4|C00028,4,0.2678951174967684,M4,1,,,False,P1,1.0,,,1.0,,0.02094972067039106,IGHG
M4|C00029,3,0.2170838412269612,M4,1,,,False,P1,1.0,,,0.0,,0.015194681861348529,IGHG
M4|C00030,3,0.2170838412269612,M4,1,,,False,P1,1.0,,,0.3333333333333333,,0.007428040854224698,IGHG
M4|C00031,3,0.2170838412269612,M4,1,,,False,P1,1.0,,,1.0,,0.011396011396011397,IGHG
M4|C00032,2,0.15762122420472005,M4,1,,,False,P1,1.0,,,0.5,,0.025641025641025644,IGHG
M4|C00033,2,0.15762122420472005,M4,1,,,False,P1,1.0,,,0.0,,0.002849002849002849,IGHG
M4|C00034,2,0.15762122420472005,M4,1,,,False,P1,1.0,,,1.0,,0.007022471910112359,IGHG
M4|C00035,2,0.15762122420472005,M4,1,,,False,P1,1.0,,,0.5,,0.18099764220453876,IGHG
M4|C00036,2,0.15762122420472005,M4,1,,,False,P1,1.0,,,0.0,W33L,0.03133903133903134,IGHG
M4|C00037,2,0.15762122420472005,M4,1,,,False,P1,1.0,,,0.5,germline W33,0.017094017094017096,IGHG
M4|C00038,2,0.15762122420472005,M4,1,,,False,P1,1.0,,,0.5,,0.019943019943019943,IGHG
M4|C00039,2,0.15762122420472005,M4,1,,,False,P1,1.0,,,0.5,,0.014245014245014245,IGHG
M4|C00040,2,0.15762122420472005,M4,1,,,False,P1,1.0,,,1.0,,0.008356545961002786,IGHG
M4|C00041,2,0.15762122420472005,M4,1,,,False,P1,1.0,,,1.0,,0.002849002849002849,
M4|C00042,2,0.15762122420472005,M4,1,,,False,P1,1.0,,,0.0,,0.01282051282051282,
M5|C00001,42,0.7752375568672094,M5,1,P1,1.0,True,P1,1.0,7.126109600067139,-4.155201435089111,0.7142857142857143,,0.015737349070682406,IGHG
M5|C00002,17,0.5927688103732659,M5,1,P1,1.0,True,P1,1.0,2.4973533153533936,-1.9119259119033813,0.5294117647058824,,0.009720127367186191,IGHG
M5|C00003,12,0.51105746425866,M5,1,P1,1.0,True,P1,1.0,2.7476887702941895,-1.6011707782745361,0.6666666666666666,,0.019230769230769232,IGHG
M5|C00004,7,0.3848153151301389,M5,1,,,False,P1,1.0,,,0.5714285714285714,,0.015466015466015465,IGHG
M5|C00005,7,0.3848153151301389,M5,1,,,False,P1,1.0,,,0.2857142857142857,,0.006366892160764027,IGHG
M5|C00006,4,0.2678951174967684,M5,1,,,False,P1,1.0,,,0.75,,0.02492877492877493,IGHG
M5|C00007,4,0.2678951174967684,M5,1,,,False,P1,1.0,,,1.0,,0.02492877492877493,IGHG
M5|C00008,4,0.2678951174967684,M5,1,,,False,P1,1.0,,,0.0,,0.01638176638176638,IGHG
M5|C00009,3,0.2170838412269612,M5,1,,,False,P1,1.0,,,0.6666666666666666,W33L,0.012345679012345678,IGHG
M5|C00010,3,0.2170838412269612,M5,1,,,False,P1,1.0,,,1.0,,0.0,IGHM
M5|C00011,2,0.15762122420472005,M5,1,,,False,P1,1.0,,,0.5,germline W33,0.004273504273504274,IGHG
M5|C00012,2,0.15762122420472005,M5,1,,,False,P1,1.0,,,0.0,germline W33,0.009971509971509973,IGHG
M5|C00013,2,0.15762122420472005,M5,1,,,False,P1,1.0,,,1.0,,0.011396011396011397,IGHG
M5|C00014,2,0.15762122420472005,M5,1,,,False,P1,1.0,,,1.0,,0.023676880222841225,IGHG
M5|C00015,2,0.15762122420472005,M5,1,,,False,P1,1.0,,,0.0,,0.004178272980501393,IGHG
M5|C00016,2,0.15762122420472005,M5,1,,,False,P1,1.0,,,0.5,,0.029914529914529916,IGHG
M6|C00001,39,0.7626281265457334,M6,1,P1,1.0,True,P1,1.0,6.951176643371582,-2.7510149478912354,0.7692307692307693,,0.015121630506245891,IGHG
M6|C00002,19,0.6180341355245467,M6,1,P1,1.0,True,P1,1.0,7.1652398109436035,-2.8965978622436523,0.8421052631578947,,0.012595591542959965,IGHG
M6|C00003,18,0.6058218679663012,M6,1,P1,1.0,True,P1,1.0,7.129347324371338,-4.644176006317139,0.6666666666666666,W33L,0.012820512820512822,IGHG
M6|C00004,16,0.5787820553043859,M6,1,P1,1.0,True,P1,1.0,7.528879165649414,-2.6046392917633057,0.625,germline W33,0.014957264957264958,IGHG
M6|C00005,12,0.51105746425866,M6,1,P1,1.0,True,P1,1.0,6.250977039337158,-4.234739780426025,0.9166666666666666,W33L,0.01851851851851852,IGHG
M6|C00006,12,0.51105746425866,M6,1,P1,1.0,True,P1,1.0,2.9173531532287598,-0.21144001185894012,0.3333333333333333,,0.016619183285849954,IGHG
M6|C00007,11,0.49036965606666283,M6,1,,,False,P1,1.0,,,0.7272727272727273,,0.05823438881290121,IGHG
M6|C00008,10,0.46774009533722827,M6,1,,,False,P1,1.0,,,0.5,,0.01225071225071225,IGHG
M6|C00009,9,0.44286702012403584,M6,1,,,False,P1,1.0,,,0.4444444444444444,,0.019943019943019943,IGHG
M6|C00010,8,0.4153794905336352,M6,1,,,False,P1,1.0,,,0.5,W33L,0.01673789173789174,IGHG
M6|C00011,8,0.4153794905336352,M6,1,,,False,P1,1.0,,,0.25,,0.022792022792022793,IGHG
M6|C00012,7,0.3848153151301389,M6,1,,,False,P1,1.0,,,0.42857142857142855,,0.01505901505901506,IGHG
M6|C00013,7,0.3848153151301389,M6,1,,,False,P1,1.0,,,0.5714285714285714,,0.02865101472343812,IGHG
M6|C00014,7,0.3848153151301389,M6,1,,,False,P1,1.0,,,0.8571428571428571,,0.028897028897028897,IGHG
M6|C00015,6,0.3505894764227816,M6,1,,,False,P1,1.0,,,1.0,,0.01899335232668566,IGHM
M6|C00016,6,0.3505894764227816,M6,1,,,False,P1,1.0,,,1.0,germline W33,0.012820512820512822,IGHG
M6|C00017,5,0.31194762573511725,M6,1,,,False,P1,1.0,,,1.0,W33L,0.014814814814814814,IGHG
M6|C00018,5,0.31194762573511725,M6,1,,,False,P1,1.0,,,0.0,,0.010256410256410256,IGHG
M6|C00019,4,0.2678951174967684,M6,1,,,False,P1,1.0,,,1.0,,0.022079772079772082,IGHG
M6|C00020,4,0.2678951174967684,M6,1,,,False,P1,1.0,,,1.0,,0.031339031339031334,IGHG
M6|C00021,4,0.2678951174967684,M6,1,,,False,P1,1.0,,,0.0,germline W33,0.019943019943019943,IGHG
M6|C00022,4,0.2678951174967684,M6,1,,,False,P1,1.0,,,0.5,W33L,0.01638176638176638,IGHG
M6|C00023,4,0.2678951174967684,M6,1,,,False,P1,1.0,,,0.75,germline W33,0.013532763532763534,IGHG
M6|C00024,4,0.2678951174967684,M6,1,,,False,P1,1.0,,,0.5,,0.004273504273504274,IGHG
M6|C00025,3,0.2170838412269612,M6,1,,,False,P1,1.0,,,0.6666666666666666,,0.030389363722697054,IGHG
M6|C00026,3,0.2170838412269612,M6,1,,,False,P1,1.0,,,1.0,,0.001899335232668566,IGHM
M6|C00027,3,0.2170838412269612,M6,1,,,False,P1,1.0,,,1.0,,0.0046816479400749065,IGHG
M6|C00028,3,0.2170838412269612,M6,1,,,False,P1,1.0,,,0.0,,0.011396011396011397,IGHG
M6|C00029,3,0.2170838412269612,M6,1,,,False,P1,1.0,,,0.6666666666666666,germline W33,0.013295346628679964,IGHG
M6|C00030,3,0.2170838412269612,M6,1,,,False,P1,1.0,,,0.3333333333333333,,0.03133903133903134,IGHG
M6|C00031,2,0.15762122420472005,M6,1,,,False,P1,1.0,,,0.0,,0.03418803418803419,
M6|C00032,2,0.15762122420472005,M6,1,,,False,P1,1.0,,,0.0,,0.012820512820512822,IGHM
M6|C00033,2,0.15762122420472005,M6,1,,,False,P1,1.0,,,0.0,,0.0,
M6|C00034,2,0.15762122420472005,M6,1,,,False,P1,1.0,,,0.0,,0.03561253561253561,IGHG
M6|C00035,2,0.15762122420472005,M6,1,,,False,P1,1.0,,,1.0,,0.019943019943019943,IGHG
M6|C00036,2,0.15762122420472005,M6,1,,,False,P1,1.0,,,0.5,germline W33,0.01282051282051282,
M6|C00037,2,0.15762122420472005,M6,1,,,False,P1,1.0,,,0.0,,0.01282051282051282,IGHG
M6|C00038,2,0.15762122420472005,M6,1,,,False,P1,1.0,,,0.0,W33L,0.02279202279202279,IGHG
M6|C00039,2,0.15762122420472005,M6,1,,,False,P1,1.0,,,1.0,,0.021367521367521368,IGHG
M6|C00040,2,0.15762122420472005,M6,1,,,False,P1,1.0,,,0.5,germline W33,0.019943019943019943,IGHG
M6|C00041,2,0.15762122420472005,M6,1,,,False,P1,1.0,,,0.0,germline W33,0.02421652421652422,IGHG
M6|C00042,2,0.15762122420472005,M6,1,,,False,P1,1.0,,,0.0,,0.014245014245014245,
M6|C00043,2,0.15762122420472005,M6,1,,,False,P1,1.0,,,0.0,,0.014245014245014245,IGHG
M6|C00044,2,0.15762122420472005,M6,1,,,False,P1,1.0,,,0.5,,0.019943019943019946,IGHG
M6|C00045,2,0.15762122420472005,M6,1,,,False,P1,1.0,,,0.0,,0.022792022792022793,IGHG
M6|C00046,2,0.15762122420472005,M6,1,,,False,P1,1.0,,,1.0,,0.009749303621169917,IGHG
M6|C00047,2,0.15762122420472005,M6,1,,,False,P1,1.0,,,1.0,,0.014245014245014245,IGHG
M7|C00001,50,0.80304088039082,M7,1,P1,1.0,True,P1,1.0,4.139392375946045,-3.1310343742370605,0.78,,0.018974358974358976,IGHG
M7|C00002,50,0.80304088039082,M7,1,P1,1.0,True,P1,1.0,5.763712406158447,-4.599475383758545,0.9,,0.006153846153846154,IGHG
M7|C00003,34,0.738058414230075,M7,1,P1,1.0,True,P1,1.0,2.197476387023926,-0.23382727801799774,0.7647058823529411,,0.018746875520746543,IGHG
M7|C00004,31,0.7206440731914445,M7,1,P1,1.0,True,P1,1.0,7.260997295379639,-3.9901320934295654,0.7096774193548387,,0.016634500505468247,IGHG
M7|C00005,29,0.7076510859178027,M7,1,P1,1.0,True,P1,1.0,3.51479172706604,-1.2908892631530762,0.6551724137931034,,0.013852048334806955,IGHG
M7|C00006,26,0.6856505105719699,M7,1,P1,1.0,True,P1,1.0,6.621054649353027,-4.5350518226623535,0.9230769230769231,,0.009094893710278325,IGHG
M7|C00007,20,0.6294863444796559,M7,1,P1,1.0,True,P1,1.0,3.076154947280884,-0.6941182613372803,0.4,,0.010968660968660969,IGHG
M7|C00008,20,0.6294863444796559,M7,1,P1,1.0,True,P1,1.0,4.739581108093262,-3.765155076980591,0.55,,0.020646067415730336,IGHG
M7|C00009,20,0.6294863444796559,M7,1,P1,1.0,True,P1,1.0,5.225522994995117,-4.2013678550720215,1.0,germline W33,0.00982905982905983,IGHG
M7|C00010,20,0.6294863444796559,M7,1,P1,1.0,True,P1,1.0,7.8068718910217285,-4.66082239151001,0.6,,0.015490779391921217,IGHG
M7|C00011,20,0.6294863444796559,M7,1,P1,1.0,True,P1,1.0,7.793875694274902,-3.9207305908203125,0.9,,0.013675213675213677,IGHG
M7|C00012,19,0.6180341355245467,M7,1,P1,1.0,True,P1,1.0,3.0886151790618896,-1.6044005155563354,0.5789473684210527,,0.009896536212325686,IGHG
M7|C00013,19,0.6180341355245467,M7,1,P1,1.0,True,P1,1.0,4.687661170959473,-3.561486005783081,0.9473684210526315,germline W33,0.021742390163442794,IGHG
M7|C00014,17,0.5927688103732659,M7,1,P1,1.0,True,P1,1.0,4.524564266204834,-1.7361502647399902,0.5882352941176471,,0.016088486676721973,IGHG
M7|C00015,15,0.5637540734837403,M7,1,P1,1.0,True,P1,1.0,6.170841217041016,-3.1301183700561523,0.9333333333333333,germline W33,0.02336182336182336,IGHG
M7|C00016,15,0.5637540734837403,M7,1,P1,1.0,True,P1,1.0,5.108138561248779,-3.582273244857788,0.8666666666666667,germline W33,0.01899335232668566,IGHG
M7|C00017,15,0.5637540734837403,M7,1,P1,1.0,True,P1,1.0,3.8521041870117188,-2.786482334136963,0.3333333333333333,,0.011520302171860246,IGHG
M7|C00018,15,0.5637540734837403,M7,1,P1,1.0,True,P1,1.0,3.883699417114258,-1.5987863540649414,0.3333333333333333,,0.007597340930674264,IGHG
M7|C00019,13,0.5300519204449198,M7,1,P1,1.0,True,P1,1.0,2.048320770263672,-0.6900098919868469,0.38461538461538464,,0.01183431952662722,IGHG
M7|C00020,13,0.5300519204449198,M7,1,P1,1.0,True,P1,1.0,6.135895252227783,-4.28984260559082,1.0,,0.004163927240850318,IGHM
M7|C00021,13,0.5300519204449198,M7,1,P1,1.0,True,P1,1.0,5.103372097015381,-4.107351303100586,0.9230769230769231,,0.004163927240850318,IGHG
M7|C00022,12,0.51105746425866,M7,1,P1,1.0,True,P1,1.0,3.55462908744812,-2.851797342300415,0.5833333333333334,,0.013770180436847105,IGHG
M7|C00023,11,0.49036965606666283,M7,1,,,False,P1,1.0,,,1.0,,0.019684019684019685,IGHG
M7|C00024,10,0.46774009533722827,M7,1,,,False,P1,1.0,,,0.5,,0.03122305423190379,IGHG
M7|C00025,10,0.46774009533722827,M7,1,,,False,P1,1.0,,,1.0,,0.00169971671388102,IGHG
M7|C00026,9,0.44286702012403584,M7,1,,,False,P1,1.0,,,1.0,,0.004748338081671415,IGHG
M7|C00027,9,0.44286702012403584,M7,1,,,False,P1,1.0,,,0.0,,0.014561570117125673,IGHG
M7|C00028,8,0.4153794905336352,M7,1,,,False,P1,1.0,,,0.875,W33L,0.03133903133903134,IGHG
M7|C00029,8,0.4153794905336352,M7,1,,,False,P1,1.0,,,0.75,,0.004629629629629629,IGHG
M7|C00030,7,0.3848153151301389,M7,1,,,False,P1,1.0,,,0.7142857142857143,,0.0036630036630036634,IGHG
M7|C00031,7,0.3848153151301389,M7,1,,,False,P1,1.0,,,1.0,,0.00976800976800977,IGHG
M7|C00032,6,0.3505894764227816,M7,1,,,False,P1,1.0,,,0.16666666666666666,,0.007122507122507123,IGHG
M7|C00033,6,0.3505894764227816,M7,1,,,False,P1,1.0,,,0.8333333333333334,,0.007619047619047619,IGHG
M7|C00034,6,0.3505894764227816,M7,1,,,False,P1,1.0,,,0.3333333333333333,,0.009285051067780874,IGHG
M7|C00035,6,0.3505894764227816,M7,1,,,False,P1,1.0,,,0.5,,0.006647673314339981,IGHG
M7|C00036,6,0.3505894764227816,M7,1,,,False,P1,1.0,,,0.8333333333333334,,0.02849002849002849,IGHG
M7|C00037,6,0.3505894764227816,M7,1,,,False,P1,1.0,,,0.8333333333333334,,0.019943019943019943,IGHG
M7|C00038,5,0.31194762573511725,M7,1,,,False,P1,1.0,,,0.4,,0.015384615384615385,IGHG
M7|C00039,5,0.31194762573511725,M7,1,,,False,P1,1.0,,,1.0,,0.011396011396011397,IGHG
M7|C00040,5,0.31194762573511725,M7,1,,,False,P1,1.0,,,1.0,germline W33,0.023931623931623933,IGHG
M7|C00041,5,0.31194762573511725,M7,1,,,False,P1,1.0,,,0.4,W33L,0.020512820512820513,IGHG
M7|C00042,5,0.31194762573511725,M7,1,,,False,P1,1.0,,,1.0,germline W33,0.010256410256410258,IGHG
M7|C00043,5,0.31194762573511725,M7,1,,,False,P1,1.0,,,0.6,,0.011965811965811968,IGHG
M7|C00044,5,0.31194762573511725,M7,1,,,False,P1,1.0,,,0.0,,0.014814814814814814,IGHG
M7|C00045,4,0.2678951174967684,M7,1,,,False,P1,1.0,,,0.75,,0.006410256410256411,IGHG
M7|C00046,4,0.2678951174967684,M7,1,,,False,P1,1.0,,,1.0,,0.0014245014245014246,IGHG
M7|C00047,4,0.2678951174967684,M7,1,,,False,P1,1.0,,,0.5,,0.010683760683760684,IGHG
M7|C00048,4,0.2678951174967684,M7,1,,,False,P1,1.0,,,1.0,,0.0014245014245014246,IGHG
M7|C00049,4,0.2678951174967684,M7,1,,,False,P1,1.0,,,0.75,germline W33,0.023504273504273504,IGHG
M7|C00050,4,0.2678951174967684,M7,1,,,False,P1,1.0,,,1.0,,0.026353276353276354,IGHG
M7|C00051,4,0.2678951174967684,M7,1,,,False,P1,1.0,,,0.5,,0.009259259259259259,IGHG
M7|C00052,3,0.2170838412269612,M7,1,,,False,P1,1.0,,,0.3333333333333333,,0.024691358024691357,IGHG
M7|C00053,3,0.2170838412269612,M7,1,,,False,P1,1.0,,,0.6666666666666666,,0.00949667616334283,IGHG
M7|C00054,3,0.2170838412269612,M7,1,,,False,P1,1.0,,,1.0,,0.010446343779677113,IGHG
M7|C00055,3,0.2170838412269612,M7,1,,,False,P1,1.0,,,1.0,germline W33,0.020892687559354226,IGHG
M7|C00056,3,0.2170838412269612,M7,1,,,False,P1,1.0,,,1.0,,0.014245014245014245,IGHG
M7|C00057,3,0.2170838412269612,M7,1,,,False,P1,1.0,,,1.0,,0.009496676163342831,IGHG
M7|C00058,3,0.2170838412269612,M7,1,,,False,P1,1.0,,,1.0,,0.010446343779677113,IGHG
M7|C00059,3,0.2170838412269612,M7,1,,,False,P1,1.0,,,0.0,,0.007597340930674264,IGHG
M7|C00060,3,0.2170838412269612,M7,1,,,False,P1,1.0,,,0.3333333333333333,,0.019943019943019943,IGHG
M7|C00061,3,0.2170838412269612,M7,1,,,False,P1,1.0,,,1.0,,0.00949667616334283,IGHG
M7|C00062,3,0.2170838412269612,M7,1,,,False,P1,1.0,,,1.0,,0.005698005698005698,IGHG
M7|C00063,3,0.2170838412269612,M7,1,,,False,P1,1.0,,,0.3333333333333333,,0.018095238095238095,IGHG
M7|C00064,3,0.2170838412269612,M7,1,,,False,P1,1.0,,,1.0,,0.003798670465337132,IGHG
M7|C00065,3,0.2170838412269612,M7,1,,,False,P1,1.0,,,0.0,,0.007428040854224698,IGHG
M7|C00066,3,0.2170838412269612,M7,1,,,False,P1,1.0,,,1.0,,0.006647673314339982,IGHG
M7|C00067,3,0.2170838412269612,M7,1,,,False,P1,1.0,,,0.6666666666666666,,0.019943019943019943,IGHG
M7|C00068,3,0.2170838412269612,M7,1,,,False,P1,1.0,,,0.0,,0.002849002849002849,IGHG
M7|C00069,3,0.2170838412269612,M7,1,,,False,P1,1.0,,,0.0,,0.00949667616334283,IGHM
M7|C00070,2,0.15762122420472005,M7,1,,,False,P1,1.0,,,0.5,,0.021367521367521368,IGHG
M7|C00071,2,0.15762122420472005,M7,1,,,False,P1,1.0,,,1.0,,0.018518518518518517,
M7|C00072,2,0.15762122420472005,M7,1,,,False,P1,1.0,,,1.0,,0.002849002849002849,IGHG
M7|C00073,2,0.15762122420472005,M7,1,,,False,P1,1.0,,,1.0,,0.0,IGHG
M7|C00074,2,0.15762122420472005,M7,1,,,False,P1,1.0,,,0.5,,0.01282051282051282,IGHG
M7|C00075,2,0.15762122420472005,M7,1,,,False,P1,1.0,,,0.0,,0.09976213203596503,IGHG
M7|C00076,2,0.15762122420472005,M7,1,,,False,P1,1.0,,,1.0,,0.0084985835694051,IGHG
M7|C00077,2,0.15762122420472005,M7,1,,,False,P1,1.0,,,1.0,,0.008547008547008548,IGHG
M7|C00078,2,0.15762122420472005,M7,1,,,False,P1,1.0,,,0.0,germline W33,0.021367521367521368,IGHG
M7|C00079,2,0.15762122420472005,M7,1,,,False,P1,1.0,,,0.0,germline W33,0.01566951566951567,IGHG
M7|C00080,2,0.15762122420472005,M7,1,,,False,P1,1.0,,,0.5,germline W33,0.014245014245014245,IGHG
M7|C00081,2,0.15762122420472005,M7,1,,,False,P1,1.0,,,0.0,,0.0,IGHM
M7|C00082,2,0.15762122420472005,M7,1,,,False,P1,1.0,,,0.5,germline W33,0.019943019943019943,IGHG
M7|C00083,2,0.15762122420472005,M7,1,,,False,P1,1.0,,,0.0,,0.009971509971509973,IGHM
M7|C00084,2,0.15762122420472005,M7,1,,,False,P1,1.0,,,0.0,,0.037037037037037035,IGHG
M7|C00085,2,0.15762122420472005,M7,1,,,False,P1,1.0,,,1.0,,0.009971509971509973,IGHG
M7|C00086,2,0.15762122420472005,M7,1,,,False,P1,1.0,,,0.0,,0.0,IGHG
M7|C00087,2,0.15762122420472005,M7,1,,,False,P1,1.0,,,1.0,,0.005698005698005698,IGHG
M7|C00088,2,0.15762122420472005,M7,1,,,False,P1,1.0,,,0.0,,0.019943019943019946,IGHG
M7|C00089,2,0.15762122420472005,M7,1,,,False,P1,1.0,,,0.0,,0.012820512820512822,IGHG
M7|C00090,2,0.15762122420472005,M7,1,,,False,P1,1.0,,,1.0,,0.005571030640668524,IGHG
M7|C00091,2,0.15762122420472005,M7,1,,,False,P1,1.0,,,1.0,,0.012747875354107648,IGHG
M7|C00092,2,0.15762122420472005,M7,1,,,False,P1,1.0,,,0.0,,0.00991501416430595,IGHG
M7|C00093,2,0.15762122420472005,M7,1,,,False,P1,1.0,,,0.5,,0.011396011396011397,IGHG
M7|C00094,2,0.15762122420472005,M7,1,,,False,P1,1.0,,,1.0,,0.019943019943019946,IGHG
