dataset,target,min_cells,method,scored_mice,median_mae,q25_mae,q75_mae,median_r2,n_scored_families
mouse_np,division_gate:mCherry-low,2,RNA_centroid,7,0.1611201530042305,0.14992761588357634,0.1655888413496742,0.6249746939884255,373
mouse_np,division_gate:mCherry-low,2,RNA_context_centroid,7,0.165435878054273,0.16397928668951706,0.16789552534216515,0.6238318354520602,373
mouse_np,division_gate:mCherry-low,2,Threadfin_mean,7,0.1973008387760206,0.19287134563939895,0.2243656175944767,0.4515431488178626,373
mouse_np,division_gate:mCherry-low,2,Threadfin_kernel,7,0.2067628985265267,0.19696140203192344,0.21843299204055575,0.4683571711968104,373
mouse_np,division_gate:mCherry-low,2,BiGCN,7,0.2913367716873233,0.2571779846294444,0.31038608048005695,0.0808662559622986,373
mouse_np,division_gate:mCherry-low,2,clone2vec,7,0.2380889221898072,0.2217239751474686,0.25629955098293006,0.2235382583172525,373
mouse_np,division_gate:mCherry-low,2,Benisse,7,0.3142604603619454,0.28231432903787185,0.3285013876278433,-0.0179751111671444,373
mouse_np,division_gate:mCherry-low,2,Training_mean,7,0.3142688928665436,0.2853257198736635,0.3215258484972019,-0.0161039678608827,373
mouse_np,division_gate:mCherry-low,5,RNA_centroid,7,0.0976574766324969,0.07773104606584685,0.1134270635601845,0.696187893952032,150
mouse_np,division_gate:mCherry-low,5,RNA_context_centroid,7,0.0982272141516285,0.07500501592780626,0.12419823668605545,0.7831928062713746,150
mouse_np,division_gate:mCherry-low,5,Threadfin_mean,7,0.107561450332627,0.09213022630685169,0.1148950719375505,0.7395719590507048,150
mouse_np,division_gate:mCherry-low,5,Threadfin_kernel,7,0.1389107300712096,0.13125740384641926,0.152253398040548,0.5968224797288434,150
mouse_np,division_gate:mCherry-low,5,BiGCN,7,0.1984771708414982,0.16976409445220075,0.21109336364491627,-0.0261890542095168,150
mouse_np,division_gate:mCherry-low,5,clone2vec,7,0.160426482446254,0.14799673755313145,0.17446731900559714,0.3094073743146087,150
mouse_np,division_gate:mCherry-low,5,Benisse,7,0.1913949590144347,0.17719768277653594,0.22701920497208214,0.0156361897143842,150
mouse_np,division_gate:mCherry-low,5,Training_mean,7,0.2078352830772669,0.17478830310206506,0.2321609338529071,-0.0107006916041372,150
mouse_rbd,division_gate:mCherry-low,2,RNA_centroid,10,0.2006029808475297,0.19016129387912434,0.2191643977138752,0.4740257614761223,1414
mouse_rbd,division_gate:mCherry-low,2,RNA_context_centroid,10,0.21430218203969753,0.21117160056641784,0.24167105931948962,0.46320501570343525,1414
mouse_rbd,division_gate:mCherry-low,2,Threadfin_mean,10,0.2250056165326427,0.21713213062431558,0.2564648828954494,0.40256206571866515,1414
mouse_rbd,division_gate:mCherry-low,2,Threadfin_kernel,10,0.2351333158877027,0.22421061866065706,0.2621046939086249,0.3880491958267157,1414
mouse_rbd,division_gate:mCherry-low,2,BiGCN,10,0.3236549927486974,0.31147287579723276,0.34588000046605577,-0.08721090093767035,1414
mouse_rbd,division_gate:mCherry-low,2,clone2vec,10,0.23670102425767764,0.21935221441747768,0.24812849647756505,0.34804368192384816,1414
mouse_rbd,division_gate:mCherry-low,2,Benisse,10,0.33659069528950103,0.32410009285558594,0.3513525935055368,-0.080452941330828,1414
mouse_rbd,division_gate:mCherry-low,2,Training_mean,10,0.33356632951463205,0.3221941376714998,0.35185875321091425,-0.07046890934131884,1414
mouse_rbd,division_gate:mCherry-low,5,RNA_centroid,10,0.16046696054390114,0.1290671073732882,0.17336867175983323,0.4610789095508116,464
mouse_rbd,division_gate:mCherry-low,5,RNA_context_centroid,10,0.17831908515612144,0.15853525116530234,0.23591026848255706,0.36083425718149187,464
mouse_rbd,division_gate:mCherry-low,5,Threadfin_mean,10,0.18480772386595584,0.16054790182688158,0.23211202138489323,0.2870644329676776,464
mouse_rbd,division_gate:mCherry-low,5,Threadfin_kernel,10,0.1961269448797679,0.16872220874853783,0.2425099712100971,0.1681813641467857,464
mouse_rbd,division_gate:mCherry-low,5,BiGCN,10,0.24443160948768083,0.21187075590588367,0.2699942392184327,-0.2091802633562396,464
mouse_rbd,division_gate:mCherry-low,5,clone2vec,10,0.15001293030434049,0.13829619311689967,0.19339402249102636,0.34129884757818507,464
mouse_rbd,division_gate:mCherry-low,5,Benisse,10,0.2445388109569184,0.21713760302485335,0.2634221784803432,-0.18835110565225477,464
mouse_rbd,division_gate:mCherry-low,5,Training_mean,10,0.244537397560175,0.213361453083092,0.2634383001066851,-0.18832279827525839,464
mouse_rbd,rbd_bait:RBD+,2,RNA_centroid,5,0.1846512776742438,0.1623716519881291,0.1930481772145229,0.1353751583665384,1106
mouse_rbd,rbd_bait:RBD+,2,RNA_context_centroid,5,0.1746247437999469,0.1713506462753184,0.2080919742680872,0.1363024785506826,1106
mouse_rbd,rbd_bait:RBD+,2,Threadfin_mean,5,0.1733367438794235,0.1689167001959051,0.1983170663672678,0.1893068375131147,1106
mouse_rbd,rbd_bait:RBD+,2,Threadfin_kernel,5,0.1755624296662553,0.1738733421971782,0.2171047988179501,0.0836238784311447,1106
mouse_rbd,rbd_bait:RBD+,2,BiGCN,5,0.1991980092641788,0.1963804502504409,0.2175488770846166,-0.0346364182865206,1106
mouse_rbd,rbd_bait:RBD+,2,clone2vec,5,0.18395903098771,0.1838194735506167,0.1992040208603579,0.0230009893530914,1106
mouse_rbd,rbd_bait:RBD+,2,Benisse,5,0.204214044340705,0.1974365544088746,0.2176837106014447,-0.0420660338215201,1106
mouse_rbd,rbd_bait:RBD+,2,Training_mean,5,0.2042221499019129,0.1974257163851585,0.2176917850395918,-0.0421198498916368,1106
mouse_rbd,rbd_bait:RBD+,5,RNA_centroid,5,0.2132599003667629,0.2082003242626942,0.2172089929499511,0.2480448069809201,354
mouse_rbd,rbd_bait:RBD+,5,RNA_context_centroid,5,0.2293294426910795,0.1930776689770821,0.2305750758332787,0.1746469014285768,354
mouse_rbd,rbd_bait:RBD+,5,Threadfin_mean,5,0.2233722198615047,0.185774886937774,0.2278728132645245,0.1852154077375404,354
mouse_rbd,rbd_bait:RBD+,5,Threadfin_kernel,5,0.2504125597898235,0.2149658830952941,0.2525107996840465,-0.0344278696439914,354
mouse_rbd,rbd_bait:RBD+,5,BiGCN,5,0.2582904025084635,0.2466380519073192,0.2657250121759611,-0.0389030090942152,354
mouse_rbd,rbd_bait:RBD+,5,clone2vec,5,0.2472655518443473,0.2406550551162346,0.2484288319211534,0.0247207198780253,354
mouse_rbd,rbd_bait:RBD+,5,Benisse,5,0.2503246346298096,0.2467879660585559,0.2645148432698839,0.0028668065625715,354
mouse_rbd,rbd_bait:RBD+,5,Training_mean,5,0.2589666665338662,0.2467758021304876,0.2657476080351639,-0.0386416476609814,354
mouse_rbd,zone_gate:DZ,2,RNA_centroid,5,0.1811916396655992,0.1726431416295396,0.1961396729171328,0.5140070446796836,308
mouse_rbd,zone_gate:DZ,2,RNA_context_centroid,5,0.1878741271217562,0.1698012557868918,0.2008998222111581,0.4934637216405465,308
mouse_rbd,zone_gate:DZ,2,Threadfin_mean,5,0.2124996457470492,0.2102773061848581,0.2293977838536747,0.3628240227534334,308
mouse_rbd,zone_gate:DZ,2,Threadfin_kernel,5,0.2093294017332719,0.1897715551861494,0.2409768904876043,0.3624678763426969,308
mouse_rbd,zone_gate:DZ,2,BiGCN,5,0.2769270916300662,0.269048613312243,0.2802393978177707,-0.0622273710931255,308
mouse_rbd,zone_gate:DZ,2,clone2vec,5,0.2488961516686741,0.2294603296265832,0.2628057926608282,0.2144331746304912,308
mouse_rbd,zone_gate:DZ,2,Benisse,5,0.274012240844838,0.2649097948003086,0.274087288410949,-0.0377710563986493,308
mouse_rbd,zone_gate:DZ,2,Training_mean,5,0.2766009749304998,0.2689464049110173,0.2800903521309617,-0.0605411322241808,308
mouse_rbd,zone_gate:DZ,5,RNA_centroid,5,0.1609734228000209,0.1493095706430142,0.1766954410706319,0.3392723554975623,110
mouse_rbd,zone_gate:DZ,5,RNA_context_centroid,5,0.1409478746716025,0.1379076308273484,0.150877078892285,0.4966364591533297,110
mouse_rbd,zone_gate:DZ,5,Threadfin_mean,5,0.1582910897705743,0.150196107962766,0.1599941679292612,0.4308091670704986,110
mouse_rbd,zone_gate:DZ,5,Threadfin_kernel,5,0.1616774520746914,0.1505035570423719,0.1676033037891003,0.4396204730027419,110
mouse_rbd,zone_gate:DZ,5,BiGCN,5,0.2291161655934034,0.2171625277020088,0.2391257118274724,-0.0906319729918723,110
mouse_rbd,zone_gate:DZ,5,clone2vec,5,0.2339031959300171,0.1986998484044117,0.2443320079447507,-0.0683385468113519,110
mouse_rbd,zone_gate:DZ,5,Benisse,5,0.229062476111614,0.2188676779766618,0.2449320638811107,-0.2141680213792394,110
mouse_rbd,zone_gate:DZ,5,Training_mean,5,0.2290770119012868,0.2144179406749992,0.2391735547141948,-0.0891456572939335,110
