clone_id,X_gc_reclustering_0,X_gc_reclustering_1,X_gc_reclustering_2,X_gc_reclustering_3,X_gc_reclustering_4,X_gc_reclustering_5,X_gc_reclustering_6,X_gc_reclustering_7,X_gc_reclustering_8,X_gc_reclustering_9,X_gc_reclustering_10,X_gc_reclustering_11,X_gc_reclustering_12,X_gc_reclustering_13,X_gc_reclustering_14,X_gc_reclustering_15,X_gc_reclustering_16,X_gc_reclustering_17,X_gc_reclustering_18,X_gc_reclustering_19,X_gc_reclustering_20,X_gc_reclustering_21,X_gc_reclustering_22,X_gc_reclustering_23,X_gc_reclustering_24,X_gc_reclustering_25,X_gc_reclustering_26,X_gc_reclustering_27,X_gc_reclustering_28,X_gc_reclustering_29,n_cells,clone_cluster,x,y,gate:light zone,gate:Myc+ light zone,gate:dark zone,gate:plasma cell,marker:Aicda,marker:Bcl6,marker:Irf4,marker:Jchain,marker:Mki67,marker:Myc,marker:Mzb1,marker:Prdm1,marker:Rgs13,marker:S1pr2,marker:Sdc1,marker:Stmn1,marker:Top2a,marker:Ube2c,marker:Xbp1,marker:GC identity,marker:Cycling,marker:Plasma cell,dominant_gate,gate_purity
M1|C00001,-1.4528285662333171,-0.8928885161876678,-1.2347443600495656,0.34407304774504155,-0.030999063203732174,1.9612166980902355,0.7660914411147436,0.10143209993839264,-0.9291147602101167,-0.022820810476938885,-0.13168301743765673,-0.05860563491781553,1.6902870188156764,0.09685188562919696,-1.2760222554206848,0.22180055485417446,0.7031775116920471,-1.2453718334436417,1.49074237793684,-0.4576187456647555,0.7339254319667816,-0.14266673444459835,-0.47903861850500107,-1.5485383284588654,0.41660138840476674,-0.4855769785741965,-0.4707719534635544,-0.18520831937591234,-0.3004785478115082,-0.3256113034052153,6,0,11.922938,8.941394,0.5,0.3333333333333333,0.0,0.16666666666666666,0.23092689,0.70537734,0.9388686,1.7432765,0.93178415,1.0893984,0.0,0.0,0.6850405,0.71434146,0.36212876,0.5070327,1.1617984,0.0,1.210559,-0.0870941,-0.06815643,-0.12508744,light zone,0.5
M1|C00002,-4.039703989028931,-1.2214744448661805,-0.6907325029373169,0.3822928249835968,0.5161307454109192,3.5604307651519775,1.0218393102288246,-0.23622925579547882,0.19547932222485542,1.3853326499462129,-0.6239760093390941,-0.06727885454893112,-0.8425165370106698,-0.10011269748210908,0.10022518634796143,0.5466851264238357,0.6491133987903595,-0.24383237361907958,0.7787274926900863,0.2641907762736082,0.10410334169864655,0.2553273350000381,-0.5338437616825104,0.24027085304260254,1.0729861050844192,-0.4157006859779358,-0.5270820303820074,-0.15446544885635377,0.0258370041847229,0.10395714016631245,5,0,11.968045,9.794488,0.0,1.0,0.0,0.0,0.14936595,1.4468768,0.5322177,1.7172539,1.352021,1.5234209,0.0,0.0011784433,0.1354036,1.890255,0.0,0.5629883,1.5970526,0.76538515,1.1598885,0.15686998,0.4643186,-0.25667983,Myc+ light zone,1.0
M1|C00003,0.8802529573440552,-0.9848017245531082,-0.7954412400722504,0.41823884658515453,0.07822826877236366,-1.2601048797369003,0.1861325204372406,1.3317044079303741,0.801919475197792,0.3592435419559479,-1.1163649708032608,-1.5250568836927414,2.4643556624650955,-0.6225131340324879,-2.183804929256439,-1.2138056047260761,-0.44144813902676105,0.2629921305924654,1.1066117212176323,-0.6657388843595982,2.291315421462059,0.3795623406767845,0.45503881573677063,-0.22162160277366638,0.006319249048829079,1.6725282743573189,1.0726239494979382,-0.07690667361021042,0.8903196826577187,2.8562307581305504,4,0,11.519115,7.020923,0.5,0.25,0.0,0.25,0.18301544,0.76262176,0.96283805,1.5558016,1.214584,0.095867604,0.0,0.0,0.24474628,1.6697285,0.40239966,0.64354515,1.7793437,0.267611,1.111656,-0.03347878,0.29799086,-0.1498442,light zone,0.5
M1|C00004,2.81009848912557,-1.1083399256070454,-1.2614057461420696,0.38291268547375995,0.022161622842152912,-0.4238452712694804,-0.4551580746968587,0.2283115784327189,-0.8213891784350077,-0.10063072045644124,-1.5101318359375,0.4361049681901932,2.737156311670939,2.117488980293274,-1.294615597774585,-1.2696333328882854,-0.6670467555522919,-0.3328210512797038,-0.27927162249883014,1.0379816442728043,0.9904750982920328,-0.28223371505737305,-1.4732455015182495,-0.39471832911173504,-1.183755616346995,2.6587881644566855,0.2686789035797119,-1.0345426201820374,-1.2482704122861226,0.12978866696357727,3,0,11.825844,6.6115017,0.6666666666666666,0.0,0.0,0.3333333333333333,0.5061874,1.49725,0.5372063,1.5436083,0.968597,0.0,0.0,0.0,0.0,0.9859515,1.0126877,0.79683703,1.5438929,0.39949313,1.75146,0.12749803,0.31396958,-0.04680119,light zone,0.6666666666666666
M2|C00001,-2.9062005996704103,-1.8290780544281007,-1.218071711063385,-0.1829356223344803,0.12391147017478943,3.027528762817383,0.9813526451587677,-0.4039849579334259,-0.03282379359006882,-1.0428045868873597,0.33884000182151797,1.1833264127373695,0.7986157283186912,0.253806140832603,0.10956500768661499,0.24614784121513367,0.557679083943367,0.08765351176261901,-0.1364604040980339,0.6490797936916352,0.9870337009429931,-0.31154720932245256,-1.1287369012832642,0.25984240174293516,-0.5642599523067474,-0.5451527118682862,0.6381823033094406,-0.0830221176147461,-0.3316304571926594,0.7645105600357056,5,0,11.483167,10.112185,0.0,1.0,0.0,0.0,0.18028149,1.1012931,0.1648073,2.0538146,2.1077266,1.525946,0.0,0.0,0.16800408,2.1543596,0.0,0.7146757,2.1341295,0.9023412,1.5460768,0.14566001,0.87896585,-0.22823751,Myc+ light zone,1.0
M2|C00002,-5.061100006103516,-0.8200036585330963,-0.2463797233067453,-0.5887428820133209,-0.617526650428772,0.45043714841206867,-0.13056376576423645,0.48465631405512494,-0.36347315708796185,0.14990542332331339,0.39287854234377545,-1.1251835028330486,-0.08042386174201965,1.0438975791136424,-0.18113128344217935,0.058844342827796936,-0.025063008069992065,-0.2698897471030553,0.22674594322840372,0.6623713374137878,0.5506823062896729,-0.48146266490221024,0.7188059091567993,-0.10991133252779643,0.09931897123654683,0.213454802831014,-0.3563759724299113,0.599423079440991,0.6266058087348938,-0.1631466249624888,3,0,10.87322,10.263747,0.6666666666666666,0.3333333333333333,0.0,0.0,0.40763775,1.4649001,0.0,1.9923673,1.2343618,0.75641435,0.0,0.0,1.1599435,2.332182,0.0,0.26963648,0.88030934,0.0,1.0564008,0.76115006,-0.15947808,-0.318342,light zone,0.6666666666666666
M3|C00001,6.5697855949401855,-1.0773922353982925,-0.14581373631954192,-0.4189934149384499,0.9608689606189728,3.282113456726074,1.5326861262321472,-0.36360725834965707,-1.4955345064401626,0.8558595061302186,0.05341935306787491,0.5968240022659301,0.20082681328058244,-0.6973564326763153,0.04388754218816757,0.3647566258907318,-0.28672982277348635,0.6981179177761078,0.4586995840072632,-0.8691497534513474,0.16425341367721558,-0.9174180507659913,-0.6802455812692643,-0.21351287961006166,0.26004992723464965,-0.7953714191913605,-1.1859802961349488,-0.3175020694732666,0.9784866534173489,0.2757114887237549,5,0,12.408428,5.3512874,0.0,0.4,0.0,0.6,0.0,0.0,2.3874068,3.017729,1.6495224,1.6775833,0.0,0.004947184,0.0,0.7101083,1.7316202,0.58080834,1.3058951,0.18582208,2.4643545,-0.65924317,0.242363,0.63136256,plasma cell,0.6
M3|C00002,-0.9868521094322205,-1.1315007507801056,-0.3951220251619816,0.08341481443494558,0.008834600448608398,3.3361492976546288,0.8819233775138855,-0.5968410708010197,1.0369029641151428,0.6615820229053497,0.5434715002775192,-0.1768321618437767,-2.822065554559231,0.28321760334074497,-1.4915254935622215,2.525969506241381,-0.7107585705816746,-0.735441654920578,2.715528855100274,-0.8126193229109049,-0.38198114931583405,3.2566156461834908,-2.257921482436359,-1.3626886187121272,1.0718986093997955,0.2340923473238945,1.1372864171862602,-0.9742065072059631,-4.16007573902607,-1.7909700274467468,4,0,12.232613,9.372786,0.0,0.5,0.25,0.25,0.3568449,0.27205268,0.6254313,2.0978844,1.3383316,1.3149035,0.0,0.0,0.0,0.16219361,0.634781,0.72048295,1.918649,0.6083837,0.94420373,-0.49802056,0.5319044,-0.11651767,Myc+ light zone,0.5
M3|C00003,-3.442227323849996,3.7768607139587402,2.090870976448059,0.15993698438008627,0.5306401749451956,-0.6900832255681356,0.9276435772577921,0.46649062633514404,-0.18663082520167032,1.776808778444926,-0.5045537749926249,4.401178697745006,-0.9163062622149786,-1.1840571761131287,0.6421396334966024,0.34179722269376117,-0.24333362778027853,2.209300955136617,0.9910769599179426,1.351430098215739,1.6612416406472523,1.2139172156651814,-1.398159384727478,1.3982893625895183,-2.7581209366520247,-0.4298367152611415,2.0069977839787803,-2.0103598770995936,1.2733915150165558,1.7723986953496933,3,0,9.925052,8.14619,0.0,0.3333333333333333,0.6666666666666666,0.0,0.7174654,1.6728855,0.5069462,2.0236413,2.1496613,0.4831309,0.0,0.124250405,0.78380555,1.4124556,0.0,0.2749274,2.9748008,1.7606467,1.323291,0.6643365,1.2230053,-0.17264539,dark zone,0.6666666666666666
M4|C00001,-4.157964468002319,-0.2634728620760143,-0.7310738069936633,0.7437103986740112,0.9381305873394012,2.187691181898117,0.5244430229067802,0.0467502698302269,-0.04302511364221573,0.7733611855655909,-0.26450177282094955,-0.4205901185050607,-0.16541163623332977,-0.560196777805686,-0.5457310639321804,-0.14862333238124847,-0.40143050253391266,-1.2746882289648056,0.35258682630956173,0.4651679154485464,-1.345977507531643,0.15224933624267578,-0.12818633019924164,-0.09231215203180909,0.9456641152501106,-0.46149735152721405,0.23447324335575104,-0.2889700084924698,0.3223969340324402,-0.7657113745808601,4,0,11.67037,9.685535,0.0,1.0,0.0,0.0,0.6456685,1.263376,0.47051457,0.7808497,1.4541397,0.8415104,0.0,0.0,0.10249531,1.1074044,0.0,0.6706665,1.5519488,0.31065294,0.49225417,0.20300387,0.3382319,-0.4617375,Myc+ light zone,1.0
M5|C00001,-4.527986117771694,-0.6309633765901838,0.41587570522512707,0.11457734847707408,-0.5699625441006252,0.7491710696901593,-0.08989283229623522,0.2773132984127317,-1.1141477514590536,0.1620196614946638,0.31751235468047007,-0.28678950135196957,-0.5583174356392452,-0.6200340560504368,-0.23811244113104685,-0.21187140686171396,1.4175003554139818,-0.19021923627172196,-0.9814339833600181,2.0165882263598696,0.2981371113232204,-1.0083007897649492,-0.08493570451225553,0.9480347761086055,-1.2053110322449356,-0.7538719113383975,1.7148381897381373,1.058090546301433,0.6614334540707725,-0.9132339145456042,7,0,10.57075,10.474862,0.0,0.5714285714285714,0.42857142857142855,0.0,0.39954633,1.6384317,0.11960683,1.2939644,1.5071927,0.6710965,0.0,0.0,0.5346304,1.7822034,0.0,0.63629395,0.72434086,0.3036594,0.4599202,0.46883965,0.16258053,-0.4561691,Myc+ light zone,0.5714285714285714
M5|C00002,-4.553641160329183,-1.045848160982132,-1.6902124087015789,0.29954054951667786,-0.37875044842561084,2.157767097155253,1.1073660453160603,-0.6563925445079803,0.38220517834027606,0.04527954260508219,0.27928800384203595,0.49288547535737354,1.24638036886851,0.39697903394699097,-1.2800099452336628,0.3541215459505717,-0.45392892758051556,0.04858121772607168,0.3533490101496379,0.11592289805412292,0.08769873281319936,0.32966121720770997,0.6648499667644501,-0.8366087675094604,0.08229030172030131,0.5894096071521441,-0.6451906263828278,0.12897194549441338,0.03285358349482218,-0.0909294734398524,3,0,11.851434,10.420186,0.0,0.6666666666666666,0.3333333333333333,0.0,0.07403164,0.31096765,0.5214862,1.2561663,1.1616396,1.3925816,0.0,0.0,0.9232585,1.2866143,0.0,1.236374,1.8847734,0.22514997,0.016180197,-0.08116985,0.55288273,-0.44831738,Myc+ light zone,0.6666666666666666
M5|C00003,-4.032485802968343,-0.3726055423418681,-0.02197463313738505,-0.15831095973650613,1.3671819567680359,2.1831698417663574,2.5031504382689795,0.1650081773598989,-0.09533498684565227,0.8441445827484131,-0.751292402545611,1.0903334220250447,-0.13605157534281412,-0.1907235582669576,-0.29286958773930866,1.2606251239776611,1.067169576883316,-1.3572072784105937,-0.8003159761428833,-1.8366132080554962,-1.3649216890335083,0.3539299915234248,0.5419765810171763,-1.6795332382122676,-0.9804542064666748,0.7402038971583048,0.4441545208295186,0.7252836525440216,0.47250457604726154,-0.4915743445356687,3,0,11.581159,9.626454,0.0,0.6666666666666666,0.3333333333333333,0.0,0.0,0.7756517,0.3453591,1.6094345,1.073687,2.027463,0.0,0.0,0.0,0.019075664,0.0,0.95575553,1.2758769,0.7201898,0.26934603,-0.59111816,0.4878151,-0.4024794,Myc+ light zone,0.6666666666666666
M6|C00001,-0.15442895889282227,-1.312804665416479,-0.747313842177391,0.5418203324079514,-0.38542725145816803,3.391813077032566,1.6806705445051193,0.0357084721326828,-0.02712257206439972,0.4771311432123184,-0.5818162932991982,-0.5221425443887711,0.48366955295205116,0.9338030219078064,0.7033930718898773,0.21101514250040054,-0.13488586992025375,-0.7678710669279099,0.4590694922953844,-0.8320749700069427,0.1947173997759819,-0.23591411113739014,-1.114597376435995,-0.17575225234031677,-0.4709908328950405,0.46511484682559967,-0.1704489290714264,0.13118666037917137,-0.2912100851535797,-0.7250774968415499,4,0,12.344038,8.824874,0.0,0.75,0.0,0.25,0.15906039,0.5687411,0.7621347,2.2080152,1.1012316,1.1012905,0.0,0.38824263,0.5754873,0.49315575,0.71328956,0.23757036,1.3248496,0.0,0.7824865,-0.25534967,-0.11405937,0.009506196,Myc+ light zone,0.75
M6|C00002,2.429123878479004,-0.48180367052555084,-0.6516773104667664,-0.14229325453440347,0.4838332111636798,1.4810403138399124,0.0323499341805776,0.7531000773111979,-1.0846530000368755,0.08733298381169637,-3.0324150721232095,-1.0781755447387695,4.98038712143898,-0.0463102658589681,-0.8478104869524637,-1.4831588864326477,0.6802015900611877,-2.1870997870961824,2.9380380883812904,-0.23080571492513022,-2.0539462032417455,-0.5056925515333811,-2.1843297630548477,-1.3221117854118347,0.9371559421221415,-0.9988023725648721,0.7819772362709045,0.40716780225435895,1.7459206382433574,-0.20566649734973907,3,0,12.127706,7.8865275,0.0,0.6666666666666666,0.0,0.3333333333333333,0.27333757,0.42710474,2.4691188,2.2408526,1.8773336,1.4419619,0.0,0.0,0.0,0.72938514,1.0336417,0.36012566,1.8347483,0.0,1.8702044,-0.37370345,0.22999196,0.36407396,Myc+ light zone,0.6666666666666666
M6|C00003,-4.3588361740112305,-1.5947909752527873,-0.9288096005717913,0.06997313350439072,0.031638264656066895,2.074114908774694,-0.28904033203919727,-0.34275781114896137,0.3319145043690999,0.8559494018554688,0.053671797116597496,-1.0600217779477437,0.1331040859222412,0.6688757687807083,-0.5680214564005533,0.986175924539566,-1.0791390935579936,0.9263887504736582,-0.13801888128121695,0.33699367319544155,-0.6262936592102051,-0.11797292033831279,-0.2778555353482564,-1.21213448792696,-0.4212762713432312,-0.15536250670750937,0.23022766162951788,0.4691676950703065,0.5332431793212891,-0.7922118107477824,3,0,12.065936,10.252659,0.0,1.0,0.0,0.0,0.28709543,1.0881761,0.75195336,1.5263042,0.7740729,1.2880458,0.0,0.0,0.9854796,1.3632056,0.0,0.70010966,1.5772734,0.0,0.0,0.3047712,0.06549784,-0.37957278,Myc+ light zone,1.0
M8|C00001,-1.1325331687927247,-1.340944504737854,-0.5506009444594383,-0.026063382625579834,-0.6505080103874207,-0.5711447119712829,-0.9903840184211731,-0.19057621732354163,-0.2239846929907799,0.03598604798316955,-2.2589280545711516,-2.2957372188568117,0.5306819915771485,2.8064385924488304,-0.3468899965286255,0.3710124329663813,1.196047192811966,-0.6063941925764084,0.830607245862484,-1.996126064658165,4.492054653167725,0.4410708546638489,0.6639166921377182,2.2383150815963746,-1.330896830558777,-0.2423715814948082,-0.4681838870048523,-0.9896203577518463,-0.9287988096475601,-0.10033633708953857,5,0,11.214804,8.047145,0.0,0.2,0.6,0.2,0.5114513,1.4275389,0.0,2.2417583,0.48111454,0.25097314,0.0,0.0,0.0,2.1741862,0.5558213,0.12808046,0.7472962,0.34553543,1.116553,0.3781954,-0.2854665,-0.19026697,dark zone,0.6
M8|C00002,-4.237648804982503,-1.517643392086029,-1.503816306591034,0.24065511922041574,-0.48088263471921283,3.041224161783854,0.6194281876087189,-0.4365335976084073,-0.466922660668691,-0.5948542493085066,0.44745710492134094,-0.5214220384756724,0.5032935366034508,0.6813797056674957,-0.5360074142615,0.8524754693110784,0.2579694887002309,-0.5737603704134623,0.20511233806610107,0.6366029183069865,0.7149642705917358,0.2605327367782593,-0.573293407758077,-1.4345895797014236,-0.5538824871182442,0.33243026336034137,0.49712052941322327,-0.09558190653721492,-0.5388097415367762,0.08397707343101501,3,0,11.448451,10.458451,0.0,1.0,0.0,0.0,0.085022,0.5737621,0.0,1.9712605,1.3915396,1.8644266,0.0,0.0,0.7775354,1.0075976,0.0,1.2722338,1.8560548,0.2939532,1.731769,-0.11167351,0.6462492,-0.24341767,Myc+ light zone,1.0
S1|C00001,1.8658997416496277,0.04110770719125867,0.04602477414300665,-0.12555032052720586,-0.6381740982954701,-0.3139931025604407,-0.8571283111038307,0.10394601927449305,-0.4395022541284561,-0.38392649265006185,0.09805655820916097,1.066784835420549,0.23891771483855942,-0.31184536311775446,-0.49439781283338863,-0.4899879984247188,0.5278818625956774,0.1841039384404818,0.31701733202983934,0.3162385014196237,-0.4261889183738579,-0.41145901250032085,0.4261489440687001,0.34905095770955086,-0.5510429122174779,-0.7138335673759381,0.17078945613078153,-0.31725247266391915,-0.11705176806814659,0.42851064292093116,24,0,11.482406,6.617171,0.4166666666666667,0.0,0.20833333333333334,0.375,0.27674875,0.8047616,0.7254713,2.5985136,0.76344126,0.1968693,0.0,0.4037796,0.24359472,1.161324,0.63228613,0.4922166,1.186097,0.4453074,1.867754,-0.08212363,0.07524119,0.16850902,light zone,0.4166666666666667
S1|C00002,-0.8044474238441104,0.998537091981797,0.15029834494704292,-0.27028160684165503,-0.4915879581655775,-1.5450390187047778,0.23563558466377713,0.2589708265981504,-0.30925912835768293,-0.05096381902694702,-0.027706935292198545,0.21396969968364352,0.41894435935786795,-0.7584550926195723,0.618280244015512,-0.4544653126171657,0.8301636549156337,0.650295425029028,0.18108499777458964,0.15985703965028128,-1.1980842791852497,0.14905126734880642,-0.6639835855790547,0.11407507885070074,-0.09625605458304995,-0.5288127284674418,-0.3729553148150444,-0.6558388867193744,0.2867011222101393,0.4294744004451093,21,0,10.480194,7.353802,0.47619047619047616,0.0,0.2857142857142857,0.23809523809523808,0.49262795,0.94091314,0.836504,2.3698697,0.92349523,0.3317084,0.0,0.2658028,0.7332628,1.3190262,0.40724263,0.5502772,0.85216576,0.5294675,1.3152754,0.2848457,0.105496146,0.023168186,light zone,0.47619047619047616
S1|C00003,4.8360802210294285,0.9714886133487408,0.5500893142217627,0.04446241488823524,-0.3990157740190625,-1.515597561804148,-0.48464036646943826,0.07864732639147685,0.46621249315257257,-0.518589392877542,0.38814466919463414,0.7566682616105447,-0.2561058264512282,-0.06941827902427086,-0.0290729975184569,-0.14119015748684222,-0.6876311399615728,-0.5160646369824042,-0.3041451566476518,0.5690200179815292,0.7039912489171212,0.0653544246004178,0.7835003687785222,-0.489574691424003,-0.8313072713521811,-0.00942599200285398,0.8030302295318017,-0.2146622263468229,-0.010248953619828591,-0.30098804000478524,13,0,11.865965,5.7718906,0.38461538461538464,0.0,0.07692307692307693,0.5384615384615384,0.24428119,0.62108815,1.2856619,2.8007827,0.764919,0.48835924,0.0,0.11562329,0.3908569,1.0328984,1.1060402,0.3263244,0.863541,0.30157834,2.3127515,-0.1324881,-0.12416478,0.3387286,plasma cell,0.5384615384615384
S1|C00004,-0.6135718027750651,1.2912060138252046,0.6329335570335388,0.527840779059463,-0.7885754447844293,-1.499002171887292,-0.9589584486352073,-0.1776970757378472,-0.3865149915218353,1.0213839610417683,-0.7690041098329756,1.3269709654980235,-1.468926538195875,-0.4892302594251103,0.2331493298212687,0.7970886338088248,1.301545724272728,1.916217690333724,1.769537165760994,1.166527033680015,-0.8020271261533102,0.39812518159548443,-0.30506281720267403,0.8571682042545743,-0.4149673978487651,-0.179860334429476,0.7535003754827712,-1.9675034019682143,-0.8289707236819797,-1.107148099742416,9,0,10.552377,7.698175,0.7777777777777778,0.0,0.0,0.2222222222222222,0.25391752,1.1027759,0.3410165,2.310296,1.0119063,0.27919227,0.0,0.23178667,0.24498728,1.8007159,0.22021478,0.6774123,1.2749211,0.35964465,1.0518363,0.13525748,0.1993611,-0.13166004,light zone,0.7777777777777778
S1|C00005,-5.15793498357137,2.465307037035624,0.8343383967876434,-0.23082987777888775,0.12706407283743223,-3.1376887559890747,-0.0376100887854894,0.37595687061548233,-0.3971143662929535,1.297674650947253,-0.9492183551192284,1.8533522263169289,-0.5130979617436727,-1.515416036049525,0.03808977703253428,0.4808258165915807,0.27148764083782834,-0.0975928617020448,1.2073466722892288,0.05849513659874598,0.1345531071225802,-0.4604996715982755,-0.7129107552270094,-0.07468372210860252,0.7511510575811068,-0.026119597256183624,-0.33252697189648944,-1.3858347746233146,1.4166213671366374,-1.4317523539066315,6,0,10.123559,8.467892,0.8333333333333334,0.0,0.16666666666666666,0.0,0.5280275,1.6258129,0.0,2.3049145,0.8560486,0.0,0.0,0.0,0.67291003,2.3710182,0.0,0.55291486,0.7718851,0.22564936,0.4891534,0.71939975,-0.052156687,-0.3440267,light zone,0.8333333333333334
S1|C00006,3.366872692108154,-0.14826374351978303,0.03158986568450928,0.22388765960931778,-0.3938241064548492,-2.2000312566757203,0.3692588210105896,-0.3223029993474483,-0.10782835483551026,-0.020658256113529207,-0.65322425365448,1.156358391046524,-2.142744946479797,0.9873497143387795,-1.4434031277894974,-0.25615576580166816,0.22749472856521608,0.8178293138742447,-0.5778955474495888,-0.8355130076408386,0.009369641542434692,1.4347720086574554,0.8090713262557984,-0.696981918811798,2.6821556389331818,-0.6481379508972168,-0.26588104069232943,-1.1428824365139008,-1.147543753683567,-0.5380059599876403,5,0,11.532328,5.735004,0.4,0.0,0.2,0.4,0.518799,1.2598506,1.0327014,3.0886955,1.0444208,0.0027283395,0.0,0.55841345,0.0,1.4209473,0.5789845,0.20854595,0.53913033,0.25906405,1.6516117,0.16430007,-0.19430868,0.28402168,mixed,0.4
S1|C00007,-2.1358405113220216,26.953793740272523,-11.770196068286896,-3.2832831971347334,-0.4948963761329651,-2.2742501735687255,0.444913187623024,2.1390103578567503,-0.8401711821556092,2.1433969497680665,-0.053573784232139585,1.6542560815811158,0.41275826692581175,-2.520536410808563,2.0570938058197497,1.440292513370514,-0.7410932563245296,-1.5975315928459168,3.364240217208862,-1.936409106105566,0.044408729672431944,1.6103062987327577,1.623624610900879,3.8708707332611083,-1.9017745763063432,-0.8895435333251953,-0.4225682020187378,-0.3623818464577198,-1.09475434422493,2.9314292430877686,5,0,9.95184,7.6476116,0.8,0.0,0.0,0.2,0.29880923,1.1717834,0.6412384,1.9806945,0.44104248,0.44661254,0.0,0.6255865,0.8797237,1.4943569,0.13723941,0.2778352,0.7166928,0.0,1.5779845,0.3290693,-0.3783448,0.0190501,light zone,0.8
S1|C00008,2.9391204118728638,1.3594825211912394,0.7496719807386398,-1.039843574166298,0.6596888639032841,-1.2357058376073837,-1.070439726114273,-0.3489627465605736,-0.43080228567123413,-0.07982528954744339,-0.1785479635000229,0.5382181946188211,-0.24423929303884506,-0.21321650594472885,1.081707552075386,2.073796436190605,0.7937452495098114,-1.4208158194087446,-0.052732691168785095,1.0926586017012596,-2.0605030357837677,-0.02336396463215351,0.4450989067554474,-1.1754591017961502,1.4892697483301163,-0.289153516292572,-1.1590633280575275,0.5909142047166824,0.8343195896595716,1.1682790517807007,4,0,11.337752,6.202454,0.5,0.0,0.0,0.5,0.18939488,1.0308893,0.9126451,2.9767427,0.0738167,0.0,0.0,0.42791575,0.43594617,1.3120831,0.6494554,0.0,0.09009726,0.0,2.6255283,0.03239748,-0.71804345,0.34173566,mixed,0.5
S1|C00009,-0.4396505355834961,-0.3586649224162102,-0.6785345748066902,-0.2837473130784929,-1.3690770268440247,-2.682721436023712,-0.7610949799418449,-0.22039347887039185,-0.7506927698850632,-0.6684389766305685,-1.3848166763782501,0.4839225560426712,0.9235982447862625,0.16037613153457642,-1.4825708270072937,1.802169680595398,-0.012384876608848572,-0.5414193943142891,0.3939208984375,-0.36696866899728775,0.5606486722826958,1.3851127550005913,0.46479765325784683,0.4072304628789425,1.106120856013149,1.0099725686013699,0.30531981959939003,-1.063213060144335,-1.2647259905934334,1.038345918059349,4,0,11.083717,7.409284,0.75,0.0,0.0,0.25,0.33502296,1.4547973,0.2977185,1.9607494,0.8484483,0.10531,0.0,0.15398468,0.047232356,1.2917643,0.7397076,0.649145,1.4032835,0.05801471,1.2141107,0.10141176,0.048905745,-0.09954588,light zone,0.75
S1|C00010,0.34737443923950195,-0.44156148036321,0.20469242334365845,-0.19906546672185263,-0.0990913063287735,-0.6009362836678823,-0.46470288435618085,-0.34192145119110745,0.4184744854768117,-0.6420885920524597,0.8637205163637797,0.8126583596070608,0.5858439604441324,-1.4987830619017284,0.5979058295488358,-0.4619043171405792,0.16985256597399712,0.7669705847899119,0.07757176955540974,0.3848126331965129,-0.09105817973613739,0.19156853357950845,-0.14252696931362152,-0.2705178459485372,-0.004567490269740422,-0.3388376037279765,1.5402708947658539,1.6404653390248616,-0.9203034316500028,0.1732538938522339,3,0,11.962811,7.0957017,0.6666666666666666,0.0,0.0,0.3333333333333333,0.5448664,0.50586945,0.0,2.0470166,0.72734827,0.5069632,0.0,0.0,0.5659981,0.7182405,0.8269016,0.6380826,1.2628597,0.07074792,2.3367815,-0.0030972958,-0.008413255,-0.030953443,light zone,0.6666666666666666
S1|C00011,1.715669870376587,-0.1692123313744863,0.47197484970092773,-0.42316411559780437,-1.2809533675511677,-0.15354077021280924,0.6870029003669819,0.6102038621902466,0.6744148135185242,-0.47469961643218994,-0.42395540947715443,0.08919156591097514,0.6267664829889933,-0.6960370143254598,0.5504059940576553,-0.1506101389726003,0.0035239046749969325,0.35668990512688953,-0.4168178128699462,0.08806509027878444,0.04391549030939738,-0.7875440915425619,-1.346256320675214,1.5185182293256123,-1.3937720557053883,-0.2532753646373749,-0.49456527332464856,0.3454127175112565,-0.26228437821070355,0.34951816995938617,3,0,12.238466,6.642786,0.6666666666666666,0.0,0.0,0.3333333333333333,0.40047744,0.90085894,1.3562156,2.7137058,0.66783524,0.0,0.0,0.0,0.6397266,1.3339223,0.858958,0.25328773,0.9010041,0.5356398,1.3906428,0.19142151,-0.07476425,0.16439448,light zone,0.6666666666666666
S1|C00012,0.47096848487854004,0.8124556516607603,1.0486756165822346,0.1519654244184494,-0.8263151024778684,-0.1887241800626119,-0.2943006952603658,0.23000535120566687,-1.097288688023885,-0.05292302370071411,0.08166137586037318,1.5058240716656048,-0.35060449441274005,1.0420644879341125,0.029045015573501587,0.379536942889293,1.3547451098759968,-0.15847180287043253,0.008142918348312378,1.5059191187222798,1.7075901093582313,-0.25928454597791034,0.4464164674282074,1.9324310620625813,-0.2762673695882161,-0.47122399012247723,-0.03173683087031046,0.6194418470064799,-0.20282780130704245,-0.8916303416093191,3,0,11.460666,7.605118,0.6666666666666666,0.0,0.0,0.3333333333333333,0.62886816,1.0565655,0.0039227353,2.0426705,0.82690746,0.0,0.0,0.0,0.48179898,0.78852576,0.0067295316,0.57804716,0.8756638,0.0,1.200641,0.1914231,-0.120374955,-0.2937095,light zone,0.6666666666666666
S2|C00001,-4.865782575947898,2.45659999070423,2.3969127578394755,-0.09485577898366111,9.564226405961174,-3.0961029870169505,-0.911311285836356,1.9880700984171458,-6.684064856597355,-1.4779562570287712,-1.2335057514054435,0.3774867169559002,-1.3777810794833516,-0.7930254925574575,-0.21272082839693343,-0.6052989257233483,0.22146643485341752,-0.4509175419807434,-0.16775185774479592,-0.1798197009733745,0.6640137348856244,0.09740361890622548,-0.7575725146702358,0.18823952919670514,0.6782468685082027,0.42871603795460295,0.41734785014497383,-0.21062790203307355,-0.004288362605231149,1.7753797748259135,7,0,10.199671,8.911183,0.8571428571428571,0.0,0.0,0.14285714285714285,0.5716828,1.1506609,0.11762095,0.8956623,0.81494033,0.23448811,0.0,0.0011104356,0.38085395,1.5913566,0.00806729,0.13388799,0.86357373,0.0,0.24921176,0.33194926,-0.32310984,-0.52943194,light zone,0.8571428571428571
S2|C00002,-4.129382848739624,13.937093988060951,11.98574911057949,21.255278512835503,-4.116623878479004,2.716721534729004,-3.168849602341652,-1.1316689080558717,-0.7603799477219582,-1.8297312557697296,-0.000979926437139511,-2.0523196309804916,0.16474563255906105,-0.7926219180226326,-1.4202549457550049,-0.3085229443386197,-0.6405667364597321,0.280159667134285,0.9237309545278549,-0.7770522832870483,-0.2572217881679535,0.3271038830280304,0.016296282410621643,0.4078512415289879,0.19517754018306732,1.063249884173274,-1.5255200862884521,-0.6568219214677811,-1.0060194432735443,-1.1214248314499855,4,0,10.394461,8.057885,1.0,0.0,0.0,0.0,0.7654841,1.0509269,0.10033041,0.91959596,1.3087119,0.30039737,0.0,0.0,0.41848406,1.7457509,0.0,0.4383899,1.293751,0.10033041,0.3367837,0.4628018,0.05989687,-0.5206611,light zone,1.0
S2|C00003,1.7835424741109211,1.085488537947337,-0.03325481836994489,0.31038835148016614,-1.3322309851646423,0.42110197991132736,-0.2923052404075861,-0.17060073216756186,-0.3664247350146373,0.8799507667620977,-0.003005822499593099,0.7848167419433594,0.030936772624651592,-1.1100653409957886,-0.41621070603529614,0.25374410549799603,1.3346309786041577,0.4500041405359904,1.9454605380694072,1.0751293897628784,0.16071377197901407,-0.9644190222024918,-0.5586815476417542,0.4168197388450305,1.0197850863138835,0.9349091798067093,0.09798019441465537,-0.515460213025411,-1.3198622465133667,0.18496070305506387,3,0,11.179353,7.170246,0.6666666666666666,0.0,0.0,0.3333333333333333,0.28281248,1.313552,1.258722,2.6127698,0.5952763,0.5541275,0.0,0.0076759644,0.46316338,1.4869165,0.8331823,0.49019977,0.76924247,0.17290246,1.7500868,0.21665442,-0.16458178,0.1752557,light zone,0.6666666666666666
S3|C00001,5.4828995201322765,-1.0854820650484827,-0.2526635680244201,-0.06507509884734948,-0.5966617245641019,-0.05985655594203207,-0.6932123282717334,-0.7542808005042995,-0.3884935394032962,0.08225325743357341,0.1078313100669119,-0.8833852211634318,-0.8113071786032783,-0.2789426114824083,0.012983297308286032,-0.5994121871060796,0.4194104831872715,1.052707193626298,-0.3468439645237393,-0.20899605502684912,0.9409807837671704,-0.9971326411598258,0.31098830699920654,0.23795900975043574,-0.7951168517271677,-0.18912412722905478,-0.9574686222606235,-0.1078089630852143,0.5813503502286039,0.13675617509418064,9,0,12.060946,5.208271,0.3333333333333333,0.0,0.1111111111111111,0.5555555555555556,0.20911132,0.38665968,1.4723065,2.8507967,0.6918597,0.0011286394,0.0,0.18301776,0.0,0.75318265,1.2033613,0.13806397,0.5166066,0.082576446,2.1398883,-0.4171227,-0.3875524,0.38715887,plasma cell,0.5555555555555556
S3|C00002,2.6453787088394165,-1.101614996790886,-0.2511504013091326,0.36824581027030945,-1.0424085147678852,-0.7608208539895713,0.03571869619190693,-0.6320103220641613,-0.4737182502867654,-1.5013885516673326,0.7825492755509913,0.16115956986323,-1.1118731847964227,-0.5612240298651159,0.29040316957980394,-0.10353861097246408,0.05498104332946241,-0.18592293094843626,-0.27282031811773777,-1.5061883088201284,-0.32982169557362795,0.08550556446425617,-1.2187979072332382,0.5073144324123859,-0.8364802980795503,0.023553451406769454,-1.134843546897173,0.4588858876377344,-1.4151707626879215,-0.17692201118916273,8,0,11.984916,6.158996,0.625,0.0,0.0,0.375,0.3230353,1.1814802,0.58704156,2.444141,1.4748245,0.5750085,0.0,0.69945025,0.0,1.0362033,0.2987216,0.52616745,1.2664354,0.39826012,1.3077304,-0.058133036,0.25666332,0.08235796,light zone,0.625
S3|C00003,6.238022327423096,-0.6752241373062133,-0.04634580612182617,-0.4561194837093353,-0.25958400666713716,0.6940240561962128,-0.3359839141368866,-0.9280695199966431,-1.116981613636017,0.017705762386322023,0.2052086651325226,0.7565340042114258,-1.447181499004364,-0.4379997968673706,1.5318768262863158,-1.14494531750679,0.3962806612253189,1.2087601184844972,-1.1691923499107362,0.13507695198059083,-0.0682064265012741,-0.47874902188777924,0.8031776070594787,1.7081768751144408,1.2504571616649627,0.04856770485639572,-0.4447594493627548,2.949020677804947,1.1101379953324795,-0.3981510251760483,5,0,12.23769,5.557719,0.2,0.0,0.0,0.8,0.0,0.0,1.4074751,3.014583,0.35435805,0.4083038,0.0,0.6118427,0.0,0.47423,1.2765903,0.28428367,0.5720506,0.38940603,2.9457035,-0.7123995,-0.26400954,0.6084439,plasma cell,0.8
S3|C00004,6.175260925292969,-0.5464675106108189,-0.050843247771263124,0.051543453335762025,-0.8388482108712196,0.2566811293363571,-0.05622179508209228,0.026244485378265382,0.42297678589820864,0.33458977937698364,-0.6017302751541138,-0.8719944939017296,0.44918416626751423,-0.3174949407577515,-1.9992460668087007,0.8530994325876236,0.1837570533156395,-0.3717019364237785,0.6184038758277893,-1.3299132704734802,0.7011879563331604,0.16252193450927735,0.7902584254741669,-0.9067607820034027,-0.6584824085235595,0.48657016903162004,-0.6852341413497924,-1.8076668560504914,0.1145999051630497,-1.2114393174648286,5,0,11.704389,5.339604,0.4,0.0,0.0,0.6,0.08467178,0.35632545,1.6661812,2.6820807,1.1463265,0.37476748,0.0,1.2322867,0.28945577,0.63329375,1.5112276,0.36966163,1.6674582,0.3952677,2.2612128,-0.42583904,0.19007334,0.7206332,plasma cell,0.6
S3|C00005,12.95848789215088,-0.6116604685783387,0.7500914121046662,-0.46982378121465446,0.2270151913166046,-1.1538953274488448,-0.45554704070091245,-0.5373285412788391,-0.9367574334144593,-0.10605736672878266,-0.9727207481861114,-0.6493880540132523,3.0778653621673584,0.9371605575084686,-0.9853933095932007,0.3454443350434303,0.18982747197151184,-0.9461992263793946,0.7343196749687195,3.0895717322826384,-3.4863812923431396,0.5073268413543701,3.7770693033933638,1.9095086336135865,1.3382067203521728,1.255933952331543,1.4453971982002258,3.142116165161133,-2.1305108785629274,-0.833236300945282,5,0,12.030536,5.282502,0.0,0.0,0.0,1.0,0.0,0.0,1.7403187,3.9815857,0.9193824,0.0,0.0,1.4150614,0.0,0.011613304,1.7465286,0.0,0.0,0.0,3.9282272,-0.8166524,-0.5352399,1.1713864,plasma cell,1.0
S3|C00006,5.0707093477249146,-1.0613494962453842,-0.9590211641043425,-0.2590374145656824,-0.9536274038255215,-1.0680854842066765,-0.5143374502658844,-0.5654310882091522,-0.4340995103120804,-0.43152568489313126,0.8240275281568756,-2.110246181488037,0.786237757652998,0.2855041064321995,-0.6426705420017242,-0.6688153594732285,0.011148041114211082,0.2276169338147156,-0.870648518204689,-1.004729077219963,-0.9303991124033928,-1.2360818088054657,0.350969884544611,-2.286703146994114,-0.6152623128145933,1.7077465690672398,-0.9872066304087639,0.3109963797032833,-0.9476962648332119,-0.5457154884934425,4,0,11.547194,5.0729933,0.5,0.0,0.0,0.5,0.0,1.0712166,0.650274,3.0808449,0.0,0.0,0.0,0.7268778,0.87300473,0.66090596,1.2383615,0.0,0.0,0.0,2.3606517,-0.06272441,-0.75413644,0.45214912,mixed,0.5
S3|C00007,0.6267790794372559,-1.225297103325526,0.26626776655515033,0.4019510746002197,-1.3897279898325603,-2.4049100478490195,-2.439249595006307,0.1535912056763967,-0.9858165780703226,-0.8909209966659546,0.2947920312484105,-1.4476705988248189,0.46526263157526654,0.952563097079595,-0.3073906803814073,0.5786732137203217,0.8745975842078527,-1.4336197177569072,0.8384199639161428,0.08102727433045705,-0.9741490855813026,1.7050893902778625,2.222120384375254,0.4965006907780965,-0.16795713702837625,-1.2152086272835732,-0.294076402982076,-0.36308245578159887,0.18254092149436474,0.30206523338953656,3,0,10.731191,6.62564,0.6666666666666666,0.0,0.0,0.3333333333333333,0.4940281,0.85569745,0.29345092,1.8750926,0.7747722,0.0,0.0,0.0,0.0,1.6961136,0.0,0.39351818,0.42609048,0.0,1.1671652,0.095359266,-0.30720106,-0.2739868,light zone,0.6666666666666666
S3|C00008,0.9823436737060547,0.05131925642490387,-0.040416876475016274,0.7088355297843615,-0.9679096788167953,-3.248244285583496,-1.598080317179362,-0.9113511840502421,0.48504279057184857,0.20600714286168417,0.40864606698354083,-1.3763620257377625,-0.32805466651916504,1.5312820275624592,-0.24148913224538168,-0.12324962268273036,-1.1741239031155903,-0.5797562996546427,-1.0885340770085652,-2.3045380115509033,0.9991385539372762,-1.3756773422161739,0.41060972213745117,-0.4547661195198695,-0.28032835324605304,0.8407142957051595,-0.7970717350641886,-0.803889254728953,-1.3920163909594219,-0.3907158076763153,3,0,10.827752,6.1975627,0.6666666666666666,0.0,0.0,0.3333333333333333,0.26978993,0.96783113,0.98948866,1.9528402,0.7640517,0.0,0.0,0.32321754,0.1321444,0.76812345,0.9427445,0.4243351,0.7716499,0.27809408,1.8588196,-0.16579385,-0.10945833,0.15777902,light zone,0.6666666666666666
S4|C00001,-2.407430362701416,-0.5787754923105239,-0.6873473435640335,0.2615676999092102,-0.3280228301882744,-1.0986786603927612,-0.4725691705942154,-0.5321991443634033,0.36909951865673063,-0.8216082990169525,-0.551349812746048,0.12232296466827393,-0.334193617105484,-0.2628561794757843,-0.18856948465108872,0.4959621623158455,0.35574873685836794,-0.4974883317947388,0.10274926461279392,0.01951003074645996,-0.6751888155937195,-0.016546669229865075,0.2580627426505089,0.6796667873859406,-0.051101090759038924,-0.5549050629138946,-0.5721817910671234,0.24040840864181517,0.316977733373642,-0.16481785401701926,5,0,10.848958,8.597212,0.8,0.0,0.0,0.2,0.3126501,0.6657092,0.0,2.291497,0.69530344,0.0,0.0,0.40892562,1.5321566,1.4384127,0.5019338,0.6281525,1.5326298,0.32376653,0.76954776,0.4014538,0.14014447,-0.13101761,light zone,0.8
S4|C00002,-4.903133964538574,-1.4803254663944245,-0.4679180979728699,0.630667370557785,-0.36629603505134584,0.8612598061561585,0.34342252016067504,-0.658873750269413,-0.4961591839790344,-0.2517725586891174,0.22118660807609558,-0.12258653044700622,0.006135979294776916,0.9385498911142349,-0.05897842142730951,0.0011677145957946777,0.6218849003314972,-0.3722575634717941,0.05228687524795532,-0.5583228692412376,-0.36574536822736264,0.05264182835817337,0.755984166264534,0.473494815826416,-0.41811087131500246,0.43278233110904696,0.7139294505119324,-0.22977091334760189,-0.07846761494874954,0.07166161090135574,5,0,10.93152,9.88354,0.8,0.0,0.2,0.0,0.32701468,0.7379979,0.2788624,1.13352,0.70716345,1.0126911,0.0,0.0,0.002323751,1.8634894,0.0,0.43149462,0.6517688,0.23457393,0.9058773,0.0034049272,-0.16254719,-0.39999786,light zone,0.8
S4|C00003,-3.001931309700012,-1.161047875881195,-0.712317444384098,-0.015500216744840145,-0.5797288343310356,-1.0340863019227982,-0.7788124792277813,-0.4722194951027632,-0.6225637849420309,-0.5554295778274536,0.20250723510980606,0.18532365560531616,-0.30114341899752617,0.46483951807022095,0.8345789313316345,0.3437647521495819,-0.8358701914548874,-0.09950311481952667,-0.8430234305560589,-0.7315160511061549,-0.7533170133829117,-0.826169234700501,0.3731514774262905,0.4447866380214691,-0.2688061222434044,0.9796284176409245,-0.6135722994804382,0.09437597543001175,-0.9181023426353931,-0.7265376821160316,4,0,10.819296,9.141284,0.75,0.0,0.0,0.25,0.12007682,1.3523095,0.768786,2.6437159,0.6115291,0.0,0.0,0.5026698,0.43112272,1.1556425,0.0899292,0.0,0.036014322,0.0,1.8815651,0.048203826,-0.60113484,0.11972672,light zone,0.75
S4|C00004,-4.946467757225037,-1.7480283081531525,-0.855203703045845,0.14049412310123444,-0.6289724260568619,1.2792812585830688,0.06049264222383499,-0.15915830805897713,-0.47193338349461555,-1.1547662243247032,0.07478311180602759,0.17073388397693634,0.7040031868964434,0.5870287865400314,0.5253402441740036,-0.17510350234806538,-0.07142912223935127,-0.03205318748950958,-0.4852033108472824,-0.2483743317425251,0.44404639303684235,-0.3797521120868623,-0.16869255900382996,-0.07464613020420074,-0.9794220253825188,-0.04471889138221741,0.36948352539911866,1.1537237763404846,-0.7627196982502937,-1.1182851046323776,4,0,10.685224,10.073444,0.5,0.0,0.5,0.0,0.58121514,0.9837493,0.19624496,2.3110685,1.0645149,0.32657132,0.0,0.0,1.2561493,1.811837,0.0,0.9818422,1.5462546,0.5113121,0.877756,0.6382102,0.46598715,-0.26754376,mixed,0.5
S4|C00005,-5.019239604473114,-1.241387203335762,0.006138421595096588,0.2459733816795051,-0.9284689128398895,-1.4297422021627426,-1.218171440064907,-0.059833720326423645,-0.1970575824379921,-1.2114230245351791,-0.30826348811388016,0.18264392390847206,0.31886595021933317,0.7307454496622086,0.5681793778203428,-0.25387381576001644,1.1368879973888397,-0.060756875202059746,-0.5219097211956978,0.45834483206272125,0.1956263892352581,-0.07583343237638474,0.6492060124874115,0.6943562403321266,-1.0903186895884573,0.19731065817177296,-0.47903314232826233,0.3244015499949455,-0.6841530278325081,-0.06539064645767212,4,0,10.377391,9.677273,0.25,0.0,0.75,0.0,1.3095243,1.3371172,0.0,2.2070923,0.83438486,0.0,0.0,0.4523071,0.0,1.7755101,0.0,0.60844886,1.018025,0.0,1.0883651,0.7233797,-0.07582324,-0.17524838,dark zone,0.75
S4|C00006,-5.1900960604349775,-1.2351203362147014,-0.6814755300680796,-0.30387236674626666,-0.5001009106636047,-0.6027299165725708,-0.8061379541953405,0.33037447432676953,-0.4104134837786357,-1.3998492360115051,0.06293913225332896,-0.9237635334332784,-0.23561382293701172,0.3469242254892985,0.2289134661356608,0.046360284090042114,0.31463857491811115,-0.2556874603033066,-0.8133499870697657,1.4353141486644745,-0.9184160232543945,-0.29250221451123554,2.4027210076649985,1.6783060630162556,-0.8625227237741152,0.15597240130106607,0.209986125662302,-0.3027073269089063,-0.015015482902526855,1.3467065592606862,3,0,10.527893,9.51883,0.6666666666666666,0.0,0.3333333333333333,0.0,0.6817455,1.458047,0.82771903,2.2615683,0.0,0.0,0.0,0.0,1.5000125,2.157867,0.0,0.31611264,0.0,0.0,0.0,0.99452734,-0.6136443,-0.2746944,light zone,0.6666666666666666
S4|C00007,1.6797629992167156,-0.3006776173909505,-0.4698610504468282,-0.462518314520518,-0.5705515841643015,2.127301653226217,-0.06161601344744364,0.45941706498463947,-0.009652654329935709,0.057878692944844566,-0.8429148693879446,-0.08671631415685017,-0.9156755805015564,0.9643158540129662,2.952713966369629,-1.134087820847829,0.3136468082666397,-1.8734182914098103,-1.3871269226074219,0.5586890081564585,-0.37365392843882245,0.8752110525965691,-0.4409943123658498,0.6246368487675985,0.16243281960487366,-0.3426628112792969,0.3837530066569646,0.5166234771410624,0.45422114928563434,-1.2507303804159164,3,0,12.537764,7.20188,0.6666666666666666,0.0,0.0,0.3333333333333333,0.005909691,0.7084794,0.94406223,2.8399267,1.4248371,0.75567675,0.0,0.72150177,0.15083261,1.4016857,0.9616783,0.27717516,1.6962038,0.35650054,1.2741108,-0.24394627,0.2050764,0.2974173,light zone,0.6666666666666666
S4|C00008,0.9671080907185873,-1.7202274898688,-0.7454057137171427,0.49000459909439087,-0.6941824952761332,-1.2271831532319386,-0.40980710585912067,-0.05717184146245321,-0.06654098133246104,-0.641913096110026,-0.873344898223877,-1.0809040466944377,1.043018142382304,0.09459615250428517,-0.1363921066125234,1.3709920048713684,-0.26040248076121014,0.031459627052148185,0.04091175397237142,0.9210866640011469,-0.28829429546991986,-0.6057162284851074,0.36923466933270294,-2.149237811565399,-0.8964913270125786,-0.5629547039667765,-1.202607532342275,-1.4624285697937012,0.035291542609532676,-0.9774616360664368,3,0,10.981838,6.7239413,0.6666666666666666,0.0,0.0,0.3333333333333333,0.5118713,1.3892212,0.0,2.0142872,0.0,0.0,0.0,0.0,0.0,0.6652034,0.727099,0.32686445,0.31090084,0.0,1.5334831,0.027322927,-0.54496574,-0.14347541,light zone,0.6666666666666666
