community,gene,score,logfoldchange,pval_adj
0,JCHAIN,33.925804,6.805983,1.1756992737344157e-112
0,MZB1,33.20422,5.5149336,1.5973282820514785e-107
0,TXNDC5,31.708378,5.2576666,4.7453562416543705e-101
0,LMAN1,31.58959,4.8307753,3.9488046260510594e-106
0,PPIB,31.07487,4.586569,2.204159510751137e-97
0,SDF2L1,30.626179,4.7248554,4.189631554241751e-101
0,FKBP11,29.745583,4.808206,2.292811601441567e-99
0,MYDGF,29.27038,4.4131126,1.4957757165382244e-97
0,ITM2C,28.69061,4.478783,7.119347778942338e-95
0,CD38,28.1528,4.969852,1.189534346193447e-84
0,SEC11C,26.565853,4.367812,2.952523201710687e-85
0,HSP90B1,25.596611,4.4398994,4.1025373689178506e-79
0,SEC61B,25.55164,3.8565938,2.8721220934443158e-77
0,RPN1,25.35646,3.8847601,2.763277839163714e-81
0,SPCS1,24.985487,3.713361,3.71277922794692e-79
1,HLA-DRA,13.072602,4.440166,4.3358784200008543e-19
1,AB_CD52,12.423442,2.9417126,3.735098353389758e-18
1,CD74,11.775293,3.494947,2.136583462579771e-16
1,AB_LAIR1,10.437221,2.7858434,5.3419129743609976e-14
1,AB_CD20,10.340544,4.157062,1.3327270955429808e-13
1,BTG1,9.872461,3.6196523,1.010684250045315e-12
1,HLA-DPA1,9.760549,3.2310588,6.867757336678132e-13
1,AB_Igkappa,9.711065,2.3469243,3.129874448109067e-13
1,AB_CR1,9.6655655,3.18852,6.768584259671537e-13
1,MS4A1,9.659539,5.879019,2.9441985932942503e-11
1,AB_CD82,9.578938,2.4169796,1.4249893066313868e-12
1,AB_CD40LG,9.45284,1.5226715,2.125567445397841e-12
1,AB_CD19,9.443198,3.457181,7.64493531547495e-12
1,HLA-DRB1,9.303748,3.7222955,1.5495563791183544e-11
1,AB_TNFRSF17,9.2687435,1.4521165,3.3746684974675273e-12
