label,programme,n_clones_programme,median_in_programme,median_elsewhere,rank_effect,pvalue,fdr,note,how,strata,programmes,level,n_clones_level,observed,expected,frac_in_programme,frac_elsewhere,odds_ratio,ci_low,ci_high
cell_state:GC,P1,395,0.0,0.0,-0.12255409365841503,0.0004997501249375312,0.0007496251874062968,fraction of the clone's cells in a germinal centre,fraction:GC,donor,core,,,,,,,,,
cell_state:GC,P2,380,0.0,0.0,0.13487935991998995,0.0004997501249375312,0.0007496251874062968,fraction of the clone's cells in a germinal centre,fraction:GC,donor,core,,,,,,,,,
cell_state:GC,P3,26,0.0,0.0,-0.09548387096774195,0.20189905047476261,0.20189905047476261,fraction of the clone's cells in a germinal centre,fraction:GC,donor,core,,,,,,,,,
cell_state:PB,P1,395,0.0,1.0,-0.7579410114111119,0.0004997501249375312,0.0004997501249375312,fraction of the clone's cells that are plasmablasts,fraction:PB,donor,core,,,,,,,,,
cell_state:PB,P2,380,1.0,0.0,0.8260970121265158,0.0004997501249375312,0.0004997501249375312,fraction of the clone's cells that are plasmablasts,fraction:PB,donor,core,,,,,,,,,
cell_state:PB,P3,26,0.0,0.5,-0.5264516129032258,0.0004997501249375312,0.0004997501249375312,fraction of the clone's cells that are plasmablasts,fraction:PB,donor,core,,,,,,,,,
cell_state:Memory,P1,395,0.0,0.0,0.16387728378125577,0.0004997501249375312,0.0007496251874062968,fraction of the clone's cells that are memory cells,fraction:Memory,donor,core,,,,,,,,,
cell_state:Memory,P2,380,0.0,0.0,-0.15225028128516063,0.0004997501249375312,0.0007496251874062968,fraction of the clone's cells that are memory cells,fraction:Memory,donor,core,,,,,,,,,
cell_state:Memory,P3,26,0.0,0.0,-0.09548387096774195,0.25237381309345325,0.25237381309345325,fraction of the clone's cells that are memory cells,fraction:Memory,donor,core,,,,,,,,,
mutation_frequency,P1,395,0.0,0.0,-0.09833510008106257,0.0014992503748125937,0.0022488755622188904,V-region mutation frequency,mean,donor,core,,,,,,,,,
mutation_frequency,P2,380,0.0,0.0,0.11060132516564572,0.0014992503748125937,0.0022488755622188904,V-region mutation frequency,mean,donor,core,,,,,,,,,
mutation_frequency,P3,26,0.0,0.0,-0.09548387096774195,0.21189405297351324,0.21189405297351324,V-region mutation frequency,mean,donor,core,,,,,,,,,
isotype,P1,282,,,,1.0,1.0,heavy-chain isotype,majority,donor,core,IGHA,2.0,1.0,1.241304347826087,0.0035460992907801418,0.002702702702702703,0.3105590062111801,0.003477350163497308,27.735744691836103
isotype,P1,282,,,,0.0004997501249375312,0.0008567144998929107,heavy-chain isotype,majority,donor,core,IGHD,35.0,34.0,20.793128235862792,0.12056737588652482,0.002702702702702703,278.34430704688145,5.002944436280762,15485.991150244457
isotype,P1,282,,,,0.0004997501249375312,0.0008567144998929107,heavy-chain isotype,majority,donor,core,IGHG,335.0,44.0,65.7327178209492,0.15602836879432624,0.7864864864864864,0.2285716345124403,0.13701087390688166,0.3813200413508528
isotype,P1,282,,,,0.02348825587206397,0.03523238380809596,heavy-chain isotype,majority,donor,core,IGHM,280.0,203.0,194.23284959536193,0.7198581560283688,0.20810810810810812,1.7587388349299096,1.0827825824886672,2.856679022654107
isotype,P2,344,,,,1.0,1.0,heavy-chain isotype,majority,donor,core,IGHA,2.0,1.0,0.6717391304347826,0.0029069767441860465,0.003246753246753247,16.099999999999998,0.004663766904509164,55579.53587890133
isotype,P2,344,,,,0.0004997501249375312,0.0008567144998929107,heavy-chain isotype,majority,donor,core,IGHD,35.0,1.0,12.4250845201074,0.0029069767441860465,0.11038961038961038,0.008266964252479745,0.0004244291327914373,0.1610226364582785
isotype,P2,344,,,,0.0004997501249375312,0.0008567144998929107,heavy-chain isotype,majority,donor,core,IGHG,335.0,291.0,262.6449402186285,0.8459302325581395,0.14285714285714285,6.24446552424965,3.7418134266725422,10.420976472420701
isotype,P2,344,,,,0.0004997501249375312,0.0008567144998929107,heavy-chain isotype,majority,donor,core,IGHM,280.0,51.0,68.25823613082932,0.14825581395348839,0.7435064935064936,0.3351820712068319,0.20601208666602297,0.5453418907436893
isotype,P3,26,,,,1.0,1.0,heavy-chain isotype,majority,donor,core,IGHA,2.0,0.0,0.08695652173913043,0.0,0.003194888178913738,0.0,,
isotype,P3,26,,,,0.24537731134432783,0.3271697484591038,heavy-chain isotype,majority,donor,core,IGHD,35.0,0.0,1.7817872440298068,0.0,0.05591054313099041,0.0,,
isotype,P3,26,,,,0.0004997501249375312,0.0008567144998929107,heavy-chain isotype,majority,donor,core,IGHG,335.0,0.0,6.622341960422284,0.0,0.5351437699680511,0.0,,
isotype,P3,26,,,,0.0004997501249375312,0.0008567144998929107,heavy-chain isotype,majority,donor,core,IGHM,280.0,26.0,17.508914273808777,1.0,0.4057507987220447,inf,,
