clone_id,x,y
D10_Hashtag1|C00001,4.0787888,-0.2026142
D10_Hashtag1|C00002,9.758833,3.1567292
D10_Hashtag1|C00003,10.868366,2.8960881
D10_Hashtag1|C00004,10.577541,2.3969533
D10_Hashtag1|C00005,10.122468,3.7876637
D10_Hashtag1|C00006,10.861096,5.1207633
D10_Hashtag1|C00007,10.51736,3.5404296
D10_Hashtag1|C00008,10.336372,4.1090217
D10_Hashtag1|C00009,9.917727,4.328598
D10_Hashtag1|C00010,10.939647,3.172181
D10_Hashtag1|C00011,10.542476,4.852174
D10_Hashtag1|C00012,3.930102,-0.2839546
D10_Hashtag1|C00013,11.0354595,3.1100738
D10_Hashtag1|C00014,10.896198,3.8605704
D10_Hashtag1|C00015,4.0713215,0.21771969
D10_Hashtag1|C00016,10.22309,4.4628043
D10_Hashtag1|C00017,10.978812,3.7008574
D10_Hashtag1|C00018,3.9280019,1.9002151
D10_Hashtag1|C00019,11.0857935,5.4849963
D10_Hashtag1|C00020,10.814343,4.1385217
D10_Hashtag1|C00021,10.102903,2.8709583
D10_Hashtag1|C00022,10.045686,3.602256
D10_Hashtag1|C00023,10.759296,3.218969
D10_Hashtag1|C00024,10.967116,3.8115432
D10_Hashtag1|C00025,10.934805,5.228258
D10_Hashtag1|C00026,9.559781,2.8485918
D10_Hashtag1|C00027,10.804804,5.505551
D10_Hashtag1|C00028,9.787761,2.6735125
D10_Hashtag1|C00029,10.505558,3.9106505
D10_Hashtag1|C00030,7.47027,6.079854
D10_Hashtag1|C00031,11.083139,4.952095
D10_Hashtag1|C00032,10.301748,4.1557426
D10_Hashtag1|C00033,6.273447,2.612058
D10_Hashtag1|C00034,10.888158,5.7048974
D10_Hashtag1|C00035,10.203875,4.6917067
D10_Hashtag1|C00036,10.534023,3.6005611
D10_Hashtag1|C00037,9.781438,2.949992
D10_Hashtag1|C00038,10.156413,2.9742475
D10_Hashtag1|C00039,4.108355,1.6714082
D10_Hashtag1|C00040,10.413565,3.542068
D10_Hashtag1|C00041,10.766458,3.0354748
D10_Hashtag1|C00042,10.944285,2.8204784
D10_Hashtag1|C00043,3.6434507,9.972947
D10_Hashtag1|C00044,10.6179085,3.360259
D10_Hashtag1|C00045,10.643858,5.2112417
D10_Hashtag1|C00046,10.743263,3.4086747
D10_Hashtag1|C00047,11.113502,4.5099025
D10_Hashtag1|C00048,10.913678,3.6611042
D10_Hashtag1|C00049,10.723168,4.4523787
D10_Hashtag1|C00050,11.176369,5.745761
D10_Hashtag1|C00051,10.236227,3.6744442
D10_Hashtag1|C00052,9.68226,2.9024477
D10_Hashtag1|C00053,4.337571,4.0809917
D10_Hashtag1|C00054,11.157032,3.410828
D10_Hashtag1|C00055,10.005486,2.7728577
D10_Hashtag1|C00056,9.876647,4.080816
D10_Hashtag2|C00001,11.820195,3.5894346
D10_Hashtag2|C00002,4.174537,-0.2878962
D10_Hashtag2|C00003,11.132158,5.555823
D10_Hashtag2|C00004,11.076538,3.7179434
D10_Hashtag2|C00005,11.045066,4.216508
D10_Hashtag2|C00006,11.214151,5.613964
D10_Hashtag2|C00007,3.9577875,-0.014396898
D10_Hashtag2|C00008,4.1332464,-0.22154617
D10_Hashtag2|C00009,10.796024,3.8046274
D10_Hashtag2|C00010,7.148004,5.737896
D10_Hashtag2|C00011,7.7918506,5.999728
D10_Hashtag2|C00012,10.7528,3.4758065
D10_Hashtag2|C00013,4.1545973,-0.20441681
D10_Hashtag2|C00014,11.608008,3.2952015
D10_Hashtag2|C00015,10.825689,3.0671952
D10_Hashtag3|C00001,4.1596813,-0.39077502
D10_Hashtag3|C00002,10.025529,4.0104494
D10_Hashtag3|C00003,12.049789,3.7035306
D10_Hashtag3|C00004,11.855019,3.7656913
D10_Hashtag3|C00005,10.408263,4.57136
D10_Hashtag3|C00006,3.8090017,5.340493
D10_Hashtag3|C00007,11.226957,5.588749
D10_Hashtag3|C00008,11.616324,5.4920435
D10_Hashtag3|C00009,10.459362,3.4734657
D10_Hashtag3|C00010,10.341312,2.3708103
D10_Hashtag3|C00011,8.852779,3.7200243
D10_Hashtag3|C00012,10.204422,2.8698947
D10_Hashtag3|C00013,10.291339,3.4377217
D10_Hashtag3|C00014,11.076794,5.743383
D10_Hashtag3|C00015,4.102683,-0.11388116
D10_Hashtag3|C00016,4.241615,-0.09988371
D10_Hashtag3|C00017,11.021927,5.6251974
D10_Hashtag3|C00018,8.342733,3.5454137
D10_Hashtag3|C00019,10.363393,3.806196
D10_Hashtag3|C00020,7.089927,5.8074408
D10_Hashtag4|C00001,7.6526704,3.0724218
D10_Hashtag4|C00002,6.3768826,4.435961
D10_Hashtag4|C00003,7.0563107,3.2620866
D10_Hashtag4|C00004,6.7557755,3.1599786
D10_Hashtag4|C00005,7.5117006,3.0065312
D10_Hashtag4|C00006,7.028184,2.8852632
D10_Hashtag4|C00007,7.29312,3.6236625
D10_Hashtag4|C00008,7.8899665,2.4267805
D10_Hashtag4|C00009,6.950773,3.2818696
D10_Hashtag4|C00010,6.219604,3.5682466
D10_Hashtag4|C00011,7.7536817,3.5591173
D10_Hashtag4|C00012,3.9722362,0.6676054
D10_Hashtag4|C00013,5.906245,5.3505955
D10_Hashtag4|C00014,7.5230656,3.1009777
D10_Hashtag4|C00015,7.6403494,2.8059645
D10_Hashtag4|C00016,7.6570244,2.7812328
D10_Hashtag4|C00017,8.01061,3.1051683
D10_Hashtag4|C00018,7.835161,3.1706426
D10_Hashtag4|C00019,7.9110203,2.8267844
D10_Hashtag4|C00020,7.964535,3.0603714
D10_Hashtag4|C00021,6.7619905,2.957049
D10_Hashtag4|C00022,7.2678695,3.0582063
D10_Hashtag4|C00023,7.6877766,3.639598
D10_Hashtag4|C00024,7.1897974,3.7158206
D10_Hashtag4|C00025,7.3701715,3.299278
D10_Hashtag4|C00026,3.8411648,0.62547946
D10_Hashtag4|C00027,6.817465,3.667945
D10_Hashtag4|C00028,7.2208433,3.1996105
D10_Hashtag4|C00029,6.2747426,3.4150665
D10_Hashtag4|C00030,7.5151677,3.276469
D10_Hashtag4|C00031,7.7456985,2.4319453
D10_Hashtag4|C00032,7.3414836,2.7163289
D10_Hashtag5|C00001,4.0109053,0.5551283
D10_Hashtag5|C00002,3.9123886,0.65746194
D10_Hashtag5|C00003,6.9228563,3.614659
D10_Hashtag5|C00004,7.451846,2.9612606
D10_Hashtag5|C00005,7.539506,2.9143867
D10_Hashtag5|C00006,6.2322936,3.2759748
D10_Hashtag5|C00007,7.920065,2.473878
D10_Hashtag5|C00008,6.5931168,3.4845288
D10_Hashtag5|C00009,6.639677,3.4080865
D10_Hashtag5|C00010,7.4352508,3.4106202
D10_Hashtag5|C00011,7.1759295,2.690361
D10_Hashtag5|C00012,7.062199,3.7830734
D10_Hashtag5|C00013,6.5167117,2.739632
D10_Hashtag5|C00014,7.893422,2.5691938
D10_Hashtag5|C00015,7.0964856,3.0693932
D10_Hashtag5|C00016,5.870355,3.1510692
D10_Hashtag5|C00017,6.1876287,4.7858224
D10_Hashtag5|C00018,8.252913,2.4938998
D10_Hashtag5|C00019,4.4058175,3.9287746
D10_Hashtag5|C00020,7.2169924,3.5982432
D10_Hashtag5|C00021,8.091181,2.276093
D10_Hashtag5|C00022,7.6433387,2.7412708
D10_Hashtag5|C00023,6.630827,2.9372919
D10_Hashtag5|C00024,4.0877175,2.398918
D10_Hashtag5|C00025,7.8776813,2.971632
D10_Hashtag5|C00026,5.864019,5.7036943
D10_Hashtag5|C00027,6.664833,3.4874434
D10_Hashtag5|C00028,5.076375,6.1099644
D10_Hashtag5|C00029,7.059014,3.3959725
D10_Hashtag5|C00030,7.3235016,2.5926092
D10_Hashtag5|C00031,7.240661,2.7897365
D10_Hashtag5|C00032,7.426217,2.5842679
D10_Hashtag5|C00033,8.112704,2.582658
D10_Hashtag5|C00034,6.1594095,5.3554406
D10_Hashtag5|C00035,8.02366,2.708707
D10_Hashtag5|C00036,4.317043,4.7538443
D10_Hashtag5|C00037,7.5410914,3.1391819
D10_Hashtag5|C00038,3.776608,0.88774174
D10_Hashtag5|C00039,7.528044,3.661607
D10_Hashtag6|C00001,3.897574,0.17075725
D10_Hashtag6|C00002,9.935941,3.1649935
D10_Hashtag6|C00003,10.86934,4.255938
D10_Hashtag6|C00004,4.049912,1.5456967
D10_Hashtag6|C00005,5.4072127,3.49716
D10_Hashtag6|C00006,9.866025,4.2897773
D10_Hashtag6|C00007,10.935356,5.916789
D10_Hashtag6|C00008,7.612674,3.4516742
D10_Hashtag6|C00009,3.107364,9.86192
D10_Hashtag6|C00010,3.9097388,-0.09941573
D10_Hashtag6|C00011,10.085602,3.155123
D10_Hashtag6|C00012,9.362257,3.2609346
D10_Hashtag6|C00013,10.053657,4.229965
D10_Hashtag6|C00014,7.3382964,2.8870544
D10_Hashtag6|C00015,7.0514717,4.197936
D10_Hashtag6|C00016,9.724014,3.088736
D10_Hashtag6|C00017,10.272245,2.9341652
D10_Hashtag6|C00018,6.652965,5.979504
D10_Hashtag6|C00019,7.8898287,3.8674154
D10_Hashtag6|C00020,7.649511,3.6788988
D10_Hashtag6|C00021,10.97867,5.877771
D10_Hashtag6|C00022,10.631348,4.691314
D10_Hashtag6|C00023,10.641053,5.328048
D10_Hashtag6|C00024,10.817958,5.488103
D10_Hashtag7|C00001,14.599817,5.3546667
D14_Hashtag1|C00001,5.806284,-1.106914
D14_Hashtag1|C00002,5.6118045,1.4359046
D14_Hashtag1|C00003,6.8270326,-0.52230173
D14_Hashtag1|C00004,6.0242205,-0.9039761
D14_Hashtag1|C00005,5.6544056,-0.51039463
D14_Hashtag1|C00006,4.874333,8.899567
D14_Hashtag1|C00007,6.0551233,-0.024569526
D14_Hashtag1|C00008,3.646775,8.906892
D14_Hashtag1|C00009,2.3530555,10.176929
D14_Hashtag1|C00010,5.6995735,-0.57961243
D14_Hashtag1|C00011,7.8494706,6.8613267
D14_Hashtag1|C00012,14.553327,4.426103
D14_Hashtag2|C00001,6.1690407,-0.902459
D14_Hashtag2|C00002,6.8991675,-0.3314306
D14_Hashtag2|C00003,4.865496,7.566311
D14_Hashtag2|C00004,3.427333,9.6989765
D14_Hashtag2|C00005,1.3208119,8.524039
D14_Hashtag2|C00006,2.3275976,6.670133
D14_Hashtag2|C00007,3.4609342,2.3685987
D14_Hashtag2|C00008,1.694048,7.66817
D14_Hashtag2|C00009,4.810216,8.600414
D14_Hashtag2|C00010,3.621495,9.492065
D14_Hashtag2|C00011,1.1049459,8.216796
D14_Hashtag2|C00012,3.8301673,2.9173458
D14_Hashtag2|C00013,3.4018807,4.779216
D14_Hashtag2|C00014,3.5137198,11.4290695
D14_Hashtag2|C00015,2.2939038,6.412518
D14_Hashtag2|C00016,2.326309,6.355142
D14_Hashtag2|C00017,4.012894,2.9319215
D14_Hashtag2|C00018,4.4073095,8.1926
D14_Hashtag2|C00019,2.675012,6.709555
D14_Hashtag2|C00020,3.1831198,8.72365
D14_Hashtag2|C00021,5.3799934,1.7530285
D14_Hashtag2|C00022,7.08116,6.3596964
D14_Hashtag2|C00023,4.589191,6.125554
D14_Hashtag2|C00024,6.417967,6.5860353
D14_Hashtag2|C00025,1.7574533,5.6735606
D14_Hashtag2|C00026,2.547963,9.994933
D14_Hashtag3|C00001,6.353265,-0.77669644
D14_Hashtag3|C00002,5.847353,0.5046224
D14_Hashtag3|C00003,3.893807,5.05386
D14_Hashtag3|C00004,3.6845386,4.485949
D14_Hashtag3|C00005,5.46507,-0.035176504
D14_Hashtag3|C00006,3.8472135,8.602626
D14_Hashtag3|C00007,3.470214,10.988974
D14_Hashtag3|C00008,3.6622307,2.6658812
D14_Hashtag3|C00009,5.8748903,-0.7273312
D14_Hashtag3|C00010,14.197713,5.0128427
D14_Hashtag3|C00011,4.817105,3.3780146
D14_Hashtag3|C00012,4.7471194,1.9379984
D14_Hashtag3|C00013,3.1174119,11.023121
D14_Hashtag3|C00014,8.971712,3.9312866
D14_Hashtag4|C00001,4.9159036,-0.477907
D14_Hashtag4|C00002,9.023464,6.238089
D14_Hashtag4|C00003,14.101206,4.2229753
D14_Hashtag4|C00004,8.346936,6.47158
D14_Hashtag4|C00005,13.335645,4.0380797
D14_Hashtag4|C00006,14.258961,4.514066
D14_Hashtag4|C00007,13.158852,4.0123987
D14_Hashtag4|C00008,5.131487,-0.51849747
D14_Hashtag4|C00009,8.159147,6.4124107
D14_Hashtag4|C00010,4.8279767,0.4438203
D14_Hashtag4|C00011,4.2600794,6.024564
D14_Hashtag4|C00012,8.398942,6.8006663
D14_Hashtag4|C00013,5.4552917,5.3605046
D14_Hashtag4|C00014,7.046055,5.4565434
D14_Hashtag4|C00015,13.409189,4.3385324
D14_Hashtag4|C00016,6.749809,5.901153
D14_Hashtag4|C00017,4.5603905,6.9285574
D14_Hashtag4|C00018,12.63795,4.473898
D14_Hashtag4|C00019,13.787204,3.8682811
D14_Hashtag4|C00020,11.016129,2.4730916
D14_Hashtag4|C00021,5.3857207,5.6566725
D14_Hashtag4|C00022,13.314113,4.1350245
D14_Hashtag4|C00023,13.751643,3.7763174
D14_Hashtag4|C00024,13.669606,4.4567847
D14_Hashtag4|C00025,3.5951362,7.972422
D14_Hashtag4|C00026,11.742131,4.4424467
D14_Hashtag4|C00027,13.540592,4.7497883
D14_Hashtag4|C00028,13.447051,4.299874
D14_Hashtag4|C00029,12.916167,3.412967
D14_Hashtag4|C00030,12.849998,4.3109975
D14_Hashtag4|C00031,13.677696,3.9814608
D14_Hashtag4|C00032,4.671058,-0.24014291
D14_Hashtag4|C00033,2.3823152,6.061161
D14_Hashtag4|C00034,2.7370653,6.1840696
D14_Hashtag4|C00035,14.104488,4.5541677
D14_Hashtag4|C00036,13.596408,3.7444246
D14_Hashtag4|C00037,13.054515,4.991754
D14_Hashtag4|C00038,3.602348,10.383579
D14_Hashtag4|C00039,4.7831087,6.5819683
D14_Hashtag4|C00040,13.331719,3.9692025
D14_Hashtag4|C00041,11.65894,4.681011
D14_Hashtag4|C00042,8.564037,3.5248365
D14_Hashtag4|C00043,13.941065,4.5549345
D14_Hashtag4|C00044,8.617015,6.57567
D14_Hashtag4|C00045,5.0153794,-0.2037455
D14_Hashtag4|C00046,4.742826,0.10753961
D14_Hashtag4|C00047,4.3501315,6.3358483
D14_Hashtag4|C00048,12.277059,5.0032563
D14_Hashtag4|C00049,6.5245156,5.545289
D14_Hashtag5|C00001,10.455395,2.9281287
D14_Hashtag5|C00002,12.303441,4.030213
D14_Hashtag5|C00003,4.5242496,-0.31976107
D14_Hashtag5|C00004,10.2989,5.093853
D14_Hashtag5|C00005,12.4285965,3.8144982
D14_Hashtag5|C00006,12.065362,3.7291813
D14_Hashtag5|C00007,12.55474,3.9007914
D14_Hashtag5|C00008,12.281987,3.6359441
D14_Hashtag5|C00009,11.608852,4.048066
D14_Hashtag5|C00010,11.2128105,3.4054222
D14_Hashtag5|C00011,10.323591,4.3902283
D14_Hashtag5|C00012,12.541469,4.2518497
D14_Hashtag5|C00013,3.2376573,8.002712
D14_Hashtag5|C00014,10.550959,4.845691
D14_Hashtag5|C00015,11.281737,3.0055652
D14_Hashtag5|C00016,11.112537,3.4451637
D14_Hashtag5|C00017,9.078264,5.552609
D14_Hashtag5|C00018,10.74257,4.8851333
D14_Hashtag5|C00019,11.243944,4.088433
D14_Hashtag5|C00020,11.613609,3.2427921
D14_Hashtag5|C00021,12.055023,3.2605457
D14_Hashtag5|C00022,11.724347,3.3964503
D14_Hashtag5|C00023,11.922222,3.732727
D14_Hashtag5|C00024,4.316692,4.325073
D14_Hashtag5|C00025,8.178292,5.6245613
D14_Hashtag5|C00026,9.25339,3.2511983
D14_Hashtag5|C00027,11.875026,3.7142193
D14_Hashtag5|C00028,11.977956,3.9216492
D14_Hashtag5|C00029,12.806671,4.5707803
D14_Hashtag5|C00030,8.641705,5.8695736
D14_Hashtag5|C00031,10.290725,5.183484
D14_Hashtag5|C00032,4.0534167,0.15556665
D14_Hashtag5|C00033,4.205365,-0.34916872
D14_Hashtag5|C00034,7.0659547,5.1839275
D14_Hashtag5|C00035,12.030585,3.8986604
D14_Hashtag5|C00036,11.732806,5.414108
D14_Hashtag5|C00037,9.189904,3.7415843
D14_Hashtag5|C00038,12.223941,4.5094895
D14_Hashtag5|C00039,11.070207,2.687605
D14_Hashtag5|C00040,11.36869,3.7570338
D14_Hashtag5|C00041,8.824633,5.092358
D14_Hashtag5|C00042,7.8337054,6.2295847
D14_Hashtag5|C00043,6.5636697,3.6088593
D14_Hashtag5|C00044,3.1149817,8.312167
D14_Hashtag5|C00045,4.062178,1.8563145
D14_Hashtag5|C00046,3.78627,7.6577897
D14_Hashtag5|C00047,11.836123,4.2503
D14_Hashtag5|C00048,11.470953,4.282841
D14_Hashtag5|C00049,8.447103,6.2384286
D14_Hashtag5|C00050,12.689967,3.4062858
D14_Hashtag5|C00051,10.210659,3.4252768
D14_Hashtag5|C00052,11.702677,4.833964
D14_Hashtag5|C00053,10.535428,2.944172
D14_Hashtag5|C00054,11.849433,3.98033
D14_Hashtag5|C00055,11.619286,2.8817291
D14_Hashtag5|C00056,7.5920343,5.798364
D14_Hashtag5|C00057,12.065588,4.2181463
D14_Hashtag5|C00058,7.837459,6.0939975
D14_Hashtag5|C00059,11.521576,3.773475
D14_Hashtag5|C00060,10.557418,2.6129458
D14_Hashtag5|C00061,11.800215,3.0039504
D14_Hashtag5|C00062,12.537869,3.4473403
D14_Hashtag5|C00063,6.117281,4.166512
D14_Hashtag5|C00064,9.963953,2.4948757
D14_Hashtag5|C00065,12.483797,3.6299777
D14_Hashtag5|C00066,12.1496,4.438057
D14_Hashtag5|C00067,11.929329,5.0538154
D14_Hashtag5|C00068,8.555861,3.63147
D14_Hashtag5|C00069,6.5887094,5.5814047
D14_Hashtag5|C00070,12.207267,4.990736
D14_Hashtag5|C00071,11.011992,4.504391
D14_Hashtag5|C00072,11.5718775,5.6386685
D14_Hashtag5|C00073,11.966019,4.3255134
D14_Hashtag5|C00074,10.644194,2.4424562
D14_Hashtag5|C00075,11.239161,4.016916
D14_Hashtag5|C00076,7.5045447,5.7621694
D14_Hashtag5|C00077,6.0191503,4.864269
D14_Hashtag5|C00078,10.804826,4.44775
D14_Hashtag5|C00079,10.641172,2.8475525
D14_Hashtag5|C00080,6.163807,4.1136346
D14_Hashtag5|C00081,9.427926,4.009382
D14_Hashtag5|C00082,2.622608,9.130491
D14_Hashtag5|C00083,12.23241,4.32735
D14_Hashtag5|C00084,5.85939,4.6255784
D14_Hashtag5|C00085,6.5045714,5.6559377
D14_Hashtag5|C00086,4.1879773,6.76384
D14_Hashtag5|C00087,11.180739,4.2569766
D14_Hashtag5|C00088,10.16835,2.9910188
D14_Hashtag5|C00089,5.4993176,3.150294
D14_Hashtag5|C00090,11.688743,4.568576
D14_Hashtag5|C00091,10.766197,4.605294
D14_Hashtag5|C00092,5.916176,3.7888186
D14_Hashtag5|C00093,3.9265707,10.638517
D14_Hashtag5|C00094,11.41246,2.9568343
D14_Hashtag5|C00095,8.20902,6.0732417
D14_Hashtag5|C00096,5.9835978,4.2531276
D14_Hashtag5|C00097,10.586645,4.2442813
D14_Hashtag5|C00098,10.874286,4.230598
D14_Hashtag5|C00099,11.808998,5.653101
D14_Hashtag5|C00100,4.120197,1.676009
D14_Hashtag5|C00101,9.282424,3.895338
D14_Hashtag5|C00102,5.199006,5.5920033
D14_Hashtag5|C00103,12.585508,3.1820655
D14_Hashtag5|C00104,3.3801959,8.277537
D14_Hashtag5|C00105,10.281308,4.5697513
D14_Hashtag5|C00106,4.1862187,5.5747237
D14_Hashtag5|C00107,7.6402583,6.1402345
D14_Hashtag5|C00108,6.7953258,4.9687333
D14_Hashtag5|C00109,9.326216,4.3413944
D14_Hashtag5|C00110,8.07141,6.123281
D14_Hashtag5|C00111,11.805253,5.3050904
D14_Hashtag5|C00112,11.400009,5.116637
D14_Hashtag5|C00113,6.986356,5.447604
D14_Hashtag5|C00114,6.5899024,5.2103715
D14_Hashtag5|C00115,10.137768,4.303158
D14_Hashtag5|C00116,11.518158,5.324837
D14_Hashtag5|C00117,10.870053,4.734118
D14_Hashtag5|C00118,12.311534,4.9028587
D14_Hashtag6|C00001,13.914827,4.375262
D14_Hashtag6|C00002,4.8595834,-0.3472046
D14_Hashtag6|C00003,13.898812,4.1891174
D14_Hashtag6|C00004,13.888155,3.9437778
D14_Hashtag6|C00005,5.093347,-0.15536804
D14_Hashtag6|C00006,14.323676,4.654707
D14_Hashtag6|C00007,8.502588,6.278727
D14_Hashtag6|C00008,13.382222,4.161503
D14_Hashtag6|C00009,14.210204,3.9454403
D14_Hashtag6|C00010,14.494622,4.6188817
D14_Hashtag6|C00011,8.03312,4.867531
D14_Hashtag6|C00012,8.79836,6.6470976
D14_Hashtag6|C00013,13.394558,4.1962166
D14_Hashtag6|C00014,11.893354,5.2166066
D14_Hashtag6|C00015,13.31594,5.010825
D14_Hashtag6|C00016,12.910678,3.8315113
D14_Hashtag6|C00017,9.389975,3.452611
D14_Hashtag6|C00018,11.704262,2.7739317
D14_Hashtag6|C00019,8.993366,6.60514
D14_Hashtag6|C00020,4.7599607,-0.17179467
D14_Hashtag6|C00021,8.487373,6.398635
D14_Hashtag6|C00022,13.914642,4.1966677
D14_Hashtag6|C00023,8.212402,6.3934655
D14_Hashtag6|C00024,9.5826,5.558146
D14_Hashtag6|C00025,13.353138,4.878574
D14_Hashtag6|C00026,7.087934,6.1503367
D14_Hashtag6|C00027,13.383695,4.1459045
D14_Hashtag6|C00028,12.0943365,2.9195666
D14_Hashtag6|C00029,3.827259,10.60412
D14_Hashtag6|C00030,13.310863,3.7795084
D14_Hashtag6|C00031,6.569098,3.9805062
D14_Hashtag6|C00032,1.3264475,5.9406886
D14_Hashtag6|C00033,4.5122275,6.2841606
D14_Hashtag6|C00034,8.333128,6.6561112
D14_Hashtag6|C00035,7.160378,4.5688634
D14_Hashtag6|C00036,4.761687,6.8549542
D14_Hashtag6|C00037,6.540545,6.025393
D14_Hashtag6|C00038,6.63956,5.5962667
D14_Hashtag6|C00039,11.41486,4.6616745
D14_Hashtag6|C00040,3.6148794,8.075653
D14_Hashtag6|C00041,6.8892035,4.3706193
D14_Hashtag6|C00042,3.3069766,9.940016
D14_Hashtag6|C00043,13.755699,4.8327694
D14_Hashtag6|C00044,8.191529,6.974649
D14_Hashtag6|C00045,14.165702,4.4045258
D14_Hashtag6|C00046,8.824192,4.3504553
D14_Hashtag6|C00047,14.240305,4.2645106
D14_Hashtag6|C00048,14.101138,3.97303
D14_Hashtag6|C00049,7.3478284,5.972905
D14_Hashtag6|C00050,14.345944,4.293306
D14_Hashtag6|C00051,14.210767,4.361344
D14_Hashtag6|C00052,8.534734,6.4184227
D14_Hashtag6|C00053,11.29995,2.6282706
D14_Hashtag6|C00054,13.288547,4.597932
D14_Hashtag6|C00055,6.4617863,4.632945
D14_Hashtag6|C00056,13.706073,4.621127
D14_Hashtag6|C00057,12.075168,4.2074885
D14_Hashtag6|C00058,10.915646,2.343625
D14_Hashtag6|C00059,8.04702,6.2799797
D14_Hashtag6|C00060,6.8774133,4.603129
D14_Hashtag6|C00061,2.7605739,9.06754
D14_Hashtag6|C00062,13.344455,5.0447106
D14_Hashtag6|C00063,3.6227906,7.98696
D14_Hashtag6|C00064,4.7803955,1.7361084
D14_Hashtag6|C00065,7.734945,4.415417
D14_Hashtag6|C00066,5.656438,-0.52941513
D14_Hashtag6|C00067,12.784906,3.3666317
D14_Hashtag6|C00068,13.992541,4.639777
D14_Hashtag6|C00069,8.354002,6.1900277
D14_Hashtag6|C00070,6.6266794,5.5896306
D14_Hashtag6|C00071,8.174111,6.3899426
D14_Hashtag6|C00072,6.869888,5.5478168
D14_Hashtag6|C00073,12.463825,4.1692243
D14_Hashtag6|C00074,6.4118943,5.441365
D14_Hashtag6|C00075,3.2036958,10.116973
D14_Hashtag6|C00076,4.2261844,6.4202223
D14_Hashtag6|C00077,4.1736836,3.401631
D14_Hashtag6|C00078,3.4330869,10.785722
D14_Hashtag6|C00079,14.427363,4.4205503
D14_Hashtag6|C00080,4.4437075,3.5848796
D14_Hashtag6|C00081,6.900653,6.1645947
D14_Hashtag6|C00082,5.3294973,4.9226255
D14_Hashtag6|C00083,7.5212965,5.5352807
D14_Hashtag6|C00084,3.628819,7.8797393
D14_Hashtag6|C00085,8.375006,6.6797876
D14_Hashtag6|C00086,3.0973468,8.922298
D14_Hashtag6|C00087,1.6788893,8.957195
D14_Hashtag6|C00088,13.960718,4.987887
D14_Hashtag6|C00089,3.767127,4.295744
D14_Hashtag6|C00090,4.026631,5.5253687
D14_Hashtag6|C00091,11.20377,4.5553336
D14_Hashtag6|C00092,2.5392702,8.893815
D14_Hashtag6|C00093,5.613447,-0.7014084
D14_Hashtag6|C00094,13.270868,4.815139
D14_Hashtag6|C00095,5.211963,5.0986795
D14_Hashtag6|C00096,12.054077,4.5793843
D14_Hashtag6|C00097,2.0176525,9.356826
D14_Hashtag6|C00098,11.152588,2.4703586
D14_Hashtag6|C00099,14.202375,4.0227685
D14_Hashtag6|C00100,2.2020175,9.371379
D14_Hashtag6|C00101,8.419385,6.3777657
D14_Hashtag6|C00102,13.702561,4.857051
D14_Hashtag6|C00103,10.796597,2.6236522
D14_Hashtag6|C00104,11.304003,3.9521847
D14_Hashtag6|C00105,7.3487678,6.3800144
D14_Hashtag6|C00106,2.435924,9.155182
D14_Hashtag6|C00107,6.8285375,6.028884
D14_Hashtag6|C00108,13.704331,4.3651032
D14_Hashtag6|C00109,8.05305,6.661518
D14_Hashtag6|C00110,13.450404,4.880625
D14_Hashtag6|C00111,6.8103585,4.3605814
D21_Hashtag1|C00001,0.99061024,5.6379743
D21_Hashtag1|C00002,6.003806,0.15914562
D21_Hashtag1|C00003,2.1881976,6.684367
D21_Hashtag1|C00004,3.6840644,2.2069793
D21_Hashtag2|C00001,6.737881,-1.270839
D21_Hashtag2|C00002,3.3037233,5.0318913
D21_Hashtag2|C00003,4.6422305,2.3078284
D21_Hashtag2|C00004,4.682727,2.7451305
D21_Hashtag2|C00005,4.293509,3.2106733
D21_Hashtag3|C00001,6.709775,-1.1114341
D21_Hashtag3|C00002,4.1821785,5.8145204
D21_Hashtag3|C00003,5.1741705,3.6692395
D21_Hashtag3|C00004,1.4686025,9.126952
D21_Hashtag3|C00005,4.207299,9.006449
D21_Hashtag3|C00006,5.114176,2.0535607
D21_Hashtag3|C00007,3.368748,2.31526
D21_Hashtag3|C00008,3.6493144,4.9928102
D21_Hashtag4|C00001,0.9954587,9.047525
D21_Hashtag4|C00002,5.5992017,4.0803986
D21_Hashtag4|C00003,4.4743776,9.974957
D21_Hashtag4|C00004,3.856517,8.898426
D21_Hashtag4|C00005,4.749635,9.32825
D21_Hashtag4|C00006,7.0339007,6.9410887
D21_Hashtag4|C00007,1.7278863,5.75252
D21_Hashtag4|C00008,3.1968505,2.5406313
D21_Hashtag4|C00009,5.105386,7.2046714
D21_Hashtag4|C00010,0.8537948,6.182239
D21_Hashtag4|C00011,7.1537538,7.4528475
D21_Hashtag4|C00012,6.973981,7.246809
D21_Hashtag4|C00013,3.142741,10.531771
D21_Hashtag4|C00014,0.77053195,6.9738708
D21_Hashtag4|C00015,4.2695327,9.760348
D21_Hashtag4|C00016,4.780637,3.145922
D21_Hashtag4|C00017,0.95661783,6.2970357
D21_Hashtag4|C00018,3.9594347,11.221188
D21_Hashtag4|C00019,5.231386,1.6898501
D21_Hashtag4|C00020,3.7328432,9.374045
D21_Hashtag4|C00021,6.7332172,7.449539
D21_Hashtag4|C00022,6.769754,7.3654265
D21_Hashtag5|C00001,2.311506,9.47908
D21_Hashtag5|C00002,2.2309744,8.187761
D21_Hashtag5|C00003,0.6400765,7.8965635
D21_Hashtag5|C00004,3.5585625,2.9457977
D21_Hashtag5|C00005,3.2950845,2.8237152
D21_Hashtag5|C00006,5.681835,4.6141043
D21_Hashtag5|C00007,1.329353,5.2180214
D21_Hashtag5|C00008,2.7105346,10.28621
D21_Hashtag5|C00009,3.0694141,2.6315064
D21_Hashtag5|C00010,2.4103801,7.706417
D21_Hashtag5|C00011,2.8294978,10.251918
D21_Hashtag5|C00012,0.721958,5.7290134
D21_Hashtag5|C00013,4.534,10.184238
D21_Hashtag5|C00014,0.69988877,5.552814
D21_Hashtag6|C00001,8.6974125,7.5858603
D21_Hashtag6|C00002,8.872661,7.2437234
D21_Hashtag6|C00003,5.349051,8.302764
D21_Hashtag6|C00004,6.6301837,7.2862434
D21_Hashtag6|C00005,7.3640084,7.2700624
D21_Hashtag6|C00006,6.217543,0.536046
D21_Hashtag6|C00007,6.7919292,7.252688
D21_Hashtag6|C00008,5.6569643,4.3743463
D21_Hashtag6|C00009,3.504063,4.8104315
D21_Hashtag6|C00010,7.542289,4.997695
D21_Hashtag6|C00011,4.0814714,9.402583
D21_Hashtag6|C00012,3.6222098,2.4682817
D21_Hashtag6|C00013,5.1973543,6.848629
D21_Hashtag6|C00014,3.6523366,11.68618
D21_Hashtag6|C00015,1.2104346,5.172855
D21_Hashtag6|C00016,4.8078494,4.447483
D21_Hashtag6|C00017,6.763228,7.139123
D21_Hashtag6|C00018,7.3066072,5.3108945
D21_Hashtag6|C00019,1.3134792,5.302005
D21_Hashtag6|C00020,3.7329235,2.969295
D21_Hashtag6|C00021,14.409258,5.52429
D21_Hashtag6|C00022,4.622308,11.6140785
D21_Hashtag6|C00023,7.789354,5.0368853
D21_Hashtag6|C00024,4.770598,11.645193
D21_Hashtag6|C00025,6.5408564,-0.86147064
D21_Hashtag6|C00026,4.099551,9.677761
D21_Hashtag6|C00027,8.298518,7.621645
D21_Hashtag6|C00028,3.7744074,2.155362
D21_Hashtag6|C00029,4.1620297,5.161176
D21_Hashtag6|C00030,0.54778546,5.805159
D21_Hashtag6|C00031,1.060975,5.3986487
D21_Hashtag6|C00032,4.657287,9.454677
D21_Hashtag6|C00033,5.490507,2.4820168
D21_Hashtag6|C00034,6.8930545,7.334394
D21_Hashtag6|C00035,7.5415483,4.9656186
D21_Hashtag6|C00036,7.5040965,7.1911707
D21_Hashtag6|C00037,4.4182897,8.652337
D21_Hashtag6|C00038,1.9491538,8.857692
D21_Hashtag6|C00039,4.645312,6.3780265
D21_Hashtag6|C00040,5.1170206,9.218817
D21_Hashtag6|C00041,3.9045064,5.501075
D21_Hashtag6|C00042,4.0949607,11.416326
D21_Hashtag6|C00043,1.5084078,5.6919403
D21_Hashtag6|C00044,4.400604,2.9857588
D21_Hashtag6|C00045,8.304366,7.303922
D21_Hashtag6|C00046,3.5948472,2.4172275
D21_Hashtag6|C00047,7.6545243,7.072199
D21_Hashtag6|C00048,1.782736,7.1256766
D21_Hashtag6|C00049,1.0360426,7.7633657
D21_Hashtag6|C00050,6.360299,-1.5043283
D21_Hashtag6|C00051,6.380155,0.7392197
D21_Hashtag6|C00052,4.453012,9.509981
D21_Hashtag6|C00053,5.2086024,9.544918
D21_Hashtag6|C00054,3.293393,11.54476
D21_Hashtag6|C00055,5.3648844,3.4202905
D21_Hashtag6|C00056,4.108232,5.998832
D21_Hashtag6|C00057,2.6315525,9.207277
D21_Hashtag6|C00058,0.9904518,5.262397
D21_Hashtag6|C00059,5.480108,1.4352353
D21_Hashtag6|C00060,14.696723,5.6106687
D28_Hashtag1|C00001,5.813608,1.4584752
D28_Hashtag1|C00002,5.111281,9.210156
D28_Hashtag1|C00003,6.395142,-0.09502302
D28_Hashtag1|C00004,4.545781,11.268873
D28_Hashtag1|C00005,4.307123,3.1123466
D28_Hashtag1|C00006,6.339417,-0.7507037
D28_Hashtag1|C00007,5.9510393,0.94231415
D28_Hashtag1|C00008,6.7475314,-0.36583966
D28_Hashtag1|C00009,5.947318,-1.1126775
D28_Hashtag1|C00010,0.7402243,7.839897
D28_Hashtag1|C00011,5.722186,4.5235615
D28_Hashtag2|C00001,6.5401225,-0.72654235
D28_Hashtag2|C00002,5.8849964,0.46074906
D28_Hashtag2|C00003,3.3232708,10.467083
D28_Hashtag2|C00004,4.70077,2.4830582
D28_Hashtag2|C00005,6.0238,0.84755653
D28_Hashtag2|C00006,5.878923,0.030459547
D28_Hashtag2|C00007,2.5590727,6.616118
D28_Hashtag2|C00008,4.0718284,9.392861
D28_Hashtag2|C00009,4.6865,9.079359
D28_Hashtag2|C00010,1.8016781,8.858927
D28_Hashtag2|C00011,4.856511,2.4785511
D28_Hashtag2|C00012,6.2510476,-1.2752749
D28_Hashtag2|C00013,2.3620422,7.388061
D28_Hashtag2|C00014,4.5526395,2.336893
D28_Hashtag2|C00015,1.4631051,8.095766
D28_Hashtag2|C00016,4.788556,10.296171
D28_Hashtag2|C00017,4.8143125,10.0601015
D28_Hashtag3|C00001,0.5494849,6.626035
D28_Hashtag3|C00002,0.6052325,7.492302
D28_Hashtag3|C00003,5.506255,1.7576392
D28_Hashtag3|C00004,1.2201537,7.0515323
D28_Hashtag3|C00005,4.2048645,9.478005
D28_Hashtag3|C00006,6.346021,-1.0249484
D28_Hashtag3|C00007,6.4289823,0.5211809
D28_Hashtag3|C00008,2.5525708,10.741542
D28_Hashtag3|C00009,5.531825,0.3896419
D28_Hashtag4|C00001,6.5884323,-1.1644028
D28_Hashtag4|C00002,3.8478215,9.648655
D28_Hashtag4|C00003,3.8667486,8.442328
D28_Hashtag4|C00004,1.5834132,5.9689636
D28_Hashtag4|C00005,3.2973177,10.950416
D28_Hashtag4|C00006,4.456003,2.3845782
D28_Hashtag4|C00007,2.751945,9.169193
D28_Hashtag4|C00008,8.424863,7.432583
D28_Hashtag4|C00009,4.401277,5.797682
D28_Hashtag4|C00010,4.043423,6.9480863
D28_Hashtag4|C00011,6.738818,7.0673537
D28_Hashtag4|C00012,4.4689474,3.1271112
D28_Hashtag4|C00013,4.137448,9.316293
D28_Hashtag4|C00014,4.3795257,5.5207047
D28_Hashtag4|C00015,5.077587,2.606049
D28_Hashtag4|C00016,6.0229144,7.047391
D28_Hashtag4|C00017,3.5492935,5.101865
D28_Hashtag4|C00018,5.0084863,2.9123015
D28_Hashtag4|C00019,1.9135097,9.447796
D28_Hashtag4|C00020,1.5676467,8.832004
D28_Hashtag4|C00021,4.4602585,11.190175
D28_Hashtag4|C00022,3.3034217,8.533191
D28_Hashtag4|C00023,3.6103425,2.740071
D28_Hashtag4|C00024,14.339376,5.764182
D28_Hashtag4|C00025,4.255758,8.887629
D28_Hashtag4|C00026,4.1275606,6.4654303
D28_Hashtag4|C00027,0.50525635,5.919768
D28_Hashtag4|C00028,3.5761876,8.82632
D28_Hashtag4|C00029,4.316007,5.570312
D28_Hashtag4|C00030,2.5129387,7.085299
D28_Hashtag4|C00031,3.71817,4.814543
D28_Hashtag4|C00032,5.163253,9.194986
D28_Hashtag4|C00033,6.093179,6.728215
D28_Hashtag4|C00034,2.7815034,7.9445014
D28_Hashtag4|C00035,0.81670475,6.5893097
D28_Hashtag4|C00036,4.2422137,10.614163
D28_Hashtag4|C00037,4.067876,3.2560494
D28_Hashtag4|C00038,2.963551,11.332623
D28_Hashtag4|C00039,1.9903587,7.1709566
D28_Hashtag4|C00040,6.9717636,7.177809
D28_Hashtag4|C00041,3.3331907,10.375785
D28_Hashtag4|C00042,1.9530499,6.1669674
D28_Hashtag4|C00043,3.1929564,2.7740502
D28_Hashtag4|C00044,0.86840993,7.99021
D28_Hashtag4|C00045,3.7560334,2.7355878
D28_Hashtag4|C00046,3.411667,2.865218
D28_Hashtag4|C00047,2.0698078,8.24813
D28_Hashtag5|C00001,5.306813,6.7280574
D28_Hashtag5|C00002,7.689498,6.82113
D28_Hashtag5|C00003,3.4509163,6.44134
D28_Hashtag5|C00004,14.42147,5.661045
D28_Hashtag5|C00005,5.0207872,7.9147744
D28_Hashtag5|C00006,14.552986,5.744183
D28_Hashtag5|C00007,13.967848,5.6107225
D28_Hashtag5|C00008,8.662795,7.312913
D28_Hashtag5|C00009,3.6842782,7.7620664
D28_Hashtag5|C00010,7.532006,7.759288
D28_Hashtag5|C00011,6.4737725,4.998609
D28_Hashtag5|C00012,4.430534,2.189063
D28_Hashtag5|C00013,14.475773,5.3352933
D28_Hashtag5|C00014,1.898632,7.7510867
D28_Hashtag5|C00015,14.62081,5.749394
D28_Hashtag5|C00016,0.7233717,6.2703323
D28_Hashtag5|C00017,3.7083497,8.825854
D28_Hashtag5|C00018,11.413543,4.8629537
D28_Hashtag5|C00019,13.925139,5.433961
D28_Hashtag5|C00020,13.625166,5.3565598
D28_Hashtag5|C00021,6.006933,6.4909654
D28_Hashtag5|C00022,13.963974,5.242461
D28_Hashtag5|C00023,14.299827,5.3422647
D28_Hashtag5|C00024,3.9403644,11.24977
D28_Hashtag5|C00025,8.132519,7.279227
D28_Hashtag5|C00026,7.954268,7.5462146
D28_Hashtag5|C00027,14.154105,5.4098067
D28_Hashtag5|C00028,14.540924,5.7393036
D28_Hashtag5|C00029,6.7692847,6.8438163
D28_Hashtag5|C00030,5.659707,4.0553265
D28_Hashtag5|C00031,2.153565,6.3448
D28_Hashtag5|C00032,3.110142,8.8801155
D28_Hashtag5|C00033,14.403698,5.4703
D28_Hashtag5|C00034,7.8004184,7.627632
D28_Hashtag5|C00035,7.1538363,5.187143
D28_Hashtag5|C00036,7.2713327,7.092442
D28_Hashtag5|C00037,12.047741,4.986848
D28_Hashtag5|C00038,3.7468216,2.373181
D28_Hashtag6|C00001,6.316823,-0.638047
D28_Hashtag6|C00002,6.1724997,5.933981
D28_Hashtag6|C00003,3.300537,5.321363
D28_Hashtag6|C00004,7.2877717,6.976578
D28_Hashtag6|C00005,1.0926286,7.9999194
D28_Hashtag6|C00006,4.678374,4.822012
D28_Hashtag6|C00007,4.4433827,5.2182083
D28_Hashtag6|C00008,0.9937178,6.901353
D28_Hashtag6|C00009,5.808148,0.08085419
D28_Hashtag6|C00010,8.166595,7.647325
D28_Hashtag6|C00011,1.3681624,6.805513
D28_Hashtag6|C00012,5.761314,0.32678664
D28_Hashtag6|C00013,7.842752,5.438563
D28_Hashtag6|C00014,1.186622,5.3956604
D28_Hashtag6|C00015,1.7771131,5.938395
D28_Hashtag6|C00016,7.884802,6.9741874
D28_Hashtag6|C00017,8.067371,7.6243124
D28_Hashtag6|C00018,4.6086264,7.9373674
D28_Hashtag6|C00019,1.5348191,8.831183
D28_Hashtag6|C00020,4.0873084,8.481953
D28_Hashtag6|C00021,3.0981777,9.040452
D28_Hashtag6|C00022,0.49860108,6.250062
D28_Hashtag6|C00023,3.3819065,2.4469464
D28_Hashtag6|C00024,14.668613,5.7141004
D28_Hashtag6|C00025,4.394251,7.942747
D28_Hashtag6|C00026,1.4585892,6.172687
D28_Hashtag6|C00027,4.8296175,8.202804
D28_Hashtag6|C00028,3.9451494,7.564705
D28_Hashtag6|C00029,1.2247771,7.6806645
D28_Hashtag6|C00030,5.485345,3.2535956
D28_Hashtag6|C00031,4.048811,9.102717
D28_Hashtag6|C00032,6.8538694,6.401057
D28_Hashtag6|C00033,3.5663035,10.381109
D28_Hashtag6|C00034,4.847471,8.782437
D28_Hashtag6|C00035,2.155983,6.132189
D28_Hashtag6|C00036,5.013462,2.8854394
D28_Hashtag6|C00037,4.4422603,5.1092315
D28_Hashtag6|C00038,4.347923,2.7684298
D28_Hashtag6|C00039,2.3141222,7.182453
D28_Hashtag6|C00040,0.9539708,5.5464344
D28_Hashtag6|C00041,1.6721288,7.9522266
D28_Hashtag6|C00042,1.6455289,6.120078
D28_Hashtag6|C00043,3.835645,9.274873
D28_Hashtag6|C00044,1.6691059,8.437328
D28_Hashtag6|C00045,3.8046246,4.911387
D28_Hashtag6|C00046,2.0478027,7.4405866
D28_Hashtag6|C00047,4.9567046,8.57794
D28_Hashtag6|C00048,7.390055,5.945206
D28_Hashtag7|C00001,5.180584,3.463413
D28_Hashtag7|C00002,4.7261586,3.34604
D28_Hashtag7|C00003,4.838344,2.2775648
D28_Hashtag7|C00004,4.604755,3.0170376
D28_Hashtag7|C00005,5.2754807,3.397097
D35_Hashtag1|C00001,6.016896,-1.3923914
D35_Hashtag1|C00002,3.7165182,11.600145
D35_Hashtag1|C00003,4.6532946,8.253988
D35_Hashtag1|C00004,6.0254283,-1.4985245
D35_Hashtag1|C00005,5.5574694,1.4917544
D35_Hashtag1|C00006,2.5524395,8.105897
D35_Hashtag1|C00007,4.3723545,9.279928
D35_Hashtag1|C00008,0.5279844,8.400587
D35_Hashtag1|C00009,5.984306,-0.22262427
D35_Hashtag1|C00010,3.275005,5.8552785
D35_Hashtag1|C00011,0.4909708,5.993224
D35_Hashtag1|C00012,2.5896528,10.829638
D35_Hashtag1|C00013,3.8403,10.133867
D35_Hashtag1|C00014,3.18414,2.627844
D35_Hashtag1|C00015,1.8580983,5.9941454
D35_Hashtag1|C00016,0.97035474,8.536854
D35_Hashtag1|C00017,5.2100887,3.0325577
D35_Hashtag1|C00018,0.79449934,8.675376
D35_Hashtag1|C00019,3.8669014,2.4124925
D35_Hashtag1|C00020,3.979533,2.3292174
D35_Hashtag1|C00021,1.571206,9.339634
D35_Hashtag1|C00022,4.2048006,3.0869098
D35_Hashtag1|C00023,2.7227066,7.9715037
D35_Hashtag1|C00024,5.2748866,1.7195342
D35_Hashtag1|C00025,6.1906395,-0.9746008
D35_Hashtag1|C00026,2.2982523,7.7020173
D35_Hashtag1|C00027,3.4170814,9.174634
D35_Hashtag1|C00028,3.1633785,6.646241
D35_Hashtag2|C00001,4.59665,8.435878
D35_Hashtag2|C00002,6.3067017,-1.4576641
D35_Hashtag2|C00003,6.538294,-1.4988108
D35_Hashtag2|C00004,5.6881833,1.9917617
D35_Hashtag2|C00005,5.2910075,2.8801725
D35_Hashtag2|C00006,6.8020525,-1.203015
D35_Hashtag2|C00007,2.458779,6.970662
D35_Hashtag2|C00008,0.8276274,9.097534
D35_Hashtag2|C00009,6.223733,-1.2896487
D35_Hashtag2|C00010,1.3918742,6.552024
D35_Hashtag2|C00011,1.5811328,7.313792
D35_Hashtag2|C00012,3.6331222,3.0306723
D35_Hashtag2|C00013,5.0595307,9.921033
D35_Hashtag2|C00014,4.536466,9.595791
D35_Hashtag2|C00015,6.1052303,-1.3812822
D35_Hashtag2|C00016,4.681163,2.6747975
D35_Hashtag2|C00017,1.3224218,8.101052
D35_Hashtag2|C00018,13.968714,5.298191
D35_Hashtag3|C00001,6.139379,-0.51556194
D35_Hashtag3|C00002,5.6813226,1.1905448
D35_Hashtag3|C00003,6.272662,-1.6608891
D35_Hashtag3|C00004,6.1876807,-1.3913313
D35_Hashtag3|C00005,3.638943,10.142172
D35_Hashtag3|C00006,1.6858081,6.9527574
D35_Hashtag3|C00007,5.7769055,1.0244031
D35_Hashtag3|C00008,6.1334,-0.46097156
D35_Hashtag3|C00009,6.2358327,0.3354317
D35_Hashtag3|C00010,0.7948606,7.8660464
D35_Hashtag3|C00011,1.3408235,5.616608
D35_Hashtag3|C00012,3.1242883,5.0516067
D35_Hashtag3|C00013,4.1763415,3.1042092
D35_Hashtag3|C00014,7.992279,4.7037096
D35_Hashtag3|C00015,0.33519852,6.378068
D35_Hashtag3|C00016,5.0758924,6.243498
D35_Hashtag3|C00017,3.039715,10.152477
D35_Hashtag3|C00018,2.126246,7.1028943
D35_Hashtag3|C00019,2.987802,7.5159197
D35_Hashtag3|C00020,0.89560217,6.0233054
D35_Hashtag3|C00021,6.1706653,-0.12341938
D35_Hashtag3|C00022,0.2058862,6.490752
D35_Hashtag3|C00023,5.4148855,2.1849828
D35_Hashtag3|C00024,1.2383475,5.885989
D35_Hashtag3|C00025,4.3428216,9.236235
D35_Hashtag3|C00026,1.9975803,6.2870307
D35_Hashtag3|C00027,0.19204986,6.3033357
D35_Hashtag3|C00028,6.1714416,7.1367173
D35_Hashtag3|C00029,5.129711,9.923357
D35_Hashtag3|C00030,3.0309553,10.231909
D35_Hashtag3|C00031,5.7039595,1.893088
D35_Hashtag3|C00032,3.4122913,11.48874
D35_Hashtag3|C00033,4.4755774,4.052735
D35_Hashtag3|C00034,2.779918,8.202611
D35_Hashtag3|C00035,4.049763,10.032148
D35_Hashtag3|C00036,1.1968564,7.1774306
D35_Hashtag4|C00001,3.6497672,11.4331455
D35_Hashtag4|C00002,4.6959934,7.057618
D35_Hashtag4|C00003,5.038256,8.644369
D35_Hashtag4|C00004,3.7347088,11.302436
D35_Hashtag4|C00005,6.953696,-0.4391318
D35_Hashtag4|C00006,5.9732428,-1.4161828
D35_Hashtag4|C00007,3.3080301,9.383163
D35_Hashtag4|C00008,4.1982584,8.627786
D35_Hashtag4|C00009,3.6397579,5.9019747
D35_Hashtag4|C00010,7.3784633,5.2467704
D35_Hashtag4|C00011,3.851347,8.821287
D35_Hashtag4|C00012,3.2555492,5.43307
D35_Hashtag4|C00013,7.056398,5.9907265
D35_Hashtag4|C00014,1.4394757,6.5682416
D35_Hashtag4|C00015,3.311141,10.710458
D35_Hashtag4|C00016,6.9129314,-0.60264033
D35_Hashtag4|C00017,4.7057767,11.030465
D35_Hashtag4|C00018,4.619008,7.013398
D35_Hashtag4|C00019,1.493983,8.771389
D35_Hashtag4|C00020,2.3265195,6.745172
D35_Hashtag4|C00021,2.7862659,9.82776
D35_Hashtag4|C00022,1.0827428,6.989063
D35_Hashtag4|C00023,1.4157058,7.6907363
D35_Hashtag4|C00024,3.0041664,8.6939535
D35_Hashtag4|C00025,3.0484097,2.9081302
D35_Hashtag4|C00026,5.800239,0.56152976
D35_Hashtag4|C00027,4.3574114,2.6467345
D35_Hashtag4|C00028,14.879067,5.6948614
D35_Hashtag4|C00029,2.9122808,9.451454
D35_Hashtag4|C00030,3.6875367,5.201889
D35_Hashtag4|C00031,1.4113241,9.196207
D35_Hashtag4|C00032,1.1648679,7.36194
D35_Hashtag4|C00033,14.618147,5.489975
D35_Hashtag4|C00034,3.4952943,11.307738
D35_Hashtag4|C00035,3.8853962,9.839053
D35_Hashtag4|C00036,4.3575916,10.569245
D35_Hashtag4|C00037,1.5411437,9.678051
D35_Hashtag4|C00038,1.5420811,9.611633
D35_Hashtag4|C00039,4.725574,9.43278
D35_Hashtag4|C00040,1.0257608,6.7294583
D35_Hashtag4|C00041,4.331545,5.295157
D35_Hashtag4|C00042,4.08899,8.450474
D35_Hashtag4|C00043,4.590749,4.988387
D35_Hashtag4|C00044,6.949998,-0.6448777
D35_Hashtag4|C00045,6.9092083,6.7258863
D35_Hashtag4|C00046,8.779631,4.827815
D35_Hashtag4|C00047,4.350206,11.595121
D35_Hashtag4|C00048,2.8631377,10.134772
D35_Hashtag4|C00049,2.1280055,8.3597765
D35_Hashtag4|C00050,5.015091,7.570715
D35_Hashtag4|C00051,2.3725345,6.4793777
D35_Hashtag4|C00052,0.531304,6.6590934
D35_Hashtag4|C00053,5.5368795,2.5160391
D35_Hashtag4|C00054,5.282097,9.427017
D35_Hashtag4|C00055,0.46771523,7.4392085
D35_Hashtag4|C00056,7.943055,7.3784
D35_Hashtag4|C00057,2.697146,5.1527724
D35_Hashtag4|C00058,6.8878775,6.5882807
D35_Hashtag4|C00059,6.727665,6.606567
D35_Hashtag4|C00060,4.440451,11.420142
D35_Hashtag4|C00061,4.452296,8.359646
D35_Hashtag4|C00062,3.8050022,9.347551
D35_Hashtag4|C00063,4.304533,11.108428
D35_Hashtag4|C00064,3.9671557,8.507558
D35_Hashtag4|C00065,5.100633,6.9408927
D35_Hashtag4|C00066,4.813002,4.7269297
D35_Hashtag4|C00067,4.446278,11.356236
D35_Hashtag4|C00068,4.6483397,4.091973
D35_Hashtag4|C00069,1.5192068,5.586735
D35_Hashtag4|C00070,3.6359193,4.4566774
D35_Hashtag4|C00071,4.167219,8.526075
D35_Hashtag4|C00072,4.302492,9.467648
D35_Hashtag4|C00073,4.532294,11.140156
D35_Hashtag4|C00074,2.4183621,5.093451
D35_Hashtag4|C00075,3.757962,8.282707
D35_Hashtag4|C00076,4.352801,11.219702
D35_Hashtag4|C00077,7.5939493,5.1204863
D35_Hashtag4|C00078,2.7441916,10.920276
D35_Hashtag4|C00079,0.95164573,6.0660267
D35_Hashtag4|C00080,0.40741485,6.333539
D35_Hashtag4|C00081,1.2306875,7.090716
D35_Hashtag4|C00082,3.5464566,4.7841506
D35_Hashtag4|C00083,2.844663,10.921188
D35_Hashtag4|C00084,3.9400454,10.979686
D35_Hashtag4|C00085,3.335904,2.6238225
D35_Hashtag4|C00086,6.929752,6.9953117
D35_Hashtag4|C00087,1.029288,8.775584
D35_Hashtag4|C00088,3.8128457,9.981763
D35_Hashtag5|C00001,7.0550427,-0.4635098
D35_Hashtag5|C00002,3.234662,8.738314
D35_Hashtag5|C00003,14.555244,5.7345653
D35_Hashtag5|C00004,7.2511625,4.067374
D35_Hashtag5|C00005,1.0233161,7.269527
D35_Hashtag5|C00006,0.64431673,8.691602
D35_Hashtag5|C00007,0.71357113,8.9269705
D35_Hashtag5|C00008,2.6006794,10.9827
D35_Hashtag5|C00009,4.3854713,8.98901
D35_Hashtag5|C00010,4.355487,10.104611
D35_Hashtag5|C00011,4.7318873,8.650985
D35_Hashtag5|C00012,4.5072207,10.005226
D35_Hashtag5|C00013,3.978009,5.839494
D35_Hashtag5|C00014,4.162527,10.518589
D35_Hashtag5|C00015,1.7643461,6.7066445
D35_Hashtag5|C00016,4.588723,4.070118
D35_Hashtag5|C00017,6.3858333,-1.3884383
D35_Hashtag5|C00018,6.868433,-0.19965155
D35_Hashtag5|C00019,3.5852563,9.881569
D35_Hashtag5|C00020,4.323765,11.485457
D35_Hashtag5|C00021,3.7252898,2.2363274
D35_Hashtag5|C00022,3.5970144,9.4271145
D35_Hashtag6|C00001,0.9681297,8.002208
D35_Hashtag6|C00002,4.3102384,10.324201
D35_Hashtag6|C00003,3.0912755,7.539951
D35_Hashtag6|C00004,6.18644,-0.67918426
D35_Hashtag6|C00005,4.019485,9.931467
D35_Hashtag6|C00006,4.6597347,6.9269814
D35_Hashtag6|C00007,3.5929623,5.5994773
D35_Hashtag6|C00008,4.7418575,7.726459
D35_Hashtag6|C00009,4.16505,9.835698
D35_Hashtag6|C00010,3.9775248,9.020895
D35_Hashtag6|C00011,0.6380165,6.0867224
D35_Hashtag6|C00012,3.9117653,7.6508007
D35_Hashtag6|C00013,5.6557403,1.038269
D35_Hashtag6|C00014,4.6926103,4.3479147
D35_Hashtag6|C00015,4.4590654,3.0107815
D35_Hashtag6|C00016,4.491962,2.517059
D35_Hashtag6|C00017,3.2632403,9.03536
D35_Hashtag6|C00018,2.0133731,7.604453
D35_Hashtag6|C00019,2.6469302,10.161484
D35_Hashtag6|C00020,4.002282,5.08558
D35_Hashtag6|C00021,5.149303,9.594932
D35_Hashtag6|C00022,5.1023154,6.7329063
D35_Hashtag6|C00023,4.6559615,8.787568
D35_Hashtag6|C00024,3.7981994,4.570105
D35_Hashtag6|C00025,1.7757388,8.475193
D35_Hashtag6|C00026,1.7060153,9.856938
D35_Hashtag6|C00027,0.8240124,6.558941
D35_Hashtag6|C00028,4.7965436,8.004727
D35_Hashtag6|C00029,1.1591718,9.0388975
D35_Hashtag6|C00030,4.1621885,10.169512
D35_Hashtag6|C00031,8.39045,7.4591546
D35_Hashtag6|C00032,0.94198686,8.16506
D35_Hashtag6|C00033,4.8691387,9.053167
D35_Hashtag6|C00034,4.8855124,6.604509
D35_Hashtag6|C00035,5.8958,-0.34206218
D35_Hashtag6|C00036,4.540562,8.929328
D35_Hashtag6|C00037,3.798823,5.442368
D35_Hashtag6|C00038,4.482123,2.2554374
D35_Hashtag6|C00039,4.811104,3.652341
D35_Hashtag6|C00040,2.5581439,9.862939
D35_Hashtag6|C00041,4.2614293,8.523742
D35_Hashtag6|C00042,0.6207897,9.049542
D35_Hashtag6|C00043,3.0609443,10.760235
D35_Hashtag6|C00044,3.4609754,11.669386
D35_Hashtag7|C00001,5.4680166,2.6329832
D42_Hashtag1|C00001,5.8437595,-1.0974295
D42_Hashtag1|C00002,4.0328116,10.466572
D42_Hashtag1|C00003,4.689549,4.7243385
D42_Hashtag1|C00004,14.12802,5.2709317
D42_Hashtag1|C00005,4.992601,8.010195
D42_Hashtag1|C00006,5.763512,1.6148887
D42_Hashtag1|C00007,5.381836,6.3653703
D42_Hashtag1|C00008,6.1666107,-0.48217067
D42_Hashtag1|C00009,1.0558859,9.068639
D42_Hashtag1|C00010,6.943096,7.0651097
D42_Hashtag1|C00011,4.5254946,9.072098
D42_Hashtag1|C00012,3.9924855,9.951554
D42_Hashtag2|C00001,6.254523,-0.3391797
D42_Hashtag2|C00002,4.114536,6.4397807
D42_Hashtag2|C00003,6.811065,0.026494563
D42_Hashtag3|C00001,2.8012075,11.257082
D42_Hashtag3|C00002,6.451497,0.22565493
D42_Hashtag3|C00003,4.537541,10.62352
D42_Hashtag3|C00004,6.076009,-0.8686792
D42_Hashtag3|C00005,7.8423433,7.288591
D42_Hashtag3|C00006,12.846985,4.791144
D42_Hashtag3|C00007,0.37910002,6.6688375
D42_Hashtag3|C00008,4.6114755,11.503868
D42_Hashtag3|C00009,0.18214995,6.2537656
D42_Hashtag3|C00010,7.1241455,6.9904695
D42_Hashtag3|C00011,4.2190185,9.841155
D42_Hashtag3|C00012,5.2537656,1.630224
D42_Hashtag4|C00001,0.7694005,7.1837015
D42_Hashtag4|C00002,4.69333,11.091472
D42_Hashtag4|C00003,3.4024417,10.619225
D42_Hashtag4|C00004,4.121391,8.786876
D42_Hashtag4|C00005,4.791014,10.402559
D42_Hashtag4|C00006,1.8133622,6.99637
D42_Hashtag4|C00007,5.24624,2.808436
D42_Hashtag4|C00008,7.6200566,7.2423425
D42_Hashtag4|C00009,2.4515316,7.7538004
D42_Hashtag4|C00010,3.5623264,4.9033666
D42_Hashtag4|C00011,3.997802,7.890631
D42_Hashtag4|C00012,4.951797,4.3901076
D42_Hashtag4|C00013,1.688483,7.064547
D42_Hashtag4|C00014,4.767424,9.982934
D42_Hashtag4|C00015,1.6667253,8.423827
D42_Hashtag4|C00016,1.4932295,6.899504
D42_Hashtag4|C00017,1.8227682,8.192011
D42_Hashtag4|C00018,5.3391304,9.556401
D42_Hashtag4|C00019,4.529895,2.4334776
D42_Hashtag4|C00020,5.0114903,2.5362656
D42_Hashtag4|C00021,0.7936561,6.672072
D42_Hashtag4|C00022,4.160782,4.7862635
D42_Hashtag4|C00023,3.712006,6.2431684
D42_Hashtag4|C00024,5.18643,9.17086
D42_Hashtag4|C00025,3.9075398,2.858514
D42_Hashtag4|C00026,1.7560918,5.3994493
D42_Hashtag4|C00027,0.23984057,6.4980173
D42_Hashtag5|C00001,1.4798495,5.818068
D42_Hashtag5|C00002,2.7230382,7.4481554
D42_Hashtag5|C00003,1.5861973,5.9832253
D42_Hashtag5|C00004,3.3368673,8.267801
D42_Hashtag5|C00005,1.4255037,5.6474013
D42_Hashtag5|C00006,2.5729485,8.921959
D42_Hashtag5|C00007,6.5596814,7.1732373
D42_Hashtag5|C00008,2.4564931,8.383737
D42_Hashtag5|C00009,1.0937277,7.8833704
D42_Hashtag5|C00010,1.3558621,5.479844
D42_Hashtag5|C00011,13.2254505,5.1292586
D42_Hashtag5|C00012,6.525889,6.2855387
D42_Hashtag5|C00013,3.7730958,8.347105
D42_Hashtag5|C00014,2.0048382,5.520343
D42_Hashtag5|C00015,4.537937,8.305271
D42_Hashtag5|C00016,2.3540998,9.095424
D42_Hashtag5|C00017,1.6006286,8.386797
D42_Hashtag5|C00018,3.803495,4.143328
D42_Hashtag5|C00019,4.9000006,4.2229304
D42_Hashtag5|C00020,3.909556,4.3534064
D42_Hashtag5|C00021,2.5326777,6.968233
D42_Hashtag5|C00022,7.2422485,6.422954
D42_Hashtag5|C00023,6.891812,6.545936
D42_Hashtag5|C00024,3.6297514,8.564189
D42_Hashtag5|C00025,1.0399058,5.459933
D42_Hashtag5|C00026,14.371125,5.728215
D42_Hashtag5|C00027,8.63793,7.2334905
D42_Hashtag5|C00028,3.4621348,7.7220306
D42_Hashtag5|C00029,4.4845114,8.316736
D42_Hashtag5|C00030,5.506867,-0.40570018
D42_Hashtag5|C00031,4.5819507,2.5884914
D42_Hashtag5|C00032,2.478083,6.4648314
D42_Hashtag5|C00033,12.550402,5.1520376
D42_Hashtag5|C00034,7.3413167,4.387138
D42_Hashtag5|C00035,3.2512672,9.577125
D42_Hashtag5|C00036,1.1928414,7.7298822
D42_Hashtag5|C00037,3.6410472,7.5631747
D42_Hashtag5|C00038,2.104687,5.8949137
D42_Hashtag5|C00039,1.8101662,7.749257
D42_Hashtag5|C00040,5.5948486,0.101837605
D42_Hashtag5|C00041,14.213239,5.6382236
D42_Hashtag5|C00042,1.0034035,8.792562
D42_Hashtag5|C00043,4.24866,7.614121
D42_Hashtag5|C00044,2.4756773,6.6528563
D42_Hashtag5|C00045,6.0324917,0.52675736
D42_Hashtag5|C00046,4.4376082,8.391928
D42_Hashtag5|C00047,4.7229133,8.066538
D42_Hashtag5|C00048,5.264951,6.6816945
D42_Hashtag5|C00049,1.5667634,7.7231545
D42_Hashtag6|C00001,6.90086,-0.9777157
D42_Hashtag6|C00002,3.218745,8.459636
D42_Hashtag6|C00003,0.5700815,7.243397
D42_Hashtag6|C00004,4.4978504,9.556269
D42_Hashtag6|C00005,6.2551208,-1.2895789
D42_Hashtag6|C00006,3.3003454,11.668636
D42_Hashtag6|C00007,0.7020831,8.989844
D42_Hashtag6|C00008,5.0266323,2.4085681
D42_Hashtag6|C00009,4.4468527,2.3838882
D42_Hashtag6|C00010,7.7660503,4.883561
D42_Hashtag6|C00011,5.679516,1.5277194
D42_Hashtag6|C00012,5.8680243,0.9201337
D42_Hashtag6|C00013,3.3849597,10.713722
D42_Hashtag6|C00014,7.5300326,7.063384
D42_Hashtag6|C00015,3.7701309,11.711074
D42_Hashtag6|C00016,0.94608307,9.025838
D42_Hashtag6|C00017,2.5653934,7.5862656
D42_Hashtag6|C00018,3.8347878,6.1759663
D42_Hashtag6|C00019,6.0981975,0.35856885
D42_Hashtag6|C00020,0.67483276,8.374301
D42_Hashtag6|C00021,5.0896635,9.539741
D42_Hashtag6|C00022,4.2508802,9.187926
D42_Hashtag6|C00023,3.093724,9.281499
D42_Hashtag6|C00024,4.5615582,3.3861816
D42_Hashtag6|C00025,2.526967,9.4728775
D42_Hashtag6|C00026,0.6566368,7.4161534
D42_Hashtag6|C00027,5.0134163,7.46078
D42_Hashtag6|C00028,1.6043876,7.2239175
D42_Hashtag6|C00029,5.68895,2.053167
D42_Hashtag6|C00030,4.6762815,9.626275
D42_Hashtag6|C00031,1.7996107,5.5257063
D42_Hashtag6|C00032,3.3096042,4.9104347
D42_Hashtag6|C00033,3.8574822,2.3776147
D42_Hashtag6|C00034,6.2670617,0.5077132
D42_Hashtag6|C00035,5.182702,7.001222
D42_Hashtag6|C00036,4.3364124,10.992425
D42_Hashtag7|C00001,5.0689015,3.8210406
D42_Hashtag7|C00002,4.8895864,3.6842651
