,clone,group,donor,fasta_id,file,mutations,window_length
D10_ATGAGGGTCATGCTCC-1,D10_Hashtag1|C00001,PB,D10_Hashtag1,c1,D10_Hashtag1_C00001,0,283
D10_CTTTGCGTCATGCAAC-1,D10_Hashtag1|C00001,PB,D10_Hashtag1,c2,D10_Hashtag1_C00001,0,283
D10_GCAAACTTCAATCTCT-1,D10_Hashtag1|C00001,PB,D10_Hashtag1,c3,D10_Hashtag1_C00001,0,283
D10_CACATTTAGTGTCCAT-1,D10_Hashtag1|C00002,B1,D10_Hashtag1,c1,D10_Hashtag1_C00002,0,272
D10_CTAAGACCACCGATAT-1,D10_Hashtag1|C00002,B1,D10_Hashtag1,c2,D10_Hashtag1_C00002,0,272
D10_GCGCAACCATGGAATA-1,D10_Hashtag1|C00002,B1,D10_Hashtag1,c3,D10_Hashtag1_C00002,0,272
D10_ACGGGCTCAGAGCCAA-1,D10_Hashtag2|C00001,PB,D10_Hashtag2,c1,D10_Hashtag2_C00001,0,269
D10_AGATTGCGTCGCATCG-1,D10_Hashtag2|C00001,PB,D10_Hashtag2,c2,D10_Hashtag2_C00001,0,269
D10_CAGCAGCAGGTGTGGT-1,D10_Hashtag2|C00001,PB,D10_Hashtag2,c3,D10_Hashtag2_C00001,0,269
D10_GAACGGATCTTGTCAT-1,D10_Hashtag2|C00001,PB,D10_Hashtag2,c4,D10_Hashtag2_C00001,0,269
D10_GTAACGTAGTGGCACA-1,D10_Hashtag2|C00001,PB,D10_Hashtag2,c5,D10_Hashtag2_C00001,0,269
D10_GTCATTTCACTGTGTA-1,D10_Hashtag2|C00001,PB,D10_Hashtag2,c6,D10_Hashtag2_C00001,0,269
D10_AATCGGTTCGTGACAT-1,D10_Hashtag2|C00002,PB,D10_Hashtag2,c1,D10_Hashtag2_C00002,0,284
D10_AGGGAGTAGAAAGTGG-1,D10_Hashtag2|C00002,PB,D10_Hashtag2,c2,D10_Hashtag2_C00002,0,284
D10_CGGAGCTGTATTCTCT-1,D10_Hashtag2|C00002,PB,D10_Hashtag2,c3,D10_Hashtag2_C00002,0,284
D10_GCACATACAATGACCT-1,D10_Hashtag2|C00002,PB,D10_Hashtag2,c4,D10_Hashtag2_C00002,0,284
D10_GGACGTCAGTAGGTGC-1,D10_Hashtag2|C00002,PB,D10_Hashtag2,c5,D10_Hashtag2_C00002,0,284
D10_AGGGTGAGTAGCAAAT-1,D10_Hashtag2|C00003,GC,D10_Hashtag2,c1,D10_Hashtag2_C00003,0,282
D10_CCTTCCCGTCCAGTTA-1,D10_Hashtag2|C00003,PB,D10_Hashtag2,c2,D10_Hashtag2_C00003,0,282
D10_CGATCGGAGCTAGGCA-1,D10_Hashtag2|C00003,GC,D10_Hashtag2,c3,D10_Hashtag2_C00003,0,282
D10_TACCTATCATGTTGAC-1,D10_Hashtag2|C00003,PB,D10_Hashtag2,c4,D10_Hashtag2_C00003,0,282
D10_CTTGGCTGTATCTGCA-1,D10_Hashtag2|C00004,PB,D10_Hashtag2,c1,D10_Hashtag2_C00004,0,270
D10_GCACATACAGCCACCA-1,D10_Hashtag2|C00004,PB,D10_Hashtag2,c2,D10_Hashtag2_C00004,0,270
D10_GTATTCTGTTATGTGC-1,D10_Hashtag2|C00004,PB,D10_Hashtag2,c3,D10_Hashtag2_C00004,0,270
D10_GTGAAGGCACGGTAAG-1,D10_Hashtag2|C00004,PB,D10_Hashtag2,c4,D10_Hashtag2_C00004,0,270
D10_AAGGAGCTCTCAAACG-1,D10_Hashtag2|C00005,PB,D10_Hashtag2,c1,D10_Hashtag2_C00005,0,270
D10_GACGTTATCATGTAGC-1,D10_Hashtag2|C00005,PB,D10_Hashtag2,c2,D10_Hashtag2_C00005,0,270
D10_TGTCCCAAGATAGTCA-1,D10_Hashtag2|C00005,PB,D10_Hashtag2,c3,D10_Hashtag2_C00005,0,270
D10_CACCAGGAGAATGTGT-1,D10_Hashtag2|C00006,PB,D10_Hashtag2,c1,D10_Hashtag2_C00006,0,270
D10_CGGGTCACATACGCCG-1,D10_Hashtag2|C00006,PB,D10_Hashtag2,c2,D10_Hashtag2_C00006,0,270
D10_CTGGTCTTCATTCACT-1,D10_Hashtag2|C00006,GC,D10_Hashtag2,c3,D10_Hashtag2_C00006,0,270
D10_GAACCTAAGGTGCTTT-1,D10_Hashtag2|C00007,PB,D10_Hashtag2,c1,D10_Hashtag2_C00007,0,270
D10_TCAACGACATGCTGGC-1,D10_Hashtag2|C00007,PB,D10_Hashtag2,c2,D10_Hashtag2_C00007,0,270
D10_TGGCTGGAGCTTCGCG-1,D10_Hashtag2|C00007,PB,D10_Hashtag2,c3,D10_Hashtag2_C00007,0,270
D10_ACAGCCGCAGTGAGTG-1,D10_Hashtag2|C00008,PB,D10_Hashtag2,c1,D10_Hashtag2_C00008,0,270
D10_ACTGAACAGTTTAGGA-1,D10_Hashtag2|C00008,PB,D10_Hashtag2,c2,D10_Hashtag2_C00008,0,270
D10_CTGCCTATCATGCAAC-1,D10_Hashtag2|C00008,PB,D10_Hashtag2,c3,D10_Hashtag2_C00008,0,270
D10_AAATGCCTCTTGTACT-1,D10_Hashtag2|C00009,PB,D10_Hashtag2,c1,D10_Hashtag2_C00009,0,283
D10_AGTGAGGCATTGTGCA-1,D10_Hashtag2|C00009,PB,D10_Hashtag2,c2,D10_Hashtag2_C00009,0,283
D10_CCGGGATGTAGCTTGT-1,D10_Hashtag2|C00009,PB,D10_Hashtag2,c3,D10_Hashtag2_C00009,0,283
D10_AACCGCGTCTGGTTCC-1,D10_Hashtag2|C00010,PB,D10_Hashtag2,c1,D10_Hashtag2_C00010,0,267
D10_GCACATAGTCGGCATC-1,D10_Hashtag2|C00010,PB,D10_Hashtag2,c2,D10_Hashtag2_C00010,0,267
D10_TGGCGCATCTTGCATT-1,D10_Hashtag2|C00010,PB,D10_Hashtag2,c3,D10_Hashtag2_C00010,0,267
D10_CAGATCATCAACCATG-1,D10_Hashtag2|C00011,PB,D10_Hashtag2,c1,D10_Hashtag2_C00011,0,270
D10_TTCCCAGCATGTCGAT-1,D10_Hashtag2|C00011,PB,D10_Hashtag2,c2,D10_Hashtag2_C00011,0,270
D10_TTTCCTCCATGTCGAT-1,D10_Hashtag2|C00011,PB,D10_Hashtag2,c3,D10_Hashtag2_C00011,0,270
D10_AAGGAGCGTATATGAG-1,D10_Hashtag3|C00001,B1,D10_Hashtag3,c1,D10_Hashtag3_C00001,0,272
D10_ATAACGCCACGGCCAT-1,D10_Hashtag3|C00001,B1,D10_Hashtag3,c2,D10_Hashtag3_C00001,0,272
D10_CCATTCGGTTAAGATG-1,D10_Hashtag3|C00001,B1,D10_Hashtag3,c3,D10_Hashtag3_C00001,0,272
D10_CCTCAGTAGTTCCACA-1,D10_Hashtag3|C00001,B1,D10_Hashtag3,c4,D10_Hashtag3_C00001,0,272
D10_CGTCTACTCCGCAAGC-1,D10_Hashtag3|C00001,B1,D10_Hashtag3,c5,D10_Hashtag3_C00001,0,272
D10_CTACACCAGCCCAATT-1,D10_Hashtag3|C00001,B1,D10_Hashtag3,c6,D10_Hashtag3_C00001,0,272
D10_GGCCGATGTTCAACCA-1,D10_Hashtag3|C00001,B1,D10_Hashtag3,c7,D10_Hashtag3_C00001,0,272
D10_TTCGGTCTCTCGAGTA-1,D10_Hashtag3|C00001,B1,D10_Hashtag3,c8,D10_Hashtag3_C00001,0,272
D10_ATCTACTCAGATGAGC-1,D10_Hashtag3|C00002,PB,D10_Hashtag3,c1,D10_Hashtag3_C00002,0,280
D10_CGAACATTCTTCCTTC-1,D10_Hashtag3|C00002,Memory,D10_Hashtag3,c2,D10_Hashtag3_C00002,0,280
D10_CGTAGGCAGGTGATAT-1,D10_Hashtag3|C00002,PB,D10_Hashtag3,c3,D10_Hashtag3_C00002,0,280
D10_CGTCAGGCACGGCCAT-1,D10_Hashtag3|C00002,PB,D10_Hashtag3,c4,D10_Hashtag3_C00002,0,280
D10_CTCTAATGTGTAAGTA-1,D10_Hashtag3|C00002,PB,D10_Hashtag3,c5,D10_Hashtag3_C00002,0,280
D10_ACACTGATCTTACCGC-1,D10_Hashtag3|C00003,PB,D10_Hashtag3,c1,D10_Hashtag3_C00003,0,284
D10_CACACAAAGCTATGCT-1,D10_Hashtag3|C00003,PB,D10_Hashtag3,c2,D10_Hashtag3_C00003,0,284
D10_TATTACCCAGCGAACA-1,D10_Hashtag3|C00003,PB,D10_Hashtag3,c3,D10_Hashtag3_C00003,0,284
D10_TTTACTGCAAAGGTGC-1,D10_Hashtag3|C00003,PB,D10_Hashtag3,c4,D10_Hashtag3_C00003,0,284
D10_CGCTGGAGTCTCAACA-1,D10_Hashtag3|C00004,PB,D10_Hashtag3,c1,D10_Hashtag3_C00004,0,270
D10_CTAACTTGTAAACGCG-1,D10_Hashtag3|C00004,PB,D10_Hashtag3,c2,D10_Hashtag3_C00004,0,270
D10_GACGTGCGTCAAGCGA-1,D10_Hashtag3|C00004,PB,D10_Hashtag3,c3,D10_Hashtag3_C00004,0,270
D10_GTGTGCGAGTATCTCG-1,D10_Hashtag3|C00004,PB,D10_Hashtag3,c4,D10_Hashtag3_C00004,0,270
D10_AACTCTTAGTAGCCGA-1,D10_Hashtag3|C00005,PB,D10_Hashtag3,c1,D10_Hashtag3_C00005,0,270
D10_AGAGCGAGTTCCAACA-1,D10_Hashtag3|C00005,PB,D10_Hashtag3,c2,D10_Hashtag3_C00005,0,270
D10_CTTTGCGGTTGATTCG-1,D10_Hashtag3|C00005,PB,D10_Hashtag3,c3,D10_Hashtag3_C00005,0,270
D10_GACGCGTCACATTTCT-1,D10_Hashtag3|C00005,PB,D10_Hashtag3,c4,D10_Hashtag3_C00005,0,270
D10_CCTATTAGTCGTTGTA-1,D10_Hashtag3|C00006,PB,D10_Hashtag3,c1,D10_Hashtag3_C00006,0,280
D10_GAATGAAGTCAACTGT-1,D10_Hashtag3|C00006,PB,D10_Hashtag3,c2,D10_Hashtag3_C00006,0,280
D10_TTTGTCATCGCAAGCC-1,D10_Hashtag3|C00006,PB,D10_Hashtag3,c3,D10_Hashtag3_C00006,0,280
D10_AGATCTGAGACGCACA-1,D10_Hashtag3|C00007,PB,D10_Hashtag3,c1,D10_Hashtag3_C00007,0,270
D10_CAGCAGCCAAGGTTTC-1,D10_Hashtag3|C00007,PB,D10_Hashtag3,c2,D10_Hashtag3_C00007,0,270
D10_CGGAGCTGTTGACGTT-1,D10_Hashtag3|C00007,PB,D10_Hashtag3,c3,D10_Hashtag3_C00007,0,270
D10_ACACCCTCAATGGAGC-1,D10_Hashtag3|C00008,PB,D10_Hashtag3,c1,D10_Hashtag3_C00008,0,269
D10_CGGACTGAGCTAGTGG-1,D10_Hashtag3|C00008,PB,D10_Hashtag3,c2,D10_Hashtag3_C00008,0,269
D10_CTGATCCAGTTACGGG-1,D10_Hashtag3|C00008,PB,D10_Hashtag3,c3,D10_Hashtag3_C00008,0,269
D10_CTCTACGTCACAACGT-1,D10_Hashtag3|C00009,PB,D10_Hashtag3,c1,D10_Hashtag3_C00009,0,270
D10_GCACATATCTCTTGAT-1,D10_Hashtag3|C00009,PB,D10_Hashtag3,c2,D10_Hashtag3_C00009,0,270
D10_GGGTCTGTCATAAAGG-1,D10_Hashtag3|C00009,PB,D10_Hashtag3,c3,D10_Hashtag3_C00009,0,270
D10_CTACATTAGGTGATAT-1,D10_Hashtag3|C00010,PB,D10_Hashtag3,c1,D10_Hashtag3_C00010,0,270
D10_GGTGCGTCACACCGAC-1,D10_Hashtag3|C00010,PB,D10_Hashtag3,c2,D10_Hashtag3_C00010,0,270
D10_GTAGTCACATCACAAC-1,D10_Hashtag3|C00010,PB,D10_Hashtag3,c3,D10_Hashtag3_C00010,0,270
D10_AACTCCCCATCCGCGA-1,D10_Hashtag3|C00011,PB,D10_Hashtag3,c1,D10_Hashtag3_C00011,0,270
D10_CACACCTCATTTCACT-1,D10_Hashtag3|C00011,PB,D10_Hashtag3,c2,D10_Hashtag3_C00011,0,270
D10_TCAACGATCCGTAGTA-1,D10_Hashtag3|C00011,PB,D10_Hashtag3,c3,D10_Hashtag3_C00011,0,270
D10_CCACCTATCTTGAGAC-1,D10_Hashtag3|C00012,PB,D10_Hashtag3,c1,D10_Hashtag3_C00012,0,284
D10_TGCGCAGGTCGAATCT-1,D10_Hashtag3|C00012,PB,D10_Hashtag3,c2,D10_Hashtag3_C00012,0,284
D10_TTTGTCAGTTCACCTC-1,D10_Hashtag3|C00012,PB,D10_Hashtag3,c3,D10_Hashtag3_C00012,0,284
D10_GATGAAAGTTTAGCTG-1,D10_Hashtag3|C00013,PB,D10_Hashtag3,c1,D10_Hashtag3_C00013,0,282
D10_TATCAGGTCAGAGCTT-1,D10_Hashtag3|C00013,PB,D10_Hashtag3,c2,D10_Hashtag3_C00013,0,282
D10_TTTGGTTAGACTAGGC-1,D10_Hashtag3|C00013,PB,D10_Hashtag3,c3,D10_Hashtag3_C00013,0,282
D10_GCATGCGCATCCGCGA-1,D10_Hashtag3|C00014,PB,D10_Hashtag3,c1,D10_Hashtag3_C00014,0,284
D10_TGAGCATCACGACTCG-1,D10_Hashtag3|C00014,PB,D10_Hashtag3,c2,D10_Hashtag3_C00014,0,284
D10_TGGGAAGAGATCCCGC-1,D10_Hashtag3|C00014,PB,D10_Hashtag3,c3,D10_Hashtag3_C00014,0,284
D10_CAACTAGGTCGGCATC-1,D10_Hashtag3|C00015,PB,D10_Hashtag3,c1,D10_Hashtag3_C00015,0,270
D10_CTACCCATCCGTCATC-1,D10_Hashtag3|C00015,PB,D10_Hashtag3,c2,D10_Hashtag3_C00015,0,270
D10_GTCAAGTGTCATACTG-1,D10_Hashtag3|C00015,PB,D10_Hashtag3,c3,D10_Hashtag3_C00015,0,270
D10_ACTTGTTCAGCTATTG-1,D10_Hashtag3|C00016,PB,D10_Hashtag3,c1,D10_Hashtag3_C00016,0,270
D10_ATCCGAATCAGTACGT-1,D10_Hashtag3|C00016,PB,D10_Hashtag3,c2,D10_Hashtag3_C00016,0,270
D10_CGATTGATCCGAACGC-1,D10_Hashtag3|C00016,PB,D10_Hashtag3,c3,D10_Hashtag3_C00016,0,270
D10_CGATTGAAGTCGCCGT-1,D10_Hashtag4|C00001,PB,D10_Hashtag4,c1,D10_Hashtag4_C00001,0,270
D10_GACTAACAGCCTCGTG-1,D10_Hashtag4|C00001,PB,D10_Hashtag4,c2,D10_Hashtag4_C00001,0,270
D10_GCGACCAGTCTTCTCG-1,D10_Hashtag4|C00001,GC,D10_Hashtag4,c3,D10_Hashtag4_C00001,1,270
D10_GTACGTACAGTATGCT-1,D10_Hashtag4|C00001,PB,D10_Hashtag4,c4,D10_Hashtag4_C00001,0,270
D10_TATCTCATCCGTTGCT-1,D10_Hashtag4|C00001,PB,D10_Hashtag4,c5,D10_Hashtag4_C00001,0,270
D10_ATCTACTCACATTTCT-1,D10_Hashtag4|C00002,PB,D10_Hashtag4,c1,D10_Hashtag4_C00002,0,269
D10_CACATTTAGCGCCTCA-1,D10_Hashtag4|C00002,PB,D10_Hashtag4,c2,D10_Hashtag4_C00002,0,269
D10_GGGTTGCAGTTGTCGT-1,D10_Hashtag4|C00002,PB,D10_Hashtag4,c3,D10_Hashtag4_C00002,0,269
D10_GTAGGCCCAACTGCTA-1,D10_Hashtag4|C00002,PB,D10_Hashtag4,c4,D10_Hashtag4_C00002,0,269
D10_TTTGCGCGTGGTGTAG-1,D10_Hashtag4|C00002,PB,D10_Hashtag4,c5,D10_Hashtag4_C00002,0,269
D10_AGGGATGCAGACGTAG-1,D10_Hashtag4|C00003,PB,D10_Hashtag4,c1,D10_Hashtag4_C00003,0,268
D10_CGAATGTCAGCTGCAC-1,D10_Hashtag4|C00003,PB,D10_Hashtag4,c2,D10_Hashtag4_C00003,0,268
D10_GAAATGACATATACCG-1,D10_Hashtag4|C00003,PB,D10_Hashtag4,c3,D10_Hashtag4_C00003,0,268
D10_TCAACGAGTTATGTGC-1,D10_Hashtag4|C00003,PB,D10_Hashtag4,c4,D10_Hashtag4_C00003,0,268
D10_TTGCCGTCATCTCGCT-1,D10_Hashtag4|C00003,PB,D10_Hashtag4,c5,D10_Hashtag4_C00003,0,268
D10_CGGAGTCTCAGTTGAC-1,D10_Hashtag4|C00004,PB,D10_Hashtag4,c1,D10_Hashtag4_C00004,0,266
D10_GACTGCGAGGAGTTGC-1,D10_Hashtag4|C00004,PB,D10_Hashtag4,c2,D10_Hashtag4_C00004,1,266
D10_TACCTTACAATTCCTT-1,D10_Hashtag4|C00004,PB,D10_Hashtag4,c3,D10_Hashtag4_C00004,0,266
D10_TACGGATGTCTCGTTC-1,D10_Hashtag4|C00004,PB,D10_Hashtag4,c4,D10_Hashtag4_C00004,0,266
D10_ATTGGACCAATGAAAC-1,D10_Hashtag4|C00005,PB,D10_Hashtag4,c1,D10_Hashtag4_C00005,0,270
D10_CGTAGGCGTAAGCACG-1,D10_Hashtag4|C00005,PB,D10_Hashtag4,c2,D10_Hashtag4_C00005,0,270
D10_CTACCCAGTGAGTATA-1,D10_Hashtag4|C00005,PB,D10_Hashtag4,c3,D10_Hashtag4_C00005,0,270
D10_TTGGCAACATCTACGA-1,D10_Hashtag4|C00005,PB,D10_Hashtag4,c4,D10_Hashtag4_C00005,0,270
D10_ATAGACCAGAATAGGG-1,D10_Hashtag4|C00006,PB,D10_Hashtag4,c1,D10_Hashtag4_C00006,0,280
D10_CACCACTGTACTCAAC-1,D10_Hashtag4|C00006,PB,D10_Hashtag4,c2,D10_Hashtag4_C00006,0,280
D10_CATCGGGGTCCTCCAT-1,D10_Hashtag4|C00006,PB,D10_Hashtag4,c3,D10_Hashtag4_C00006,0,280
D10_CGGCTAGGTACAGTGG-1,D10_Hashtag4|C00006,PB,D10_Hashtag4,c4,D10_Hashtag4_C00006,0,280
D10_AGGCCGTGTGCACCAC-1,D10_Hashtag4|C00007,PB,D10_Hashtag4,c1,D10_Hashtag4_C00007,0,270
D10_CGTGTCTAGCCAGTTT-1,D10_Hashtag4|C00007,PB,D10_Hashtag4,c2,D10_Hashtag4_C00007,0,270
D10_CTACATTAGACTAGGC-1,D10_Hashtag4|C00007,PB,D10_Hashtag4,c3,D10_Hashtag4_C00007,0,270
D10_GATGAAACACATTCGA-1,D10_Hashtag4|C00007,PB,D10_Hashtag4,c4,D10_Hashtag4_C00007,0,270
D10_AAACGGGAGAGGTAGA-1,D10_Hashtag4|C00008,PB,D10_Hashtag4,c1,D10_Hashtag4_C00008,0,277
D10_ATTCTACAGATCGGGT-1,D10_Hashtag4|C00008,PB,D10_Hashtag4,c2,D10_Hashtag4_C00008,0,277
D10_GACCTGGTCTGGCGAC-1,D10_Hashtag4|C00008,PB,D10_Hashtag4,c3,D10_Hashtag4_C00008,0,277
D10_CAGATCAAGTGTCTCA-1,D10_Hashtag4|C00009,PB,D10_Hashtag4,c1,D10_Hashtag4_C00009,0,266
D10_CTGAAACTCTCCGGTT-1,D10_Hashtag4|C00009,PB,D10_Hashtag4,c2,D10_Hashtag4_C00009,0,266
D10_GTTCATTGTACTCGCG-1,D10_Hashtag4|C00009,PB,D10_Hashtag4,c3,D10_Hashtag4_C00009,0,266
D10_CGAGCACGTCTGATTG-1,D10_Hashtag4|C00010,PB,D10_Hashtag4,c1,D10_Hashtag4_C00010,0,266
D10_CTTAACTCAACTTGAC-1,D10_Hashtag4|C00010,GC,D10_Hashtag4,c2,D10_Hashtag4_C00010,2,266
D10_TGTTCCGCAATAGCAA-1,D10_Hashtag4|C00010,PB,D10_Hashtag4,c3,D10_Hashtag4_C00010,0,266
D10_AGTTGGTCATTGAGCT-1,D10_Hashtag4|C00011,PB,D10_Hashtag4,c1,D10_Hashtag4_C00011,0,284
D10_TACTTGTTCTGTCTCG-1,D10_Hashtag4|C00011,PB,D10_Hashtag4,c2,D10_Hashtag4_C00011,0,284
D10_TGGCTGGAGATATGCA-1,D10_Hashtag4|C00011,PB,D10_Hashtag4,c3,D10_Hashtag4_C00011,0,284
D10_TACTCGCTCTATCCTA-1,D10_Hashtag4|C00012,PB,D10_Hashtag4,c1,D10_Hashtag4_C00012,0,280
D10_TGCCCATAGCATCATC-1,D10_Hashtag4|C00012,PB,D10_Hashtag4,c2,D10_Hashtag4_C00012,0,280
D10_TTCGAAGAGGAGTAGA-1,D10_Hashtag4|C00012,PB,D10_Hashtag4,c3,D10_Hashtag4_C00012,0,280
D10_AGTGTCAAGATGTAAC-1,D10_Hashtag4|C00013,PB,D10_Hashtag4,c1,D10_Hashtag4_C00013,0,270
D10_CACACAAAGGGATACC-1,D10_Hashtag4|C00013,PB,D10_Hashtag4,c2,D10_Hashtag4_C00013,0,270
D10_TATGCCCCATGAAGTA-1,D10_Hashtag4|C00013,PB,D10_Hashtag4,c3,D10_Hashtag4_C00013,0,270
D10_ATCCACCAGGCTCAGA-1,D10_Hashtag4|C00014,PB,D10_Hashtag4,c1,D10_Hashtag4_C00014,0,270
D10_ATCTACTAGGAGTAGA-1,D10_Hashtag4|C00014,PB,D10_Hashtag4,c2,D10_Hashtag4_C00014,0,270
D10_GCAGCCACAATAGAGT-1,D10_Hashtag4|C00014,PB,D10_Hashtag4,c3,D10_Hashtag4_C00014,0,270
D10_ACAGCCGTCTCTTATG-1,D10_Hashtag5|C00001,Naive Follicular,D10_Hashtag5,c1,D10_Hashtag5_C00001,0,277
D10_AGGGTGATCTGCCCTA-1,D10_Hashtag5|C00001,Naive Follicular,D10_Hashtag5,c2,D10_Hashtag5_C00001,0,277
D10_GCGCAGTCAAAGGCGT-1,D10_Hashtag5|C00001,Naive Follicular,D10_Hashtag5,c3,D10_Hashtag5_C00001,0,277
D10_TACGGTAGTTACGTCA-1,D10_Hashtag5|C00001,Naive Follicular,D10_Hashtag5,c4,D10_Hashtag5_C00001,0,277
D10_TCGAGGCGTGGACGAT-1,D10_Hashtag5|C00001,Naive Follicular,D10_Hashtag5,c5,D10_Hashtag5_C00001,0,277
D10_CAGCAGCAGTTAGGTA-1,D10_Hashtag5|C00002,GC,D10_Hashtag5,c1,D10_Hashtag5_C00002,0,280
D10_CCACTACCACAGTCGC-1,D10_Hashtag5|C00002,GC,D10_Hashtag5,c2,D10_Hashtag5_C00002,0,280
D10_CCGGGATCAAGACACG-1,D10_Hashtag5|C00002,GC,D10_Hashtag5,c3,D10_Hashtag5_C00002,0,280
D10_GACTGCGAGTGGAGAA-1,D10_Hashtag5|C00002,PB,D10_Hashtag5,c4,D10_Hashtag5_C00002,0,280
D10_TTAGTTCTCCGCATAA-1,D10_Hashtag5|C00002,GC,D10_Hashtag5,c5,D10_Hashtag5_C00002,1,280
D10_ACACCAACAACGCACC-1,D10_Hashtag5|C00003,Memory,D10_Hashtag5,c1,D10_Hashtag5_C00003,0,270
D10_AGTAGTCAGGGTGTTG-1,D10_Hashtag5|C00003,PB,D10_Hashtag5,c2,D10_Hashtag5_C00003,0,270
D10_GACGGCTTCGGGAGTA-1,D10_Hashtag5|C00003,PB,D10_Hashtag5,c3,D10_Hashtag5_C00003,0,270
D10_GCGAGAAAGTGGGCTA-1,D10_Hashtag5|C00003,PB,D10_Hashtag5,c4,D10_Hashtag5_C00003,0,270
D10_TTGGAACGTAGCAAAT-1,D10_Hashtag5|C00003,PB,D10_Hashtag5,c5,D10_Hashtag5_C00003,0,270
D10_AAGACCTGTAGCGCAA-1,D10_Hashtag5|C00004,B1,D10_Hashtag5,c1,D10_Hashtag5_C00004,0,272
D10_ACTTACTCATGTTGAC-1,D10_Hashtag5|C00004,B1,D10_Hashtag5,c2,D10_Hashtag5_C00004,0,272
D10_CAGCCGATCCCTTGCA-1,D10_Hashtag5|C00004,B1,D10_Hashtag5,c3,D10_Hashtag5_C00004,0,272
D10_CCAATCCAGTGAATTG-1,D10_Hashtag5|C00004,B1,D10_Hashtag5,c4,D10_Hashtag5_C00004,0,272
D10_GGATTACTCTCGTTTA-1,D10_Hashtag5|C00004,B1,D10_Hashtag5,c5,D10_Hashtag5_C00004,0,272
D10_CACACCTAGCCACCTG-1,D10_Hashtag5|C00005,GC,D10_Hashtag5,c1,D10_Hashtag5_C00005,0,278
D10_CCACTACTCGCTTAGA-1,D10_Hashtag5|C00005,PB,D10_Hashtag5,c2,D10_Hashtag5_C00005,0,278
D10_CTCACACAGTCTCCTC-1,D10_Hashtag5|C00005,GC,D10_Hashtag5,c3,D10_Hashtag5_C00005,1,278
D10_GTATCTTTCCAGGGCT-1,D10_Hashtag5|C00005,PB,D10_Hashtag5,c4,D10_Hashtag5_C00005,0,278
D10_CCGTGGAGTCATGCAT-1,D10_Hashtag5|C00006,PB,D10_Hashtag5,c1,D10_Hashtag5_C00006,0,268
D10_CGTCTACTCGTGACAT-1,D10_Hashtag5|C00006,PB,D10_Hashtag5,c2,D10_Hashtag5_C00006,0,268
D10_TAGACCAGTCAGAGGT-1,D10_Hashtag5|C00006,PB,D10_Hashtag5,c3,D10_Hashtag5_C00006,0,268
D10_TTGGCAAAGCATCATC-1,D10_Hashtag5|C00006,PB,D10_Hashtag5,c4,D10_Hashtag5_C00006,0,268
D10_AAGTCTGCATGTCCTC-1,D10_Hashtag5|C00007,PB,D10_Hashtag5,c1,D10_Hashtag5_C00007,0,272
D10_CATATGGTCAACACCA-1,D10_Hashtag5|C00007,PB,D10_Hashtag5,c2,D10_Hashtag5_C00007,0,272
D10_GTGGGTCAGTGTGGCA-1,D10_Hashtag5|C00007,PB,D10_Hashtag5,c3,D10_Hashtag5_C00007,0,272
D10_CAAGTTGGTTTGGGCC-1,D10_Hashtag5|C00008,PB,D10_Hashtag5,c1,D10_Hashtag5_C00008,0,271
D10_CACTCCATCAAGGTAA-1,D10_Hashtag5|C00008,PB,D10_Hashtag5,c2,D10_Hashtag5_C00008,0,271
D10_GTTTCTAAGTTAACGA-1,D10_Hashtag5|C00008,Naive Follicular,D10_Hashtag5,c3,D10_Hashtag5_C00008,0,271
D10_TAGGCATAGCCTTGAT-1,D10_Hashtag5|C00009,PB,D10_Hashtag5,c1,D10_Hashtag5_C00009,0,266
D10_TCTTTCCCAGGATCGA-1,D10_Hashtag5|C00009,PB,D10_Hashtag5,c2,D10_Hashtag5_C00009,0,266
D10_TGGCCAGCATCTCCCA-1,D10_Hashtag5|C00009,GC,D10_Hashtag5,c3,D10_Hashtag5_C00009,1,266
D10_ACTGATGCACGTCTCT-1,D10_Hashtag5|C00010,PB,D10_Hashtag5,c1,D10_Hashtag5_C00010,0,274
D10_ATGTGTGCAAGCTGTT-1,D10_Hashtag5|C00010,PB,D10_Hashtag5,c2,D10_Hashtag5_C00010,0,274
D10_TACCTTATCGTGGACC-1,D10_Hashtag5|C00010,PB,D10_Hashtag5,c3,D10_Hashtag5_C00010,0,274
D10_ACACCAAAGATGTCGG-1,D10_Hashtag5|C00011,PB,D10_Hashtag5,c1,D10_Hashtag5_C00011,0,270
D10_CCCATACGTCGACTAT-1,D10_Hashtag5|C00011,PB,D10_Hashtag5,c2,D10_Hashtag5_C00011,0,270
D10_CGTCAGGGTCGAAAGC-1,D10_Hashtag5|C00011,PB,D10_Hashtag5,c3,D10_Hashtag5_C00011,0,270
D10_CGACTTCGTATAATGG-1,D10_Hashtag5|C00012,PB,D10_Hashtag5,c1,D10_Hashtag5_C00012,0,270
D10_CGCTGGAAGTACGCCC-1,D10_Hashtag5|C00012,PB,D10_Hashtag5,c2,D10_Hashtag5_C00012,0,270
D10_GTCGGGTGTTCATGGT-1,D10_Hashtag5|C00012,PB,D10_Hashtag5,c3,D10_Hashtag5_C00012,0,270
D10_AGATCTGCAGCTGCTG-1,D10_Hashtag5|C00013,PB,D10_Hashtag5,c1,D10_Hashtag5_C00013,0,270
D10_GAATGAACACATTCGA-1,D10_Hashtag5|C00013,PB,D10_Hashtag5,c2,D10_Hashtag5_C00013,0,270
D10_TCGCGTTTCCCAAGTA-1,D10_Hashtag5|C00013,PB,D10_Hashtag5,c3,D10_Hashtag5_C00013,0,270
D10_CACCACTGTACCAGTT-1,D10_Hashtag5|C00014,PB,D10_Hashtag5,c1,D10_Hashtag5_C00014,0,284
D10_GTTCATTTCTGAAAGA-1,D10_Hashtag5|C00014,PB,D10_Hashtag5,c2,D10_Hashtag5_C00014,0,284
D10_TGCACCTCACGGTAAG-1,D10_Hashtag5|C00014,PB,D10_Hashtag5,c3,D10_Hashtag5_C00014,0,284
D10_GGCAATTTCTTTCCTC-1,D10_Hashtag5|C00015,PB,D10_Hashtag5,c1,D10_Hashtag5_C00015,0,272
D10_GGTGAAGGTGTAAGTA-1,D10_Hashtag5|C00015,PB,D10_Hashtag5,c2,D10_Hashtag5_C00015,0,272
D10_TGACGGCAGCTCTCGG-1,D10_Hashtag5|C00015,PB,D10_Hashtag5,c3,D10_Hashtag5_C00015,0,272
D10_ATTACTCCATGATCCA-1,D10_Hashtag5|C00016,GC,D10_Hashtag5,c1,D10_Hashtag5_C00016,0,271
D10_TCTTTCCTCGGAGGTA-1,D10_Hashtag5|C00016,PB,D10_Hashtag5,c2,D10_Hashtag5_C00016,0,271
D10_TGAGCCGTCGCCAGCA-1,D10_Hashtag5|C00016,GC,D10_Hashtag5,c3,D10_Hashtag5_C00016,0,271
D10_CTTAACTTCCAGGGCT-1,D10_Hashtag5|C00017,GC,D10_Hashtag5,c1,D10_Hashtag5_C00017,0,265
D10_GGCCGATAGTTGAGAT-1,D10_Hashtag5|C00017,PB,D10_Hashtag5,c2,D10_Hashtag5_C00017,0,265
D10_TGAGAGGAGGGTCGAT-1,D10_Hashtag5|C00017,GC,D10_Hashtag5,c3,D10_Hashtag5_C00017,0,265
D14_ACATGGTTCACTTCAT-1,D14_Hashtag1|C00001,PB,D14_Hashtag1,c1,D14_Hashtag1_C00001,0,278
D14_ACGATACTCAGTCAGT-1,D14_Hashtag1|C00001,Atypical,D14_Hashtag1,c2,D14_Hashtag1_C00001,0,278
D14_CGTCACTCATTACGAC-1,D14_Hashtag1|C00001,PB,D14_Hashtag1,c3,D14_Hashtag1_C00001,0,278
D14_GACAGAGCATAAAGGT-1,D14_Hashtag1|C00001,PB,D14_Hashtag1,c4,D14_Hashtag1_C00001,0,278
D14_GACGTGCCATGCATGT-1,D14_Hashtag1|C00001,Naive Follicular,D14_Hashtag1,c5,D14_Hashtag1_C00001,1,278
D14_GAGTCCGTCCCTTGCA-1,D14_Hashtag1|C00001,PB,D14_Hashtag1,c6,D14_Hashtag1_C00001,0,278
D14_GTCTTCGCAATTCCTT-1,D14_Hashtag1|C00001,PB,D14_Hashtag1,c7,D14_Hashtag1_C00001,0,278
D14_TATTACCAGCACCGTC-1,D14_Hashtag1|C00001,PB,D14_Hashtag1,c8,D14_Hashtag1_C00001,0,278
D14_AAGTCTGCACTAGTAC-1,D14_Hashtag1|C00002,PB,D14_Hashtag1,c1,D14_Hashtag1_C00002,0,281
D14_ACGATACTCTGCGACG-1,D14_Hashtag1|C00002,PB,D14_Hashtag1,c2,D14_Hashtag1_C00002,0,281
D14_ACTTTCATCACAACGT-1,D14_Hashtag1|C00002,PB,D14_Hashtag1,c3,D14_Hashtag1_C00002,0,281
D14_CACACCTTCGTTGACA-1,D14_Hashtag1|C00002,PB,D14_Hashtag1,c4,D14_Hashtag1_C00002,0,281
D14_CTGCCTACATTCTCAT-1,D14_Hashtag1|C00002,PB,D14_Hashtag1,c5,D14_Hashtag1_C00002,0,281
D14_GACTAACAGCCGGTAA-1,D14_Hashtag1|C00002,PB,D14_Hashtag1,c6,D14_Hashtag1_C00002,0,281
D14_GTCAAGTCATTCACTT-1,D14_Hashtag1|C00002,PB,D14_Hashtag1,c7,D14_Hashtag1_C00002,0,281
D14_TGAGCCGAGCACAGGT-1,D14_Hashtag1|C00002,PB,D14_Hashtag1,c8,D14_Hashtag1_C00002,0,281
D14_AACTCAGGTGAAATCA-1,D14_Hashtag1|C00003,PB,D14_Hashtag1,c1,D14_Hashtag1_C00003,0,278
D14_ACGCCGAGTTTGTGTG-1,D14_Hashtag1|C00003,Memory,D14_Hashtag1,c2,D14_Hashtag1_C00003,0,278
D14_AGCGTCGGTCCGAACC-1,D14_Hashtag1|C00003,PB,D14_Hashtag1,c3,D14_Hashtag1_C00003,0,278
D14_GGTATTGCAATGGTCT-1,D14_Hashtag1|C00003,PB,D14_Hashtag1,c4,D14_Hashtag1_C00003,0,278
D14_GTACTCCCATCGATTG-1,D14_Hashtag1|C00003,PB,D14_Hashtag1,c5,D14_Hashtag1_C00003,0,278
D14_TACAGTGAGTGCCATT-1,D14_Hashtag1|C00003,Memory,D14_Hashtag1,c6,D14_Hashtag1_C00003,0,278
D14_TTGAACGGTTAAGATG-1,D14_Hashtag1|C00003,PB,D14_Hashtag1,c7,D14_Hashtag1_C00003,0,278
D14_ACTTACTCATCACGTA-1,D14_Hashtag1|C00004,Naive Follicular,D14_Hashtag1,c1,D14_Hashtag1_C00004,0,270
D14_CGCGTTTCAATCGAAA-1,D14_Hashtag1|C00004,PB,D14_Hashtag1,c2,D14_Hashtag1_C00004,0,270
D14_CTGATAGAGATGTCGG-1,D14_Hashtag1|C00004,GC,D14_Hashtag1,c3,D14_Hashtag1_C00004,0,270
D14_GAGCAGAGTCACACGC-1,D14_Hashtag1|C00004,GC,D14_Hashtag1,c4,D14_Hashtag1_C00004,0,270
D14_GAGCAGAGTGGCAAAC-1,D14_Hashtag1|C00004,GC,D14_Hashtag1,c5,D14_Hashtag1_C00004,0,270
D14_GTGTTAGGTCGCGTGT-1,D14_Hashtag1|C00004,GC,D14_Hashtag1,c6,D14_Hashtag1_C00004,0,270
D14_CAGCCGACACCGATAT-1,D14_Hashtag1|C00005,PB,D14_Hashtag1,c1,D14_Hashtag1_C00005,0,264
D14_TGTTCCGTCATCGATG-1,D14_Hashtag1|C00005,Memory,D14_Hashtag1,c2,D14_Hashtag1_C00005,0,264
D14_TTAGGCACAAATTGCC-1,D14_Hashtag1|C00005,Memory,D14_Hashtag1,c3,D14_Hashtag1_C00005,0,264
D14_TTGCGTCAGCCTATGT-1,D14_Hashtag1|C00005,Memory,D14_Hashtag1,c4,D14_Hashtag1_C00005,0,264
D14_AGTTGGTGTAAGTGTA-1,D14_Hashtag1|C00006,PB,D14_Hashtag1,c1,D14_Hashtag1_C00006,0,270
D14_CTCTACGTCCTCTAGC-1,D14_Hashtag1|C00006,GC,D14_Hashtag1,c2,D14_Hashtag1_C00006,0,270
D14_GACCTGGGTAGGGTAC-1,D14_Hashtag1|C00006,GC,D14_Hashtag1,c3,D14_Hashtag1_C00006,0,270
D14_TAGTGGTAGCTGCAAG-1,D14_Hashtag1|C00006,PB,D14_Hashtag1,c4,D14_Hashtag1_C00006,0,270
D14_AGCTCCTTCGAACGGA-1,D14_Hashtag1|C00007,PB,D14_Hashtag1,c1,D14_Hashtag1_C00007,1,270
D14_CTTGGCTGTGCAGACA-1,D14_Hashtag1|C00007,PB,D14_Hashtag1,c2,D14_Hashtag1_C00007,1,270
D14_GCGCCAATCAGCTCTC-1,D14_Hashtag1|C00007,PB,D14_Hashtag1,c3,D14_Hashtag1_C00007,1,270
D14_TACCTATTCTATGTGG-1,D14_Hashtag1|C00007,PB,D14_Hashtag1,c4,D14_Hashtag1_C00007,1,270
D14_ACACCCTGTTTGTTGG-1,D14_Hashtag1|C00008,B1,D14_Hashtag1,c1,D14_Hashtag1_C00008,0,272
D14_CTGAAGTAGCTCTCGG-1,D14_Hashtag1|C00008,B1,D14_Hashtag1,c2,D14_Hashtag1_C00008,0,272
D14_GGAAAGCAGATGAGAG-1,D14_Hashtag1|C00008,B1,D14_Hashtag1,c3,D14_Hashtag1_C00008,0,272
D14_GGAACTTTCTGGTATG-1,D14_Hashtag1|C00008,B1,D14_Hashtag1,c4,D14_Hashtag1_C00008,0,272
D14_ACACCAAGTAATAGCA-1,D14_Hashtag1|C00009,PB,D14_Hashtag1,c1,D14_Hashtag1_C00009,0,278
D14_CTGTGCTTCAGGCCCA-1,D14_Hashtag1|C00009,PB,D14_Hashtag1,c2,D14_Hashtag1_C00009,0,278
D14_GGTGCGTAGATCCCAT-1,D14_Hashtag1|C00009,PB,D14_Hashtag1,c3,D14_Hashtag1_C00009,0,278
D14_ATTTCTGCACCGATAT-1,D14_Hashtag1|C00010,PB,D14_Hashtag1,c1,D14_Hashtag1_C00010,0,280
D14_GACCTGGCACAAGCCC-1,D14_Hashtag1|C00010,PB,D14_Hashtag1,c2,D14_Hashtag1_C00010,0,280
D14_GTATTCTGTGCCTGGT-1,D14_Hashtag1|C00010,PB,D14_Hashtag1,c3,D14_Hashtag1_C00010,0,280
D14_AAACGGGCATCGGTTA-1,D14_Hashtag1|C00011,PB,D14_Hashtag1,c1,D14_Hashtag1_C00011,0,278
D14_AGCAGCCCAGTTTACG-1,D14_Hashtag1|C00011,PB,D14_Hashtag1,c2,D14_Hashtag1_C00011,0,278
D14_TGCGGGTTCTCCGGTT-1,D14_Hashtag1|C00011,PB,D14_Hashtag1,c3,D14_Hashtag1_C00011,0,278
D14_ACGCCGATCAGCGATT-1,D14_Hashtag1|C00012,PB,D14_Hashtag1,c1,D14_Hashtag1_C00012,0,270
D14_AGCTCCTGTGCACTTA-1,D14_Hashtag1|C00012,PB,D14_Hashtag1,c2,D14_Hashtag1_C00012,0,270
D14_CAACCAACATCGGGTC-1,D14_Hashtag1|C00012,Activated,D14_Hashtag1,c3,D14_Hashtag1_C00012,1,270
D14_AGTTGGTTCGACCAGC-1,D14_Hashtag1|C00013,PB,D14_Hashtag1,c1,D14_Hashtag1_C00013,0,269
D14_CATTCGCGTGAAGGCT-1,D14_Hashtag1|C00013,PB,D14_Hashtag1,c2,D14_Hashtag1_C00013,0,269
D14_TATCAGGAGTCGCCGT-1,D14_Hashtag1|C00013,PB,D14_Hashtag1,c3,D14_Hashtag1_C00013,0,269
D14_CACAAACAGAATCTCC-1,D14_Hashtag1|C00014,PB,D14_Hashtag1,c1,D14_Hashtag1_C00014,0,270
D14_GACTAACTCGTCTGAA-1,D14_Hashtag1|C00014,PB,D14_Hashtag1,c2,D14_Hashtag1_C00014,0,270
D14_TCCCGATTCTGTTTGT-1,D14_Hashtag1|C00014,PB,D14_Hashtag1,c3,D14_Hashtag1_C00014,0,270
D14_ATTTCTGTCTCTAAGG-1,D14_Hashtag2|C00001,PB,D14_Hashtag2,c1,D14_Hashtag2_C00001,0,280
D14_GGGACCTAGGGATACC-1,D14_Hashtag2|C00001,PB,D14_Hashtag2,c2,D14_Hashtag2_C00001,0,280
D14_GTACTTTCATCCGCGA-1,D14_Hashtag2|C00001,PB,D14_Hashtag2,c3,D14_Hashtag2_C00001,0,280
D14_GTATCTTCACTTCGAA-1,D14_Hashtag2|C00001,PB,D14_Hashtag2,c4,D14_Hashtag2_C00001,0,280
D14_TACGGATAGGAGTCTG-1,D14_Hashtag2|C00001,PB,D14_Hashtag2,c5,D14_Hashtag2_C00001,0,280
D14_TGAGCCGGTAAATACG-1,D14_Hashtag2|C00001,PB,D14_Hashtag2,c6,D14_Hashtag2_C00001,0,280
D14_TTAGTTCGTCGGCACT-1,D14_Hashtag2|C00001,PB,D14_Hashtag2,c7,D14_Hashtag2_C00001,0,280
D14_CGGCTAGTCACTCCTG-1,D14_Hashtag2|C00002,PB,D14_Hashtag2,c1,D14_Hashtag2_C00002,0,270
D14_CTGATCCGTTGTGGAG-1,D14_Hashtag2|C00002,PB,D14_Hashtag2,c2,D14_Hashtag2_C00002,0,270
D14_CTTCTCTTCGGAAATA-1,D14_Hashtag2|C00002,PB,D14_Hashtag2,c3,D14_Hashtag2_C00002,0,270
D14_GCTCTGTCATGCAATC-1,D14_Hashtag2|C00002,PB,D14_Hashtag2,c4,D14_Hashtag2_C00002,0,270
D14_GTTCATTAGACACTAA-1,D14_Hashtag2|C00002,PB,D14_Hashtag2,c5,D14_Hashtag2_C00002,0,270
D14_TTGTAGGAGGCTACGA-1,D14_Hashtag2|C00002,PB,D14_Hashtag2,c6,D14_Hashtag2_C00002,0,270
D14_ATCCGAATCTTGTTTG-1,D14_Hashtag2|C00003,PB,D14_Hashtag2,c1,D14_Hashtag2_C00003,0,270
D14_CCAGCGAAGAAACGCC-1,D14_Hashtag2|C00003,PB,D14_Hashtag2,c2,D14_Hashtag2_C00003,0,270
D14_CTTGGCTCAGGACCCT-1,D14_Hashtag2|C00003,PB,D14_Hashtag2,c3,D14_Hashtag2_C00003,0,270
D14_GTACGTACACGACTCG-1,D14_Hashtag2|C00003,PB,D14_Hashtag2,c4,D14_Hashtag2_C00003,0,270
D14_TACAGTGGTCTGGAGA-1,D14_Hashtag2|C00003,PB,D14_Hashtag2,c5,D14_Hashtag2_C00003,0,270
D14_TTCTACATCAGTCCCT-1,D14_Hashtag2|C00003,PB,D14_Hashtag2,c6,D14_Hashtag2_C00003,0,270
D14_ATCATGGGTATAATGG-1,D14_Hashtag2|C00004,PB,D14_Hashtag2,c1,D14_Hashtag2_C00004,0,262
D14_CACAGTAAGAGAACAG-1,D14_Hashtag2|C00004,PB,D14_Hashtag2,c2,D14_Hashtag2_C00004,0,262
D14_CGCGTTTCATCCGCGA-1,D14_Hashtag2|C00004,PB,D14_Hashtag2,c3,D14_Hashtag2_C00004,0,262
D14_CTCTACGAGTAAGTAC-1,D14_Hashtag2|C00004,PB,D14_Hashtag2,c4,D14_Hashtag2_C00004,0,262
D14_TGTGTTTGTGCTCTTC-1,D14_Hashtag2|C00004,PB,D14_Hashtag2,c5,D14_Hashtag2_C00004,0,262
D14_ACGCCGACAAGCCATT-1,D14_Hashtag2|C00005,GC,D14_Hashtag2,c1,D14_Hashtag2_C00005,0,278
D14_CAACCAACAGCTGTTA-1,D14_Hashtag2|C00005,PB,D14_Hashtag2,c2,D14_Hashtag2_C00005,0,278
D14_CCATGTCTCTCTGAGA-1,D14_Hashtag2|C00005,PB,D14_Hashtag2,c3,D14_Hashtag2_C00005,0,278
D14_TAAACCGGTAGCACGA-1,D14_Hashtag2|C00005,PB,D14_Hashtag2,c4,D14_Hashtag2_C00005,0,278
D14_TCTGAGATCTAACTTC-1,D14_Hashtag2|C00005,PB,D14_Hashtag2,c5,D14_Hashtag2_C00005,0,278
D14_ACATCAGAGTCCGTAT-1,D14_Hashtag2|C00006,PB,D14_Hashtag2,c1,D14_Hashtag2_C00006,0,278
D14_CCAGCGAAGCGGCTTC-1,D14_Hashtag2|C00006,GC,D14_Hashtag2,c2,D14_Hashtag2_C00006,0,278
D14_GCTTCCAGTAAGGGAA-1,D14_Hashtag2|C00006,PB,D14_Hashtag2,c3,D14_Hashtag2_C00006,0,278
D14_TAGACCATCGCTGATA-1,D14_Hashtag2|C00006,GC,D14_Hashtag2,c4,D14_Hashtag2_C00006,0,278
D14_TGCGTGGGTAGAAAGG-1,D14_Hashtag2|C00006,GC,D14_Hashtag2,c5,D14_Hashtag2_C00006,3,278
D14_AGCTCCTCAGCGTTCG-1,D14_Hashtag2|C00007,GC,D14_Hashtag2,c1,D14_Hashtag2_C00007,0,270
D14_CAGCGACCAGCCAATT-1,D14_Hashtag2|C00007,PB,D14_Hashtag2,c2,D14_Hashtag2_C00007,0,270
D14_CCGGTAGGTACGCACC-1,D14_Hashtag2|C00007,GC,D14_Hashtag2,c3,D14_Hashtag2_C00007,0,270
D14_GGGACCTCACAACGTT-1,D14_Hashtag2|C00007,GC,D14_Hashtag2,c4,D14_Hashtag2_C00007,0,270
D14_CCACCTAAGGGATCTG-1,D14_Hashtag2|C00008,PB,D14_Hashtag2,c1,D14_Hashtag2_C00008,0,278
D14_GTAGTCAGTTACCGAT-1,D14_Hashtag2|C00008,Atypical,D14_Hashtag2,c2,D14_Hashtag2_C00008,1,278
D14_TACCTTAAGACTAGGC-1,D14_Hashtag2|C00008,GC,D14_Hashtag2,c3,D14_Hashtag2_C00008,2,278
D14_AAACGGGCACAGGAGT-1,D14_Hashtag2|C00009,PB,D14_Hashtag2,c1,D14_Hashtag2_C00009,0,278
D14_CGGACTGTCATTGCGA-1,D14_Hashtag2|C00009,PB,D14_Hashtag2,c2,D14_Hashtag2_C00009,0,278
D14_TACTCATCAGGCGATA-1,D14_Hashtag2|C00009,Naive Follicular,D14_Hashtag2,c3,D14_Hashtag2_C00009,0,278
D14_AGCGGTCAGAGTAATC-1,D14_Hashtag2|C00010,PB,D14_Hashtag2,c1,D14_Hashtag2_C00010,0,268
D14_AGCTTGACACTGAAGG-1,D14_Hashtag2|C00010,PB,D14_Hashtag2,c2,D14_Hashtag2_C00010,0,268
D14_TAGCCGGTCGCGTTTC-1,D14_Hashtag2|C00010,PB,D14_Hashtag2,c3,D14_Hashtag2_C00010,0,268
D14_ACTGATGGTAGGGTAC-1,D14_Hashtag2|C00011,Naive Follicular,D14_Hashtag2,c1,D14_Hashtag2_C00011,0,280
D14_AGAATAGCAACGATGG-1,D14_Hashtag2|C00011,Memory,D14_Hashtag2,c2,D14_Hashtag2_C00011,0,280
D14_TTCTCAACAAGTCATC-1,D14_Hashtag2|C00011,Naive Follicular,D14_Hashtag2,c3,D14_Hashtag2_C00011,0,280
D14_GGGAGATTCGTACGGC-1,D14_Hashtag2|C00012,PB,D14_Hashtag2,c1,D14_Hashtag2_C00012,0,274
D14_GTCGGGTGTTGACGTT-1,D14_Hashtag2|C00012,nan,D14_Hashtag2,c2,D14_Hashtag2_C00012,0,274
D14_TTGGAACAGATGTCGG-1,D14_Hashtag2|C00012,PB,D14_Hashtag2,c3,D14_Hashtag2_C00012,0,274
D14_AAAGCAAGTGTTTGGT-1,D14_Hashtag2|C00013,Activated,D14_Hashtag2,c1,D14_Hashtag2_C00013,0,270
D14_CGAGCCACACGGATAG-1,D14_Hashtag2|C00013,PB,D14_Hashtag2,c2,D14_Hashtag2_C00013,0,270
D14_TACCTATTCGCTGATA-1,D14_Hashtag2|C00013,PB,D14_Hashtag2,c3,D14_Hashtag2_C00013,3,270
D14_AACGTTGTCACATGCA-1,D14_Hashtag3|C00001,PB,D14_Hashtag3,c1,D14_Hashtag3_C00001,0,278
D14_AGGTCCGGTCATACTG-1,D14_Hashtag3|C00001,PB,D14_Hashtag3,c2,D14_Hashtag3_C00001,0,278
D14_CTAATGGTCGCCTGTT-1,D14_Hashtag3|C00001,PB,D14_Hashtag3,c3,D14_Hashtag3_C00001,0,278
D14_CTGTGCTAGACCGGAT-1,D14_Hashtag3|C00001,Activated,D14_Hashtag3,c4,D14_Hashtag3_C00001,0,278
D14_GCTCTGTTCTGGGCCA-1,D14_Hashtag3|C00001,PB,D14_Hashtag3,c5,D14_Hashtag3_C00001,0,278
D14_TAAGAGAGTTAGTGGG-1,D14_Hashtag3|C00001,Memory,D14_Hashtag3,c6,D14_Hashtag3_C00001,0,278
D14_ACGAGCCCAGCATGAG-1,D14_Hashtag3|C00002,PB,D14_Hashtag3,c1,D14_Hashtag3_C00002,0,280
D14_CGTTGGGAGATAGCAT-1,D14_Hashtag3|C00002,PB,D14_Hashtag3,c2,D14_Hashtag3_C00002,0,280
D14_GTAACGTAGGGCTTCC-1,D14_Hashtag3|C00002,PB,D14_Hashtag3,c3,D14_Hashtag3_C00002,0,280
D14_CGAATGTGTGAGTGAC-1,D14_Hashtag3|C00003,PB,D14_Hashtag3,c1,D14_Hashtag3_C00003,0,269
D14_GCAATCAAGGAATTAC-1,D14_Hashtag3|C00003,Memory,D14_Hashtag3,c2,D14_Hashtag3_C00003,0,269
D14_TCATTTGGTCACACGC-1,D14_Hashtag3|C00003,PB,D14_Hashtag3,c3,D14_Hashtag3_C00003,0,269
D14_ACATCAGTCTTCAACT-1,D14_Hashtag4|C00001,PB,D14_Hashtag4,c1,D14_Hashtag4_C00001,0,278
D14_AGGGATGAGCTCTCGG-1,D14_Hashtag4|C00001,PB,D14_Hashtag4,c2,D14_Hashtag4_C00001,0,278
D14_AGTCTTTAGCTCCTTC-1,D14_Hashtag4|C00001,PB,D14_Hashtag4,c3,D14_Hashtag4_C00001,0,278
D14_AGTGAGGCAAAGGCGT-1,D14_Hashtag4|C00001,GC,D14_Hashtag4,c4,D14_Hashtag4_C00001,0,278
D14_GGACAAGTCTTACCGC-1,D14_Hashtag4|C00001,GC,D14_Hashtag4,c5,D14_Hashtag4_C00001,0,278
D14_TACCTTAGTGGAAAGA-1,D14_Hashtag4|C00001,PB,D14_Hashtag4,c6,D14_Hashtag4_C00001,0,278
D14_TAGCCGGCACAGATTC-1,D14_Hashtag4|C00001,PB,D14_Hashtag4,c7,D14_Hashtag4_C00001,0,278
D14_TTTCCTCCACTGTCGG-1,D14_Hashtag4|C00001,GC,D14_Hashtag4,c8,D14_Hashtag4_C00001,0,278
D14_AACTGGTAGGGCTTCC-1,D14_Hashtag4|C00002,PB,D14_Hashtag4,c1,D14_Hashtag4_C00002,0,265
D14_ATGAGGGTCCTAGGGC-1,D14_Hashtag4|C00002,PB,D14_Hashtag4,c2,D14_Hashtag4_C00002,0,265
D14_ATGCGATGTACAAGTA-1,D14_Hashtag4|C00002,PB,D14_Hashtag4,c3,D14_Hashtag4_C00002,0,265
D14_ATTGGTGTCCTTGACC-1,D14_Hashtag4|C00002,GC,D14_Hashtag4,c4,D14_Hashtag4_C00002,0,265
D14_CACTCCATCTTGAGAC-1,D14_Hashtag4|C00002,PB,D14_Hashtag4,c5,D14_Hashtag4_C00002,0,265
D14_GCTGCTTAGCGTGAAC-1,D14_Hashtag4|C00002,PB,D14_Hashtag4,c6,D14_Hashtag4_C00002,0,265
D14_AGGGAGTGTTCTCATT-1,D14_Hashtag4|C00003,PB,D14_Hashtag4,c1,D14_Hashtag4_C00003,0,278
D14_CCCATACGTCTGATTG-1,D14_Hashtag4|C00003,PB,D14_Hashtag4,c2,D14_Hashtag4_C00003,0,278
D14_CGAGCCAGTACAGTGG-1,D14_Hashtag4|C00003,PB,D14_Hashtag4,c3,D14_Hashtag4_C00003,0,278
D14_CGGAGTCTCACTTACT-1,D14_Hashtag4|C00003,PB,D14_Hashtag4,c4,D14_Hashtag4_C00003,0,278
D14_GGGCACTAGCTCCTTC-1,D14_Hashtag4|C00003,PB,D14_Hashtag4,c5,D14_Hashtag4_C00003,0,278
D14_ACTATCTGTGCACTTA-1,D14_Hashtag4|C00004,PB,D14_Hashtag4,c1,D14_Hashtag4_C00004,0,276
D14_CACACAAAGAATGTGT-1,D14_Hashtag4|C00004,PB,D14_Hashtag4,c2,D14_Hashtag4_C00004,0,276
D14_GTACTCCGTGAGTGAC-1,D14_Hashtag4|C00004,PB,D14_Hashtag4,c3,D14_Hashtag4_C00004,0,276
D14_TGAGAGGCAGCTCGAC-1,D14_Hashtag4|C00004,PB,D14_Hashtag4,c4,D14_Hashtag4_C00004,0,276
D14_AGAGCGATCTGTGCAA-1,D14_Hashtag4|C00005,PB,D14_Hashtag4,c1,D14_Hashtag4_C00005,0,270
D14_CATGACAAGGCGTACA-1,D14_Hashtag4|C00005,PB,D14_Hashtag4,c2,D14_Hashtag4_C00005,0,270
D14_CGGGTCACACGAAATA-1,D14_Hashtag4|C00005,PB,D14_Hashtag4,c3,D14_Hashtag4_C00005,0,270
D14_CGTGTAATCAGGCGAA-1,D14_Hashtag4|C00005,PB,D14_Hashtag4,c4,D14_Hashtag4_C00005,0,270
D14_GCTCCTAGTTACGACT-1,D14_Hashtag4|C00006,PB,D14_Hashtag4,c1,D14_Hashtag4_C00006,0,270
D14_GGCTGGTCAAGTACCT-1,D14_Hashtag4|C00006,PB,D14_Hashtag4,c2,D14_Hashtag4_C00006,0,270
D14_TGTGGTACAAGTCTGT-1,D14_Hashtag4|C00006,PB,D14_Hashtag4,c3,D14_Hashtag4_C00006,0,270
D14_TTGAACGCAAGAGGCT-1,D14_Hashtag4|C00006,PB,D14_Hashtag4,c4,D14_Hashtag4_C00006,0,270
D14_AAGCCGCAGAATGTGT-1,D14_Hashtag4|C00007,GC,D14_Hashtag4,c1,D14_Hashtag4_C00007,2,270
D14_ACTGATGAGTCAAGGC-1,D14_Hashtag4|C00007,GC,D14_Hashtag4,c2,D14_Hashtag4_C00007,2,270
D14_CAGCTAATCCAGAAGG-1,D14_Hashtag4|C00007,GC,D14_Hashtag4,c3,D14_Hashtag4_C00007,2,270
D14_CGAGCACGTCGCCATG-1,D14_Hashtag4|C00008,PB,D14_Hashtag4,c1,D14_Hashtag4_C00008,0,280
D14_GATGAGGGTGCTGTAT-1,D14_Hashtag4|C00008,PB,D14_Hashtag4,c2,D14_Hashtag4_C00008,0,280
D14_GGAACTTGTATGCTTG-1,D14_Hashtag4|C00008,PB,D14_Hashtag4,c3,D14_Hashtag4_C00008,0,280
D14_AACCATGTCTGGGCCA-1,D14_Hashtag4|C00009,PB,D14_Hashtag4,c1,D14_Hashtag4_C00009,0,270
D14_GCATGTATCATAAAGG-1,D14_Hashtag4|C00009,PB,D14_Hashtag4,c2,D14_Hashtag4_C00009,0,270
D14_GTCTCGTGTACACCGC-1,D14_Hashtag4|C00009,PB,D14_Hashtag4,c3,D14_Hashtag4_C00009,0,270
D14_CGCGGTAAGGGCTTCC-1,D14_Hashtag4|C00010,Naive Follicular,D14_Hashtag4,c1,D14_Hashtag4_C00010,0,272
D14_GCGGGTTCACCACGTG-1,D14_Hashtag4|C00010,Naive Follicular,D14_Hashtag4,c2,D14_Hashtag4_C00010,0,272
D14_GTTAAGCTCCACTCCA-1,D14_Hashtag4|C00010,Naive Follicular,D14_Hashtag4,c3,D14_Hashtag4_C00010,0,272
D14_CTCGGGAAGGTCGGAT-1,D14_Hashtag4|C00011,PB,D14_Hashtag4,c1,D14_Hashtag4_C00011,0,269
D14_CTTCTCTCATCAGTCA-1,D14_Hashtag4|C00011,PB,D14_Hashtag4,c2,D14_Hashtag4_C00011,0,269
D14_GCGGGTTAGGAGTTTA-1,D14_Hashtag4|C00011,PB,D14_Hashtag4,c3,D14_Hashtag4_C00011,0,269
D14_CGTCCATGTGACAAAT-1,D14_Hashtag4|C00012,PB,D14_Hashtag4,c1,D14_Hashtag4_C00012,0,284
D14_GTCACAACAAGTCTGT-1,D14_Hashtag4|C00012,PB,D14_Hashtag4,c2,D14_Hashtag4_C00012,0,284
D14_TCAGCAAGTGTGCCTG-1,D14_Hashtag4|C00012,nan,D14_Hashtag4,c3,D14_Hashtag4_C00012,1,284
D14_GCTTCCAGTTGAGTTC-1,D14_Hashtag4|C00013,B1,D14_Hashtag4,c1,D14_Hashtag4_C00013,0,275
D14_GTTCATTTCCTCAATT-1,D14_Hashtag4|C00013,B1,D14_Hashtag4,c2,D14_Hashtag4_C00013,0,275
D14_TATGCCCTCAGCACAT-1,D14_Hashtag4|C00013,B1,D14_Hashtag4,c3,D14_Hashtag4_C00013,0,275
D14_ATCCACCGTGGTTTCA-1,D14_Hashtag5|C00001,Memory,D14_Hashtag5,c1,D14_Hashtag5_C00001,0,270
D14_ATCGAGTTCATGTAGC-1,D14_Hashtag5|C00001,PB,D14_Hashtag5,c2,D14_Hashtag5_C00001,0,270
D14_CGCGGTATCCGAAGAG-1,D14_Hashtag5|C00001,PB,D14_Hashtag5,c3,D14_Hashtag5_C00001,0,270
D14_CGGACGTAGCCACGTC-1,D14_Hashtag5|C00001,PB,D14_Hashtag5,c4,D14_Hashtag5_C00001,0,270
D14_GTACTTTTCACCTTAT-1,D14_Hashtag5|C00001,Memory,D14_Hashtag5,c5,D14_Hashtag5_C00001,0,270
D14_CACAAACAGTACGCCC-1,D14_Hashtag5|C00002,PB,D14_Hashtag5,c1,D14_Hashtag5_C00002,0,280
D14_CAGCTGGAGTTGTCGT-1,D14_Hashtag5|C00002,PB,D14_Hashtag5,c2,D14_Hashtag5_C00002,0,280
D14_CGTCACTAGAGATGAG-1,D14_Hashtag5|C00002,PB,D14_Hashtag5,c3,D14_Hashtag5_C00002,0,280
D14_CTGATAGGTCTCGTTC-1,D14_Hashtag5|C00002,PB,D14_Hashtag5,c4,D14_Hashtag5_C00002,0,280
D14_ATTATCCGTTGTGGAG-1,D14_Hashtag5|C00003,PB,D14_Hashtag5,c1,D14_Hashtag5_C00003,0,281
D14_CTGCCTACACAAGACG-1,D14_Hashtag5|C00003,PB,D14_Hashtag5,c2,D14_Hashtag5_C00003,0,281
D14_CTTACCGGTGCTGTAT-1,D14_Hashtag5|C00003,PB,D14_Hashtag5,c3,D14_Hashtag5_C00003,0,281
D14_GCAGCCAGTGTTCTTT-1,D14_Hashtag5|C00003,PB,D14_Hashtag5,c4,D14_Hashtag5_C00003,0,281
D14_CAACCTCGTCGACTGC-1,D14_Hashtag5|C00004,PB,D14_Hashtag5,c1,D14_Hashtag5_C00004,0,277
D14_GGACGTCAGATCACGG-1,D14_Hashtag5|C00004,PB,D14_Hashtag5,c2,D14_Hashtag5_C00004,0,277
D14_GGCCGATGTCCAAGTT-1,D14_Hashtag5|C00004,PB,D14_Hashtag5,c3,D14_Hashtag5_C00004,0,277
D14_TTGTAGGGTCTTGCGG-1,D14_Hashtag5|C00004,PB,D14_Hashtag5,c4,D14_Hashtag5_C00004,0,277
D14_ACGGGTCGTGCAACGA-1,D14_Hashtag5|C00005,PB,D14_Hashtag5,c1,D14_Hashtag5_C00005,0,270
D14_CCATGTCTCTCATTCA-1,D14_Hashtag5|C00005,PB,D14_Hashtag5,c2,D14_Hashtag5_C00005,0,270
D14_CTAGCCTCATCCGTGG-1,D14_Hashtag5|C00005,PB,D14_Hashtag5,c3,D14_Hashtag5_C00005,0,270
D14_GCAGTTAGTCTCTTAT-1,D14_Hashtag5|C00005,PB,D14_Hashtag5,c4,D14_Hashtag5_C00005,0,270
D14_AGCTCTCGTCTCGTTC-1,D14_Hashtag5|C00006,PB,D14_Hashtag5,c1,D14_Hashtag5_C00006,0,280
D14_GTGCATAGTAATTGGA-1,D14_Hashtag5|C00006,PB,D14_Hashtag5,c2,D14_Hashtag5_C00006,0,280
D14_GTTCATTTCCGATATG-1,D14_Hashtag5|C00006,PB,D14_Hashtag5,c3,D14_Hashtag5_C00006,0,280
D14_CATGCCTTCTTTACGT-1,D14_Hashtag5|C00007,PB,D14_Hashtag5,c1,D14_Hashtag5_C00007,0,280
D14_GATGAAATCTGGAGCC-1,D14_Hashtag5|C00007,PB,D14_Hashtag5,c2,D14_Hashtag5_C00007,0,280
D14_TTCTTAGCAATTCCTT-1,D14_Hashtag5|C00007,PB,D14_Hashtag5,c3,D14_Hashtag5_C00007,0,280
D14_CCATGTCGTGCAACGA-1,D14_Hashtag5|C00008,PB,D14_Hashtag5,c1,D14_Hashtag5_C00008,0,264
D14_GCTGCTTCATGCTGGC-1,D14_Hashtag5|C00008,Memory,D14_Hashtag5,c2,D14_Hashtag5_C00008,0,264
D14_TTGTAGGCACAGCGTC-1,D14_Hashtag5|C00008,PB,D14_Hashtag5,c3,D14_Hashtag5_C00008,0,264
D14_CTAGCCTCAGCAGTTT-1,D14_Hashtag5|C00009,PB,D14_Hashtag5,c1,D14_Hashtag5_C00009,0,270
D14_TCGTACCGTACGCTGC-1,D14_Hashtag5|C00009,PB,D14_Hashtag5,c2,D14_Hashtag5_C00009,0,270
D14_TTCTTAGTCTGCTGCT-1,D14_Hashtag5|C00009,PB,D14_Hashtag5,c3,D14_Hashtag5_C00009,0,270
D14_CGCGGTAGTCGCGAAA-1,D14_Hashtag5|C00010,B1,D14_Hashtag5,c1,D14_Hashtag5_C00010,0,272
D14_GCACATAAGATGTAAC-1,D14_Hashtag5|C00010,B1,D14_Hashtag5,c2,D14_Hashtag5_C00010,0,272
D14_GTCTCGTTCAGCACAT-1,D14_Hashtag5|C00010,B1,D14_Hashtag5,c3,D14_Hashtag5_C00010,0,272
D4_CTGCTGTTCGCTTAGA-1,D4_Hashtag2|C00001,Bystanders,D4_Hashtag2,c1,D4_Hashtag2_C00001,0,268
D4_GATGAAATCTCGCATC-1,D4_Hashtag2|C00001,Naive Follicular,D4_Hashtag2,c2,D4_Hashtag2_C00001,0,268
D4_TTGCGTCAGTCCATAC-1,D4_Hashtag2|C00001,Bystanders,D4_Hashtag2,c3,D4_Hashtag2_C00001,0,268
D4_CTGCCTATCAGCTCTC-1,D4_Hashtag2|C00002,B1,D4_Hashtag2,c1,D4_Hashtag2_C00002,0,272
D4_GTGTGCGCATGAGCGA-1,D4_Hashtag2|C00002,B1,D4_Hashtag2,c2,D4_Hashtag2_C00002,0,272
D4_TCAACGAGTTATCCGA-1,D4_Hashtag2|C00002,B1,D4_Hashtag2,c3,D4_Hashtag2_C00002,0,272
D4_ACTGTCCAGGGATGGG-1,D4_Hashtag3|C00001,B1,D4_Hashtag3,c1,D4_Hashtag3_C00001,0,272
D4_AGGTCCGAGTGGTAAT-1,D4_Hashtag3|C00001,B1,D4_Hashtag3,c2,D4_Hashtag3_C00001,0,272
D4_CCCATACAGCTAGTGG-1,D4_Hashtag3|C00001,B1,D4_Hashtag3,c3,D4_Hashtag3_C00001,0,272
D4_GCTGCTTCACCGATAT-1,D4_Hashtag3|C00001,B1,D4_Hashtag3,c4,D4_Hashtag3_C00001,0,272
D4_GTGCAGCGTCCCTTGT-1,D4_Hashtag3|C00001,B1,D4_Hashtag3,c5,D4_Hashtag3_C00001,0,272
D4_GTTCGGGTCTGTCTAT-1,D4_Hashtag3|C00001,B1,D4_Hashtag3,c6,D4_Hashtag3_C00001,0,272
D4_TGAAAGAAGCACACAG-1,D4_Hashtag3|C00001,B1,D4_Hashtag3,c7,D4_Hashtag3_C00001,0,272
D4_CAGAATCAGGCCATAG-1,D4_Hashtag3|C00002,MZ,D4_Hashtag3,c1,D4_Hashtag3_C00002,0,285
D4_GGGATGATCTACTATC-1,D4_Hashtag3|C00002,MZ,D4_Hashtag3,c2,D4_Hashtag3_C00002,0,285
D4_TCTATTGTCTGATTCT-1,D4_Hashtag3|C00002,MZ,D4_Hashtag3,c3,D4_Hashtag3_C00002,0,285
D4_CCCAGTTAGGGTCGAT-1,D4_Hashtag3|C00003,Naive Follicular,D4_Hashtag3,c1,D4_Hashtag3_C00003,0,270
D4_CTGCCTATCTCTTGAT-1,D4_Hashtag3|C00003,Activated,D4_Hashtag3,c2,D4_Hashtag3_C00003,0,270
D4_GTATTCTGTCTCCACT-1,D4_Hashtag3|C00003,Bystanders,D4_Hashtag3,c3,D4_Hashtag3_C00003,0,270
D4_AGAATAGAGATCCTGT-1,D4_Hashtag3|C00004,Bystanders,D4_Hashtag3,c1,D4_Hashtag3_C00004,0,275
D4_ATTATCCTCGTTACAG-1,D4_Hashtag3|C00004,Bystanders,D4_Hashtag3,c2,D4_Hashtag3_C00004,0,275
D4_CGATCGGAGGATGGAA-1,D4_Hashtag3|C00004,Bystanders,D4_Hashtag3,c3,D4_Hashtag3_C00004,0,275
D4_ACATCAGAGAGGGATA-1,D4_Hashtag3|C00005,Bystanders,D4_Hashtag3,c1,D4_Hashtag3_C00005,0,270
D4_ACGAGGAGTCAAACTC-1,D4_Hashtag3|C00005,Bystanders,D4_Hashtag3,c2,D4_Hashtag3_C00005,0,270
D4_GGCTGGTAGGGCTTCC-1,D4_Hashtag3|C00005,Bystanders,D4_Hashtag3,c3,D4_Hashtag3_C00005,0,270
D4_ACCAGTAAGGCAAAGA-1,D4_Hashtag3|C00006,Bystanders,D4_Hashtag3,c1,D4_Hashtag3_C00006,0,269
D4_CAGCAGCCAAACAACA-1,D4_Hashtag3|C00006,Bystanders,D4_Hashtag3,c2,D4_Hashtag3_C00006,0,269
D4_TGTGTTTGTTGTTTGG-1,D4_Hashtag3|C00006,Bystanders,D4_Hashtag3,c3,D4_Hashtag3_C00006,0,269
D4_CAACCAATCTCCAACC-1,D4_Hashtag4|C00001,B1,D4_Hashtag4,c1,D4_Hashtag4_C00001,0,272
D4_CACATAGTCCTCCTAG-1,D4_Hashtag4|C00001,B1,D4_Hashtag4,c2,D4_Hashtag4_C00001,0,272
D4_CATTCGCTCAAAGACA-1,D4_Hashtag4|C00001,B1,D4_Hashtag4,c3,D4_Hashtag4_C00001,0,272
D4_CCTTTCTGTGGGTATG-1,D4_Hashtag4|C00001,B1,D4_Hashtag4,c4,D4_Hashtag4_C00001,0,272
D4_TTGGAACCAATAGCAA-1,D4_Hashtag4|C00001,B1,D4_Hashtag4,c5,D4_Hashtag4_C00001,0,272
D4_AAGCCGCTCAGCACAT-1,D4_Hashtag4|C00002,Bystanders,D4_Hashtag4,c1,D4_Hashtag4_C00002,0,271
D4_CCAGCGAAGACATAAC-1,D4_Hashtag4|C00002,Memory,D4_Hashtag4,c2,D4_Hashtag4_C00002,0,271
D4_GCATGCGTCTTGTCAT-1,D4_Hashtag4|C00002,Memory,D4_Hashtag4,c3,D4_Hashtag4_C00002,0,271
D4_ATGCGATGTAGCTCCG-1,D4_Hashtag4|C00003,Bystanders,D4_Hashtag4,c1,D4_Hashtag4_C00003,0,270
D4_CATGGCGAGAGGTTGC-1,D4_Hashtag4|C00003,Bystanders,D4_Hashtag4,c2,D4_Hashtag4_C00003,0,270
D4_TGCTGCTAGTTAACGA-1,D4_Hashtag4|C00003,Bystanders,D4_Hashtag4,c3,D4_Hashtag4_C00003,0,270
D4_ATCATGGGTCCCTTGT-1,D4_Hashtag5|C00001,B1,D4_Hashtag5,c1,D4_Hashtag5_C00001,0,273
D4_CACTCCAGTCTCTTTA-1,D4_Hashtag5|C00001,B1,D4_Hashtag5,c2,D4_Hashtag5_C00001,0,273
D4_CCACGGAGTTCAGCGC-1,D4_Hashtag5|C00001,B1,D4_Hashtag5,c3,D4_Hashtag5_C00001,0,273
D4_CGACTTCAGACAGAGA-1,D4_Hashtag5|C00001,B1,D4_Hashtag5,c4,D4_Hashtag5_C00001,0,273
D4_GTGCGGTGTTAAAGTG-1,D4_Hashtag5|C00001,B1,D4_Hashtag5,c5,D4_Hashtag5_C00001,0,273
D4_TATGCCCCATTGCGGC-1,D4_Hashtag5|C00001,B1,D4_Hashtag5,c6,D4_Hashtag5_C00001,0,273
D4_TCTATTGAGCTAGTGG-1,D4_Hashtag5|C00001,B1,D4_Hashtag5,c7,D4_Hashtag5_C00001,0,273
D4_AGGCCACAGAACTGTA-1,D4_Hashtag5|C00002,B1,D4_Hashtag5,c1,D4_Hashtag5_C00002,0,272
D4_CAGCTGGTCGGTCTAA-1,D4_Hashtag5|C00002,B1,D4_Hashtag5,c2,D4_Hashtag5_C00002,0,272
D4_CCGGGATTCTCTTGAT-1,D4_Hashtag5|C00002,B1,D4_Hashtag5,c3,D4_Hashtag5_C00002,0,272
D4_CGACCTTTCTTAGAGC-1,D4_Hashtag5|C00002,B1,D4_Hashtag5,c4,D4_Hashtag5_C00002,0,272
D4_CTTGGCTAGCTACCTA-1,D4_Hashtag5|C00002,B1,D4_Hashtag5,c5,D4_Hashtag5_C00002,0,272
D4_CTCACACGTCATCCCT-1,D4_Hashtag5|C00003,Bystanders,D4_Hashtag5,c1,D4_Hashtag5_C00003,0,270
D4_GTTACAGCAGGTCGTC-1,D4_Hashtag5|C00003,Bystanders,D4_Hashtag5,c2,D4_Hashtag5_C00003,0,270
D4_TAAACCGCACCGTTGG-1,D4_Hashtag5|C00003,MZ,D4_Hashtag5,c3,D4_Hashtag5_C00003,0,270
D4_TAAGAGAAGGATTCGG-1,D4_Hashtag5|C00003,Bystanders,D4_Hashtag5,c4,D4_Hashtag5_C00003,0,270
D4_AGACGTTTCAACGCTA-1,D4_Hashtag5|C00004,B1,D4_Hashtag5,c1,D4_Hashtag5_C00004,0,272
D4_GAAGCAGTCAACGGCC-1,D4_Hashtag5|C00004,B1,D4_Hashtag5,c2,D4_Hashtag5_C00004,0,272
D4_TAGTTGGGTTCAGACT-1,D4_Hashtag5|C00004,B1,D4_Hashtag5,c3,D4_Hashtag5_C00004,0,272
D4_TCAGCAAAGATCCGAG-1,D4_Hashtag5|C00004,B1,D4_Hashtag5,c4,D4_Hashtag5_C00004,0,272
D4_AGTGTCACACATAACC-1,D4_Hashtag5|C00005,Bystanders,D4_Hashtag5,c1,D4_Hashtag5_C00005,0,270
D4_CCGTTCACAGGAATCG-1,D4_Hashtag5|C00005,Activated,D4_Hashtag5,c2,D4_Hashtag5_C00005,0,270
D4_CGCGGTAAGGCGACAT-1,D4_Hashtag5|C00005,Bystanders,D4_Hashtag5,c3,D4_Hashtag5_C00005,0,270
D4_ACATACGCAGGTTTCA-1,D4_Hashtag5|C00006,Bystanders,D4_Hashtag5,c1,D4_Hashtag5_C00006,0,266
D4_GCACATAAGGAGTACC-1,D4_Hashtag5|C00006,Bystanders,D4_Hashtag5,c2,D4_Hashtag5_C00006,0,266
D4_TCTCATACAAGTTGTC-1,D4_Hashtag5|C00006,Bystanders,D4_Hashtag5,c3,D4_Hashtag5_C00006,0,266
D7_AACACGTCATACGCTA-1,D7_Hashtag1|C00001,B1,D7_Hashtag1,c1,D7_Hashtag1_C00001,0,272
D7_AGAATAGTCAAGCCTA-1,D7_Hashtag1|C00001,B1,D7_Hashtag1,c2,D7_Hashtag1_C00001,0,272
D7_CACAGGCTCTCCGGTT-1,D7_Hashtag1|C00001,B1,D7_Hashtag1,c3,D7_Hashtag1_C00001,0,272
D7_CATGCCTAGATCCCAT-1,D7_Hashtag1|C00001,B1,D7_Hashtag1,c4,D7_Hashtag1_C00001,0,272
D7_AGGGTGATCAACGGCC-1,D7_Hashtag3|C00001,B1,D7_Hashtag3,c1,D7_Hashtag3_C00001,0,272
D7_CTGAAACAGCACAGGT-1,D7_Hashtag3|C00001,B1,D7_Hashtag3,c2,D7_Hashtag3_C00001,0,272
D7_TGAGCCGCATCCCATC-1,D7_Hashtag3|C00001,B1,D7_Hashtag3,c3,D7_Hashtag3_C00001,0,272
