pooled_vdj_productive,X_allgenes_0,X_allgenes_1,n_cells,x,y,clone_cluster,marker:Myc,marker:Top2a,marker:Bcl6,marker:Aicda,marker:Mki67,marker:Prdm1,marker:Xbp1,marker:Jchain,marker:Mzb1,marker:Sdc1,marker:Irf4,marker:Plasma cell,marker:Cycling,gate:light zone,gate:Myc+ light zone,gate:dark zone,gate:plasma cell,dominant_gate,n_donors
IGHV1-12*01_IGHD1-1*01_IGHJ1*03,7.105563640594482,5.918614387512207,1,2.8709552,-3.2120202,2,0.19955397,1.7804453,0.0,0.0,2.1266205,0.036148384,3.008227,3.6654441,0.0,2.4340405,2.1821113,0.86423206,0.86659193,0.0,0.0,0.0,1.0,plasma cell,1
IGHV1-12*01_IGHD1-1*01_IGHJ2*01,-2.9575138092041016,11.409005165100098,1,-3.6333222,6.9589176,0,0.0,0.0,1.8957844,0.0,0.0,0.0,0.0,2.198263,0.0,0.0,0.0,-0.41369686,-0.8779397,1.0,0.0,0.0,0.0,light zone,1
IGHV1-12*01_IGHD2-13*01_IGHJ4*01,7.211505889892578,9.11378288269043,1,3.8073602,-2.455346,2,0.0,0.0,0.0,0.0,0.0,0.0,3.240493,3.9948683,0.0,3.0294745,2.0826626,1.0038668,-0.8779397,0.0,0.0,0.0,1.0,plasma cell,1
IGHV1-12*01_IGHD2-4*01_IGHJ3*01,9.395915031433105,8.79439640045166,1,4.8756704,-4.6101193,2,0.0,0.0,0.9347224,0.0,0.83750665,0.0,3.6399503,3.995768,0.0,2.5852952,3.5124125,1.2045125,-0.47913522,0.0,0.0,0.0,1.0,plasma cell,1
IGHV1-15*01_IGHD2-10*01_IGHJ2*01,-3.2701388597488403,8.283627271652222,2,-2.802769,8.511561,0,0.0,1.4656146,0.9038191,0.35762343,1.1396817,0.0,0.68216854,2.2865624,0.0,0.0,0.0,-0.32416987,0.2672153,1.0,0.0,0.0,0.0,light zone,2
IGHV1-18*01_IGHD1-1*01_IGHJ1*03,1.234923005104065,8.834371566772461,1,-0.18085366,13.581779,1,0.0,1.6527514,1.5109903,0.0,0.0,0.0,0.0,1.3480908,0.0,0.0,0.0,-0.5211,-0.19855402,0.0,1.0,0.0,0.0,Myc+ light zone,1
IGHV1-18*01_IGHD2-4*01_IGHJ3*01,-1.2400054931640625,7.8984456062316895,1,-3.069964,10.952695,0,0.0,2.7466965,1.1655612,0.19948366,1.2321213,0.0,2.8689284,3.6436267,0.0,1.8778418,1.5374644,0.64474845,0.8378392,1.0,0.0,0.0,0.0,light zone,1
IGHV1-20*01_IGHD2-4*01_IGHJ2*01,-1.2551416158676147,7.352457523345947,1,-2.4934983,10.662302,0,0.0,2.8861868,1.2734143,0.63963884,2.5552146,0.0,2.1253731,2.061967,0.0,0.0,0.0,-0.18673845,1.5252101,1.0,0.0,0.0,0.0,light zone,1
IGHV1-22*01_IGHD1-1*01_IGHJ1*03,2.2697155475616455,9.590458869934082,3,1.0798866,14.619367,1,0.0,0.55068064,1.1881273,0.57002133,1.2972866,0.0,1.7629291,2.559719,0.0,0.4863561,0.0,-0.087043464,-0.03383218,0.3333333333333333,0.0,0.3333333333333333,0.3333333333333333,light zone,3
IGHV1-22*01_IGHD1-1*01_IGHJ2*01,2.249605417251587,7.56842565536499,2,1.4084799,12.364781,3,0.0,2.4931946,1.2054193,0.0,0.9763286,0.0,1.7224413,3.203554,0.0,0.94106895,0.9294219,0.21009198,0.61183023,0.0,0.0,0.5,0.5,dark zone,2
IGHV1-22*01_IGHD1-1*01_IGHJ3*01,3.2270259097218514,8.254652643203736,10,2.3276484,12.808048,3,0.37347212,0.93627536,0.57003593,0.051267415,0.50895727,0.2117343,2.1426797,2.0966194,0.0,0.6563467,0.72234404,0.09239627,-0.2507155,0.1,0.6,0.0,0.3,Myc+ light zone,6
IGHV1-22*01_IGHD1-1*01_IGHJ4*01,-2.9242422580718994,12.850016593933105,1,-5.3564315,5.2886505,4,0.0,0.0,1.2691069,0.6129371,0.0,2.2553892,1.9883616,0.0,0.0,0.0,0.0,0.09697827,-0.8779397,1.0,0.0,0.0,0.0,light zone,1
IGHV1-22*01_IGHD2-1*01_IGHJ4*01,-1.6787116924921672,8.872634092966715,3,-3.9768276,10.348314,0,0.0,1.7669917,1.3569832,0.73080474,1.1083006,0.0,0.7942535,1.4852504,0.0,0.0,0.0,-0.41252342,0.37615737,0.6666666666666666,0.0,0.3333333333333333,0.0,light zone,2
IGHV1-22*01_IGHD2-14*01_IGHJ1*03,1.2772705554962158,8.854613304138184,1,-0.40113506,13.692313,1,0.9212233,0.0,1.0943274,0.0,0.3142979,0.0,0.0,2.3324142,0.0,0.0,0.0,-0.3967494,-0.72827715,1.0,0.0,0.0,0.0,light zone,1
IGHV1-22*01_IGHD2-2*01_IGHJ3*01,-1.4337985515594482,10.63153076171875,1,-4.494983,8.784822,0,0.0,2.3538735,0.0,0.0,2.6693015,0.0,0.0,2.6183898,0.0,0.0,0.0,-0.3606218,1.3607216,1.0,0.0,0.0,0.0,light zone,1
IGHV1-22*01_IGHD2-3*01_IGHJ3*01,1.7131036520004272,7.03765594959259,4,0.88376033,11.892788,3,0.27256817,2.2045348,1.1319214,0.29040045,1.436978,0.0,1.823885,2.7338018,0.0,0.81545275,0.21729596,0.029429585,0.7125251,0.5,0.0,0.25,0.25,light zone,3
IGHV1-22*01_IGHD2-5*01_IGHJ3*01,0.6389582753181458,5.668056011199951,1,-0.4992886,10.423898,0,0.0,2.8640783,0.0,0.0,2.4404585,0.0,1.3622519,1.0238017,0.0,0.0,0.0,-0.40556332,1.4614775,0.0,1.0,0.0,0.0,Myc+ light zone,1
IGHV1-22*01_IGHD3-1*01_IGHJ1*03,-1.8875932693481445,7.160080432891846,1,-2.5744321,9.987584,0,0.0,2.7417982,1.3068525,1.0971029,2.4366734,0.0,0.0,1.7781308,0.0,0.0,0.0,-0.4667726,1.4094102,1.0,0.0,0.0,0.0,light zone,1
IGHV1-22*01_IGHD3-2*02_IGHJ3*01,-3.7259373664855957,6.937175273895264,1,-2.254352,8.44202,0,0.0,2.230599,1.5020974,0.48204863,2.339427,0.0,1.6691333,3.1495748,0.0,0.0,0.0,-0.10175567,1.1529679,0.0,0.0,1.0,0.0,dark zone,1
IGHV1-22*01_IGHD5-2*01_IGHJ1*03,-1.9601532220840454,12.093381881713867,1,-4.478334,6.518037,4,0.0,1.6696746,2.4328876,0.48102897,0.0,0.0,0.0,2.1297612,0.0,0.0,0.0,-0.42235076,-0.19159752,1.0,0.0,0.0,0.0,light zone,1
IGHV1-26*01_IGHD1-1*01_IGHJ1*03,1.9116777181625366,9.936516761779785,1,0.6498462,14.83182,1,2.711799,0.0,0.0,0.0,0.0,0.0,1.7571597,0.0,0.0,0.0,0.0,-0.48953164,-0.8779397,0.0,1.0,0.0,0.0,Myc+ light zone,1
IGHV1-26*01_IGHD1-1*01_IGHJ3*01,-1.846106857061386,9.190577507019043,2,-4.043806,10.025776,0,0.0,1.5001456,0.84311926,0.20688872,0.95277804,0.0,1.6733359,0.42164734,0.0,0.0,0.0,-0.44589472,0.19240981,1.0,0.0,0.0,0.0,light zone,2
IGHV1-26*01_IGHD2-1*01_IGHJ1*03,-1.6183634996414185,13.352350234985352,1,-5.273624,5.8784595,4,0.0,0.0,0.0,0.0,0.0,0.0,0.0,0.0,0.0,0.0,0.0,-0.6914057,-0.8779397,0.0,0.0,1.0,0.0,dark zone,1
IGHV1-26*01_IGHD2-13*01_IGHJ2*01,1.944308876991272,6.043490886688232,1,1.807184,11.268399,3,2.3476467,0.7320217,0.6149943,0.0,0.3377996,0.0,1.0978842,2.2139733,0.0,0.0,0.0,-0.28558,-0.4161787,1.0,0.0,0.0,0.0,light zone,1
IGHV1-26*01_IGHD3-2*02_IGHJ2*01,-2.505110025405884,10.668489456176758,1,-3.896493,7.662312,0,0.0,0.0,2.2278504,0.8793545,0.0,0.0,0.0,2.7207236,0.0,0.0,0.0,-0.3476939,-0.8779397,0.0,0.0,1.0,0.0,dark zone,1
IGHV1-37*01_IGHD1-1*01_IGHJ2*01,2.095764636993408,8.437362670898438,1,0.94558734,13.084486,3,0.0,0.0,0.0,0.0,0.0,0.0,1.1149364,0.0,0.0,0.0,0.0,-0.5633145,-0.8779397,0.0,1.0,0.0,0.0,Myc+ light zone,1
IGHV1-39*01_IGHD1-1*01_IGHJ2*01,2.1105775833129883,10.070374488830566,1,0.95342046,15.091719,1,1.3528109,0.0,0.0,0.0,0.0,0.0,0.0,0.0,0.0,0.0,0.0,-0.6914057,-0.8779397,0.0,1.0,0.0,0.0,Myc+ light zone,1
IGHV1-39*01_IGHD2-1*01_IGHJ4*01,-1.8533737659454346,12.316548347473145,1,-4.776107,6.5371017,4,0.0,0.0,0.54663277,0.0,0.0,0.0,0.0,2.064786,0.0,0.0,0.0,-0.43055916,-0.8779397,1.0,0.0,0.0,0.0,light zone,1
IGHV1-39*01_IGHD2-4*01_IGHJ3*01,1.0419368743896484,7.973288536071777,1,-0.5122918,12.651436,1,2.308844,2.8182857,0.0,0.0,1.6615049,0.0,0.0,0.0,0.0,0.0,2.0384314,-0.3687787,1.0717311,1.0,0.0,0.0,0.0,light zone,1
IGHV1-4*01_IGHD2-13*01_IGHJ2*01,8.655588150024414,6.205319404602051,1,3.8415918,-4.2957683,2,0.0,0.0,0.0,0.0,0.0,2.4316528,3.5717342,4.3697214,0.0,2.4571736,2.5165691,1.6693449,-0.8779397,0.0,0.0,0.0,1.0,plasma cell,1
IGHV1-4*01_IGHD2-3*01_IGHJ4*01,-0.5209485292434692,9.208597183227539,1,-3.1038158,12.798975,1,0.0,3.330441,1.6342945,0.0,0.0,0.0,1.4314731,1.5457612,0.0,0.0,0.0,-0.33167103,0.49108285,1.0,0.0,0.0,0.0,light zone,1
IGHV1-5*01_IGHD1-1*02_IGHJ4*01,-0.4400023818016052,5.169816017150879,1,-0.9927304,9.728952,0,1.6745608,1.7117811,1.4128851,0.0,2.1231608,0.0,2.055178,0.2650925,0.0,0.0,0.13501011,-0.4004356,0.83671916,0.0,1.0,0.0,0.0,Myc+ light zone,1
IGHV1-5*01_IGHD2-4*01_IGHJ2*01,-1.443877398967743,9.163581132888794,2,-4.1132355,10.691553,0,0.0,1.5104742,0.25791132,0.55953985,1.2685009,0.0,1.9399927,1.0220639,0.0,0.0,0.0,-0.33940822,0.34699667,0.5,0.5,0.0,0.0,light zone,2
IGHV1-50*01_IGHD2-4*01_IGHJ2*01,1.7354187965393066,8.912521362304688,1,0.2886592,13.58252,1,1.5761033,0.79455334,0.0,0.94984794,0.0,0.0,0.0,0.0,0.0,0.0,0.0,-0.6914057,-0.5513279,1.0,0.0,0.0,0.0,light zone,1
IGHV1-52*01_IGHD2-4*01_IGHJ2*01,-2.526702880859375,12.787741661071777,1,-5.0288997,5.6202426,4,0.0,0.0,2.0954304,0.0,0.0,0.0,0.0,1.7795095,0.0,0.0,0.0,-0.4665984,-0.8779397,1.0,0.0,0.0,0.0,light zone,1
IGHV1-53*01_IGHD1-1*01_IGHJ2*01,-3.037943124771118,6.04231071472168,1,-1.9773297,8.804951,0,0.0,3.0355754,0.978248,1.0401679,2.808896,0.0,0.0,2.224265,0.0,0.0,0.0,-0.41041198,1.7074165,0.0,0.0,1.0,0.0,dark zone,1
IGHV1-53*01_IGHD1-1*01_IGHJ3*01,-0.5939466208219528,8.662204027175903,2,-3.0355895,12.294712,1,0.6845313,1.0078045,1.3409517,0.47195423,2.2920184,0.0,0.8459321,0.88112026,0.0,0.0,0.0,-0.48290664,0.6277468,0.5,0.5,0.0,0.0,light zone,2
IGHV1-53*01_IGHD1-1*02_IGHJ4*01,2.370731145143509,8.081949830055237,4,1.288764,12.936553,3,0.4422858,1.1717632,0.45238107,0.0,0.582065,0.0,1.124807,1.9898667,0.0,0.0,0.58909136,-0.21756175,-0.11910257,0.25,0.5,0.0,0.25,Myc+ light zone,4
IGHV1-53*01_IGHD2-1*01_IGHJ2*01,-2.15411639213562,13.40893268585205,1,-5.3578753,5.418447,4,0.0,0.0,0.028166907,0.0,0.0,0.0,0.0,0.028166907,0.0,0.0,0.0,-0.6878473,-0.8779397,0.0,0.0,1.0,0.0,dark zone,1
IGHV1-53*01_IGHD2-1*01_IGHJ4*01,-1.0099917650222778,8.121969223022461,1,-3.2341986,11.323873,0,0.0,2.5419042,0.76913023,0.040806636,2.0644155,0.0,1.3236938,2.522705,0.0,0.0,0.0,-0.22063512,1.149979,1.0,0.0,0.0,0.0,light zone,1
IGHV1-53*01_IGHD2-12*01_IGHJ4*01,2.033973217010498,10.89586067199707,1,0.73309535,15.413587,1,2.9122243,0.24527316,0.016218957,0.0,0.0,0.0,0.0,0.0,0.0,0.0,1.8244978,-0.40263844,-0.7771169,1.0,0.0,0.0,0.0,light zone,1
IGHV1-53*01_IGHD2-13*01_IGHJ4*01,2.6900997161865234,7.166964054107666,1,1.8987299,12.092923,3,1.6891513,0.0,0.7933898,0.0,0.5957526,0.0,0.0,0.0,0.0,0.0,0.052192636,-0.68314505,-0.59425384,1.0,0.0,0.0,0.0,light zone,1
IGHV1-53*01_IGHD2-2*01_IGHJ4*01,-2.546764850616455,13.277761459350586,1,-5.6435213,5.5773935,4,0.0,0.0,0.0,0.0,0.0,0.0,0.0,0.0,0.0,0.0,0.0,-0.6914057,-0.8779397,1.0,0.0,0.0,0.0,light zone,1
IGHV1-53*01_IGHD2-4*01_IGHJ2*01,-0.9413379629453024,8.099054972330729,3,-3.1637197,11.379504,0,0.0,1.8585901,1.4397264,0.6030541,2.0466444,0.0,1.2516392,1.4751998,0.0,0.0,0.5181363,-0.27923906,0.8606314,0.6666666666666666,0.3333333333333333,0.0,0.0,light zone,3
IGHV1-53*01_IGHD2-4*01_IGHJ3*01,8.679308732350668,8.25573984781901,3,4.3563786,-3.760251,2,0.0,0.65495765,0.0033792725,0.0,1.4835495,1.1287597,3.3795588,3.9317296,0.0,2.1662529,1.7446297,1.0993594,0.0977271,0.0,0.0,0.0,1.0,plasma cell,2
IGHV1-53*01_IGHD2-5*01_IGHJ2*01,-1.2006407976150513,12.783595085144043,1,-4.853851,6.6011267,4,0.0,0.0,1.412296,0.71516985,0.0,0.0,0.0,0.027839504,0.0,0.0,0.0,-0.6878887,-0.8779397,1.0,0.0,0.0,0.0,light zone,1
IGHV1-55*01_IGHD1-1*01_IGHJ1*03,-1.3726515769958496,7.781337261199951,1,-3.0274272,10.55265,0,0.0,2.2378767,2.0261407,0.38856468,0.48077112,0.0,1.5450269,1.8596276,0.0,0.0,0.0,-0.27897418,0.2709035,1.0,0.0,0.0,0.0,light zone,1
IGHV1-55*01_IGHD1-2*01_IGHJ2*01,7.401121139526367,5.327478885650635,1,3.0033228,-3.5961585,2,1.0095023,1.7895441,0.6089905,0.0,1.3483726,0.72917783,2.7183394,3.3473384,0.0,2.2592413,2.172701,0.93311447,0.49974546,0.0,0.0,0.0,1.0,plasma cell,1
IGHV1-55*01_IGHD2-5*01_IGHJ4*01,-1.2137932777404785,8.358661651611328,1,-3.6282103,11.009836,0,0.0,2.4234288,1.5736084,0.0,0.0,0.0,2.223741,2.272641,0.0,0.0,0.0,-0.14882264,0.11824328,1.0,0.0,0.0,0.0,light zone,1
IGHV1-55*01_IGHD3-1*01_IGHJ2*01,-0.7868285775184631,7.184096336364746,1,-2.2567804,10.969564,0,0.0,2.9772415,2.542218,0.6368172,2.1690824,0.0,0.0,1.7939118,0.0,0.0,0.0,-0.46477893,1.3787706,1.0,0.0,0.0,0.0,light zone,1
IGHV1-58*01_IGHD1-3*01_IGHJ3*01,9.3015718460083,9.528943061828613,1,4.8806076,-4.4976315,2,0.0,0.0,0.0,0.0,1.3162932,0.0,3.7414765,3.9717717,0.0,2.3378103,2.6857717,1.0423893,-0.2511463,0.0,0.0,0.0,1.0,plasma cell,1
IGHV1-59*01_IGHD1-1*01_IGHJ1*03,1.555221438407898,8.187417030334473,1,0.2584391,12.863101,1,0.0,2.0983443,1.4441309,0.0,1.732063,0.0,1.3097653,1.9621013,0.0,0.0,0.0,-0.29305696,0.8093879,0.0,1.0,0.0,0.0,Myc+ light zone,1
IGHV1-62-2*01_IGHD1-1*01_IGHJ3*01,3.2217372258504233,7.890648523966472,3,2.2958932,12.5689535,3,0.4068619,0.8347849,0.9111288,0.3714814,1.1547203,0.0059347865,1.8331956,2.9086545,0.0,0.74146223,0.33947217,0.061463755,0.015065392,0.0,0.3333333333333333,0.3333333333333333,0.3333333333333333,Myc+ light zone,3
IGHV1-62-2*01_IGHD2-2*01_IGHJ3*01,0.5463331341743469,4.983469009399414,1,-0.5863594,10.027423,0,1.8149052,2.005609,1.64295,0.0,1.7767256,0.0,1.7228454,2.0618703,0.0,0.0,0.56535524,-0.14351566,0.7925353,0.0,1.0,0.0,0.0,Myc+ light zone,1
IGHV1-62-2*01_IGHD2-4*01_IGHJ3*01,7.025096893310547,9.546717643737793,1,3.7299218,-2.2426457,2,0.0,0.0,0.0,0.0,0.0,0.0,3.8127317,4.8176746,0.0,2.211479,0.0,0.71197814,-0.8779397,0.0,0.0,0.0,1.0,plasma cell,1
IGHV1-62-3*01_IGHD1-1*01_IGHJ2*01,0.3284664750099182,8.113092422485352,1,-1.5183576,12.488365,1,1.8896253,2.8214598,0.8937763,0.0,0.0,0.0,0.0,1.9719608,0.0,0.0,0.0,-0.44228587,0.28185922,0.0,1.0,0.0,0.0,Myc+ light zone,1
IGHV1-62-3*01_IGHD2-12*01_IGHJ4*01,8.416801452636719,6.641695499420166,1,3.6199775,-4.214392,2,0.0,0.0,0.0,0.0,0.0,0.0,2.3057392,3.6952412,0.0,0.19874443,2.5379038,0.47405514,-0.8779397,0.0,0.0,0.0,1.0,plasma cell,1
IGHV1-64*01_IGHD1-1*01_IGHJ1*03,1.0742769241333008,6.543246269226074,1,0.3477617,11.442669,3,0.0,2.3841097,0.60728437,0.4796987,1.717922,0.0,1.9801482,1.3387085,0.0,0.0,0.0,-0.29479283,0.9201219,1.0,0.0,0.0,0.0,light zone,1
IGHV1-64*01_IGHD1-1*01_IGHJ2*01,-1.0576351881027222,12.225815773010254,1,-4.856565,7.2071424,4,0.05033843,0.0,1.1367762,0.20189273,0.0,0.0,2.0515997,2.0625982,0.0,0.0,0.0,-0.19513428,-0.8779397,1.0,0.0,0.0,0.0,light zone,1
IGHV1-64*01_IGHD1-1*01_IGHJ3*01,0.191636194785436,8.940248012542725,3,-2.097312,13.325057,1,0.0,0.8189729,2.4459007,0.76423055,1.6811515,0.0,0.6707725,2.3949444,0.0,0.0,0.0,-0.31178713,0.2592421,0.3333333333333333,0.0,0.6666666666666666,0.0,dark zone,3
IGHV1-64*01_IGHD1-1*02_IGHJ2*01,7.337889194488525,7.3061957359313965,1,3.1741107,-2.7471783,2,0.0,1.8778974,0.0,0.0,1.4232835,1.5411756,2.9983044,3.2412353,0.0,1.734395,1.9078854,1.026895,0.5717354,0.0,0.0,0.0,1.0,plasma cell,1
IGHV1-64*01_IGHD1-1*02_IGHJ4*01,7.3102192878723145,6.784752607345581,2,3.0254295,-3.0318246,2,0.2296088,0.10719743,0.0,0.0,1.0299112,1.1636701,2.9305172,3.362544,0.0,1.5033536,0.43247616,0.6699233,-0.34345096,0.0,0.0,0.0,1.0,plasma cell,1
IGHV1-64*01_IGHD2-1*01_IGHJ4*01,1.215043544769287,10.230907440185547,1,-0.11459593,14.885362,1,0.0,0.0,2.1860218,0.0,0.0,0.0,1.9191128,1.8244702,0.0,0.0,0.0,-0.24043821,-0.8779397,0.0,1.0,0.0,0.0,Myc+ light zone,1
IGHV1-64*01_IGHD2-12*01_IGHJ4*01,-4.016140937805176,9.086152076721191,1,-2.6500604,7.7537265,0,0.0,0.0,2.1068914,0.8069549,2.3950984,0.0,0.0,2.9154117,0.0,0.0,0.0,-0.32309872,0.26255998,1.0,0.0,0.0,0.0,light zone,1
IGHV1-64*01_IGHD2-13*01_IGHJ2*01,4.706462770700455,6.978161454200745,4,3.1340551,12.018463,3,1.0167773,1.9596643,0.38705638,0.04888297,1.5243485,0.77407736,2.071842,2.646982,0.0,1.4420624,1.8748109,0.60254544,0.65347195,0.0,0.5,0.0,0.5,Myc+ light zone,4
IGHV1-66*01_IGHD2-1*01_IGHJ2*01,9.020140647888184,7.158718585968018,1,4.12836,-4.3458,2,0.0,0.0,0.0,0.0,2.1158097,2.0594559,3.449378,4.117302,0.0,3.2832417,0.5465925,1.3524531,0.12956807,0.0,0.0,0.0,1.0,plasma cell,1
IGHV1-66*01_IGHD2-1*01_IGHJ4*01,1.883790373802185,10.130245208740234,1,0.71264756,14.924033,1,1.932063,0.0,0.0,0.0,0.0,0.0,1.5932864,0.0,0.0,0.0,0.0,-0.5083585,-0.8779397,0.0,1.0,0.0,0.0,Myc+ light zone,1
IGHV1-66*01_IGHD2-13*01_IGHJ2*01,2.6350595156351724,10.091768582661947,3,1.3698395,14.924329,1,0.7814563,0.0,0.9226474,0.35692468,0.0,0.0,1.2251468,1.2273476,0.0,0.0,1.0934607,-0.22253631,-0.8779397,0.6666666666666666,0.0,0.0,0.3333333333333333,light zone,3
IGHV1-69*02_IGHD2-3*01_IGHJ2*01,-2.0867269039154053,6.162324905395508,1,-1.9874064,9.487053,0,0.0,3.6144984,1.8932863,0.63858217,2.9039364,0.0,0.32277983,2.059577,0.0,0.0,0.0,-0.39413413,1.9906468,1.0,0.0,0.0,0.0,light zone,1
IGHV1-7*01_IGHD1-1*01_IGHJ3*01,-1.3713124990463257,6.953907012939453,1,-2.2668557,10.417625,0,0.0,2.6882665,0.0,0.0,2.1140993,0.0,0.0,2.410064,0.0,0.0,0.0,-0.38693985,1.2338016,1.0,0.0,0.0,0.0,light zone,1
IGHV1-7*01_IGHD1-1*02_IGHJ1*03,-1.818028450012207,11.69638729095459,1,-4.553193,7.151329,4,0.0,0.0,0.0,0.6501287,0.0,0.0,0.0,2.3491259,0.0,0.0,0.0,-0.3946382,-0.8779397,1.0,0.0,0.0,0.0,light zone,1
IGHV1-7*01_IGHD2-13*01_IGHJ4*01,8.407612800598145,7.491896629333496,1,3.911205,-3.7210119,2,0.0,0.0,0.0,0.0,0.026658578,2.6728742,3.0021172,3.997344,0.0,2.4991028,3.3490753,1.7552751,-0.86524546,0.0,0.0,0.0,1.0,plasma cell,1
IGHV1-72*01_IGHD1-1*01_IGHJ1*03,2.211897903867066,8.552764785289764,40,1.0872616,13.216213,3,0.31051356,1.1154516,0.9115464,0.20817232,0.82621133,0.4400723,1.6261219,2.2331612,0.0,0.6806234,0.77300483,0.11892416,-0.025992433,0.45,0.15,0.075,0.325,light zone,11
IGHV1-72*01_IGHD1-1*01_IGHJ2*01,1.7152067604450343,8.376443940307457,191,0.34961343,13.079518,1,0.4499024,1.0723586,0.88431734,0.27974507,1.0460724,0.24456646,1.5378122,2.2614067,0.0,0.5605746,0.70996803,0.034466542,0.06098721,0.39267015706806285,0.18848167539267016,0.12041884816753927,0.29842931937172773,light zone,11
IGHV1-72*01_IGHD1-1*01_IGHJ2*02,0.7833310961723328,7.5531511306762695,1,-0.5509769,12.02673,1,1.8077575,2.7822645,0.94456255,0.0,1.3940425,0.0,1.6177003,1.8958306,0.0,0.0,0.39388686,-0.20371008,0.92956364,1.0,0.0,0.0,0.0,light zone,1
IGHV1-72*01_IGHD1-1*01_IGHJ2*03,1.2003264427185059,8.504292488098145,1,-0.3968597,13.163351,1,0.0,1.9701865,0.5748685,0.0,1.5610107,0.0,1.4838098,2.5406551,0.0,0.0,0.0,-0.19997229,0.67525506,0.0,1.0,0.0,0.0,Myc+ light zone,1
IGHV1-72*01_IGHD1-1*01_IGHJ3*01,0.8266908953318725,8.082695393948942,37,-0.7879333,12.433953,1,0.35053295,1.0543842,0.79786664,0.3816958,1.1048634,0.1513951,1.345021,2.275315,0.0,0.4969746,0.7279463,-0.01647104,0.08159377,0.43243243243243246,0.08108108108108109,0.24324324324324326,0.24324324324324326,light zone,9
IGHV1-72*01_IGHD1-1*01_IGHJ4*01,2.1123722046613693,8.143050998449326,16,1.0844096,12.850607,3,0.49215546,1.2082679,0.8083949,0.32635137,0.6655721,0.03821758,1.5736626,2.631793,0.0,0.83488923,0.53294003,0.05037675,-0.06433238,0.5625,0.0625,0.0625,0.3125,light zone,5
IGHV1-72*01_IGHD1-1*02_IGHJ1*03,1.1143373536026997,8.395273250082266,23,-0.5622221,12.9523115,1,0.51104164,1.1236328,0.87473595,0.57116395,1.0646869,0.13829102,1.2470762,2.0187483,0.0,0.59818506,0.7080086,-0.050218794,0.09092802,0.34782608695652173,0.2608695652173913,0.17391304347826086,0.21739130434782608,light zone,5
IGHV1-72*01_IGHD1-1*02_IGHJ2*01,2.914938822388649,7.6083977818489075,8,2.1645212,12.318099,3,0.0011467582,1.4349859,1.0519156,0.3954361,0.81363946,0.3277971,1.7493726,2.722516,0.0,0.84216547,0.6448912,0.17281128,0.09936997,0.125,0.125,0.375,0.375,dark zone,4
IGHV1-72*01_IGHD1-1*02_IGHJ4*01,2.431762374109692,8.643019411298964,18,1.4374306,13.218257,3,0.41935012,0.902318,0.51120913,0.40296566,0.751502,0.4023093,1.9905292,2.27932,0.0,0.9129102,1.0700831,0.24173456,-0.14917901,0.2777777777777778,0.2777777777777778,0.1111111111111111,0.3333333333333333,plasma cell,9
IGHV1-72*01_IGHD1-2*01_IGHJ1*03,8.31853167215983,9.923178354899088,3,4.7956476,-3.338465,2,0.0,0.0,0.021483505,0.0,0.0,0.60900414,3.7210977,4.5743113,0.0,2.4174006,0.62524134,0.95407957,-0.8779397,0.0,0.0,0.0,1.0,plasma cell,2
IGHV1-72*01_IGHD1-2*01_IGHJ2*01,0.3208814263343811,7.8423590660095215,1,-1.3168234,12.271927,1,2.2993305,0.29632267,2.1674187,0.6607108,0.0,0.0,0.0,2.2943747,0.0,0.0,0.0,-0.40155497,-0.7561323,0.0,1.0,0.0,0.0,Myc+ light zone,1
IGHV1-72*01_IGHD1-2*01_IGHJ4*01,0.02133714159329732,5.917469660441081,3,-0.92662203,10.2970085,0,1.364386,2.3891287,0.68374443,0.2875988,1.5136577,0.0,0.47364393,1.1294036,0.0,0.0,0.61818665,-0.39646992,0.8249183,0.3333333333333333,0.6666666666666666,0.0,0.0,Myc+ light zone,3
IGHV1-72*01_IGHD1-3*01_IGHJ1*03,9.142735481262207,9.902164459228516,1,5.262839,-4.158494,2,0.0,2.7805207,0.0,0.0,1.9703686,2.504246,3.1974373,4.6801085,0.0,2.7631278,0.0,1.3346276,1.2032822,0.0,0.0,0.0,1.0,plasma cell,1
IGHV1-72*01_IGHD2-1*01_IGHJ1*03,-1.1682691673437755,10.04857587814331,3,-4.5134587,9.534536,0,0.0,1.1862907,1.4960204,0.8481032,1.0374136,0.0,1.2444845,1.548657,0.0,0.0,0.0,-0.3527877,0.10369734,0.6666666666666666,0.0,0.3333333333333333,0.0,light zone,2
IGHV1-72*01_IGHD2-1*01_IGHJ2*01,4.735172271728516,8.917160828908285,3,3.041541,12.384215,3,0.0,0.4638543,0.33274356,0.23470788,0.8850023,0.0,2.0951068,3.502581,0.0,0.78369874,1.0305104,0.28129697,-0.26584515,0.3333333333333333,0.0,0.0,0.6666666666666666,plasma cell,1
IGHV1-72*01_IGHD2-1*01_IGHJ3*01,0.49188284469502314,8.371278830936976,14,-1.3545254,12.761886,1,0.4355826,1.0473002,1.3476522,0.3875363,1.1060051,0.39968586,0.84990776,2.2361228,0.0,0.17069806,0.51282066,-0.10334027,0.07922546,0.5714285714285714,0.07142857142857142,0.14285714285714285,0.21428571428571427,light zone,4
IGHV1-72*01_IGHD2-1*01_IGHJ4*01,1.2760581692059836,9.323519515991212,15,-0.29050925,14.002621,1,0.456553,0.540488,0.89778894,0.28455725,0.8000615,0.38457972,1.2783455,2.5094976,0.0,0.7292203,0.8109472,0.11394627,-0.27479097,0.4666666666666667,0.13333333333333333,0.13333333333333333,0.26666666666666666,light zone,8
IGHV1-72*01_IGHD2-10*02_IGHJ1*03,6.785062789916992,5.795711517333984,1,2.847212,-2.8604572,2,0.0,3.0416837,0.0,0.0,2.4048462,0.95449847,3.5793223,3.4163527,0.0,2.140963,2.8686159,1.1877537,1.5175266,0.0,0.0,0.0,1.0,plasma cell,1
IGHV1-72*01_IGHD2-10*02_IGHJ4*01,8.470867156982422,9.856392860412598,1,5.0587573,-3.6125762,2,0.024079215,0.114985615,0.0,0.0,0.0,1.5380963,3.9602897,4.459806,0.0,2.880114,0.46053082,1.2463311,-0.83067334,0.0,0.0,0.0,1.0,plasma cell,1
IGHV1-72*01_IGHD2-12*01_IGHJ2*01,7.572357177734375,7.832151412963867,1,3.5324204,-2.753919,2,0.0,1.7044032,0.0,0.07647184,1.6927724,1.3174344,2.6009898,3.12288,0.0,1.2049136,1.6355994,0.78224325,0.62874365,1.0,0.0,0.0,0.0,light zone,1
IGHV1-72*01_IGHD2-12*01_IGHJ4*01,4.009241205804488,7.970724498524385,17,2.7315645,12.452622,3,0.4965929,1.0014213,0.5908819,0.10548444,0.7427921,0.25944787,2.0872471,3.0192242,0.0,1.1367487,1.0924622,0.35049966,-0.11258875,0.29411764705882354,0.11764705882352941,0.058823529411764705,0.5294117647058824,plasma cell,6
IGHV1-72*01_IGHD2-13*01_IGHJ2*01,0.15939021652395075,8.85188948024403,11,-2.0979795,13.155331,1,0.25329491,0.56686777,1.0988616,0.3754849,0.5953993,0.0,0.7963354,1.6494317,0.0,0.23409666,0.45674115,-0.28149185,-0.3614034,0.45454545454545453,0.2727272727272727,0.18181818181818182,0.09090909090909091,light zone,8
IGHV1-72*01_IGHD2-2*01_IGHJ1*03,8.431354522705078,8.20434284210205,1,4.3516808,-3.3316119,2,0.0,0.0,0.0,0.0,0.0,0.0,3.9208302,4.093359,0.0,2.6217153,0.0,0.69906825,-0.8779397,0.0,0.0,0.0,1.0,plasma cell,1
IGHV1-72*01_IGHD2-2*01_IGHJ2*01,-2.967845320701599,10.774914264678955,2,-3.4811513,7.3587565,0,0.0,0.0,1.6755859,0.71724665,0.0,0.0,0.9816483,2.0843248,0.0,0.0,0.0,-0.31531256,-0.8779397,0.0,0.0,1.0,0.0,dark zone,1
IGHV1-72*01_IGHD2-3*01_IGHJ1*03,2.934913572210532,8.617213836083046,13,2.016702,13.127392,3,0.032403078,0.68499506,1.1066017,0.34874508,0.9231113,0.5916343,2.1533232,2.8389285,0.0,0.8993441,0.760959,0.32702315,-0.15679547,0.46153846153846156,0.0,0.07692307692307693,0.46153846153846156,light zone,3
IGHV1-72*01_IGHD2-3*01_IGHJ3*01,-1.0582429990172386,8.461775302886963,8,-3.4488854,11.405996,0,0.66495764,1.4268757,1.2293086,0.57609963,1.2307723,0.0,0.7554765,1.1016809,0.0,0.0,0.19151703,-0.4351233,0.2946667,0.625,0.25,0.125,0.0,light zone,4
IGHV1-72*01_IGHD2-4*01_IGHJ2*01,3.3933327380153866,8.134889443715414,9,2.4318743,12.87799,3,0.08536743,0.57153773,0.85202855,0.13139135,0.4165083,0.63843274,2.3637757,2.9820755,0.0,0.8266351,0.82378346,0.37911874,-0.44466823,0.3333333333333333,0.2222222222222222,0.0,0.4444444444444444,plasma cell,5
IGHV1-72*01_IGHD2-4*01_IGHJ4*01,0.75096195936203,9.722053527832031,1,-1.2725743,14.173597,1,0.0,0.01842786,0.0,0.0,0.0,0.0,0.0,0.122386545,0.0,0.0,0.0,-0.6759445,-0.8703647,0.0,1.0,0.0,0.0,Myc+ light zone,1
IGHV1-72*01_IGHD2-5*01_IGHJ1*03,7.140753746032715,8.70034408569336,1,3.4170976,-2.2764597,2,0.0,0.0,0.0,0.0,0.0,0.0,3.2659986,4.3271112,0.0,3.3145278,0.0,0.76512355,-0.8779397,0.0,0.0,0.0,1.0,plasma cell,1
IGHV1-72*01_IGHD2-5*01_IGHJ2*01,10.051908493041992,7.8728718757629395,1,4.6053147,-4.8042274,2,0.0,0.0,0.0,0.0,0.0,0.0,3.697079,3.9243793,0.0,0.2377001,2.6907187,0.6933189,-0.8779397,0.0,0.0,0.0,1.0,plasma cell,1
IGHV1-72*01_IGHD2-5*01_IGHJ4*01,2.5933625221252443,6.17497034072876,5,2.1667295,11.379637,3,0.6317847,1.783694,0.6622268,0.17341313,1.5419086,0.0,1.3051647,2.6314855,0.0,1.0175191,1.338215,0.16691516,0.5894989,0.2,0.2,0.2,0.4,plasma cell,2
IGHV1-72*01_IGHD3-2*02_IGHJ2*01,1.773950179417928,10.22934595743815,3,0.43646803,15.060791,1,0.0,0.0,1.7764121,0.4896945,0.47501215,0.0,2.9226646,2.7881157,0.0,0.7988128,0.8022973,0.25243142,-0.6517481,0.3333333333333333,0.0,0.3333333333333333,0.3333333333333333,light zone,2
IGHV1-72*01_IGHD4-1*01_IGHJ1*03,-0.0748804584145546,6.669378757476807,1,-1.2856226,10.940286,0,0.0,2.3208947,1.5620929,0.5971927,1.752722,0.0,0.55270344,1.9713398,0.0,0.0,0.0,-0.3788661,0.9107076,1.0,0.0,0.0,0.0,light zone,1
IGHV1-72*01_IGHD4-1*01_IGHJ3*01,-0.38741376996040344,8.199649810791016,1,-2.5782242,12.178268,1,0.0,3.2894697,1.3282418,0.74877304,2.3183608,0.0,2.122034,1.1280117,0.0,0.0,0.0,-0.3051096,1.5781999,1.0,0.0,0.0,0.0,light zone,1
IGHV1-72*01_IGHD5-1-1*01_IGHJ1*03,8.686256408691406,9.702983856201172,1,5.0616436,-3.862437,2,0.0,2.284924,0.0,0.0,0.0,0.0,3.5885859,4.9891806,0.0,0.9913447,2.284924,0.8727152,0.06130904,0.0,0.0,0.0,1.0,plasma cell,1
IGHV1-72*01_IGHD5-1-1*01_IGHJ4*01,-1.060676172375679,10.586100578308105,2,-4.6602273,8.9849205,0,0.0,1.487796,1.4812462,0.0,0.0,0.0,0.0,1.9832842,0.0,0.0,0.0,-0.44085535,-0.26636118,1.0,0.0,0.0,0.0,light zone,1
IGHV1-72*01_IGHD5-5*01_IGHJ4*01,1.8332046270370483,10.84382152557373,1,0.13351831,15.331869,1,2.9234657,0.0,0.0,0.0,0.0,0.0,0.0,0.8979281,0.0,0.0,1.0360773,-0.4139873,-0.8779397,0.0,1.0,0.0,0.0,Myc+ light zone,1
IGHV1-72*01_IGHD6-5*01_IGHJ4*01,-1.3175075054168701,12.931719779968262,1,-5.3794327,6.4893403,4,0.0,0.0,0.68768626,0.0,2.4278488,0.0,0.0,0.0,0.0,0.0,0.0,-0.6914057,0.27815506,1.0,0.0,0.0,0.0,light zone,1
IGHV1-72*04_IGHD1-1*01_IGHJ2*01,-2.6177737712860107,10.014718055725098,1,-3.7724223,8.036438,0,0.0,0.0,1.0382093,0.3023704,0.057177488,0.0,2.3637514,2.159788,0.0,0.0,0.0,-0.14699416,-0.8507129,0.0,0.0,1.0,0.0,dark zone,1
IGHV1-74*01_IGHD1-1*01_IGHJ4*01,3.0054519176483154,5.457587718963623,1,2.6680858,11.070908,3,0.0,2.6451867,1.0770774,0.53050476,1.6793417,0.0,0.0,1.588316,0.0,0.0,0.0,-0.4907521,1.0090699,0.0,1.0,0.0,0.0,Myc+ light zone,1
IGHV1-74*01_IGHD1-2*01_IGHJ3*01,6.634860515594482,8.593254089355469,1,3.4890277,-2.117986,2,0.0,0.0,0.0,0.0,0.0,3.071682,3.635433,4.0535526,0.0,0.0,0.0,1.000956,-0.8779397,0.0,0.0,0.0,1.0,plasma cell,1
IGHV1-74*01_IGHD2-12*01_IGHJ4*01,-1.0091073513031006,6.1996636390686035,1,-1.4500248,10.004689,0,0.45532316,2.2736008,1.6418918,1.0723628,1.6784339,0.0,1.5094347,1.8434497,0.0,0.0,0.0,-0.28510702,0.8558923,1.0,0.0,0.0,0.0,light zone,1
IGHV1-74*01_IGHD2-13*01_IGHJ3*01,2.911191612482071,8.466558933258057,4,1.9746002,12.995301,3,1.1697984,1.6511989,0.63378096,0.07336214,0.12980752,0.72708404,1.5273894,2.1381512,0.0,0.8569439,0.38880438,0.13446885,-0.13738038,0.0,0.75,0.0,0.25,Myc+ light zone,3
IGHV1-74*01_IGHD2-4*01_IGHJ3*01,8.341712951660156,8.936988830566406,1,4.6590075,-3.1665313,2,0.0,0.0,0.0,0.0,0.0,1.5533894,3.509574,3.8467968,0.0,2.0072675,2.5151067,1.3052894,-0.8779397,0.0,0.0,0.0,1.0,plasma cell,1
IGHV1-74*01_IGHD2-4*01_IGHJ4*01,-1.0714082717895508,11.201478004455566,1,-4.7167296,8.265192,0,0.0,0.15232575,0.9518698,0.0,0.0,0.0,0.0,1.9558153,0.0,0.0,0.0,-0.44432554,-0.8153242,1.0,0.0,0.0,0.0,light zone,1
IGHV1-75*01_IGHD1-1*01_IGHJ1*03,-0.9137125611305237,9.190652132034302,2,-3.6439815,11.905691,0,1.1836323,1.6292123,1.413012,0.0,0.7438906,0.0,0.6553654,0.93533134,0.0,0.0,1.0556282,-0.33087507,0.14599621,0.5,0.5,0.0,0.0,light zone,2
IGHV1-75*01_IGHD1-1*01_IGHJ3*01,1.2662067313989003,7.832713921864827,3,-0.14239012,12.580815,1,0.5287067,0.89900255,0.8477847,0.44242895,0.6469641,0.0,0.5992535,1.8985287,0.0,0.0,0.0,-0.38271642,-0.20032084,0.0,1.0,0.0,0.0,Myc+ light zone,2
IGHV1-75*01_IGHD2-1*01_IGHJ3*01,-0.1505366563796997,9.190081596374512,2,-2.70803,13.221872,1,0.60022324,1.0828822,0.9672527,0.27701917,0.76133937,0.0,1.4917675,1.9282566,0.0,0.0,0.0,-0.27642298,-0.07027137,0.5,0.5,0.0,0.0,light zone,2
IGHV1-75*01_IGHD2-3*01_IGHJ1*03,-0.161967471241951,8.726611137390137,1,-2.3974257,12.863802,1,0.0,0.039034374,2.6590006,0.49280396,0.0,0.0,0.0,2.2349527,0.0,0.0,0.0,-0.40906182,-0.86189413,1.0,0.0,0.0,0.0,light zone,1
IGHV1-75*01_IGHD4-1*01_IGHJ4*01,-2.703296661376953,9.824420928955078,1,-3.444144,8.13822,0,0.0,0.0,1.3101712,0.0,0.0,0.0,0.0,2.564776,0.0,0.0,0.7171486,-0.25389025,-0.8779397,1.0,0.0,0.0,0.0,light zone,1
IGHV1-76*01_IGHD1-1*02_IGHJ4*01,5.882980108261108,7.2426713307698565,3,2.9657018,-1.9849017,2,0.55834925,1.1081986,0.39931712,0.0,1.4542893,0.0,1.805653,3.2422316,0.0,1.2293006,0.0,0.123930655,0.27010474,0.0,0.3333333333333333,0.0,0.6666666666666666,plasma cell,2
IGHV1-76*01_IGHD1-3*01_IGHJ3*01,-1.673258662223816,9.871257781982422,1,-4.19552,9.46112,0,0.0,0.0,2.344809,1.3748232,0.0,0.0,0.0,2.5374253,0.0,0.0,0.0,-0.37085018,-0.8779397,1.0,0.0,0.0,0.0,light zone,1
IGHV1-76*01_IGHD2-10*02_IGHJ3*01,0.5167028307914734,8.992061614990234,1,-1.7157792,13.469934,1,0.0,1.4456826,1.8504763,1.620563,0.0,0.0,0.0,1.7883852,0.0,0.0,2.0790026,-0.13642885,-0.28367245,0.0,1.0,0.0,0.0,Myc+ light zone,1
IGHV1-76*01_IGHD2-4*01_IGHJ2*01,2.700845956802368,5.491275787353516,1,2.3754501,10.995467,3,0.0,2.794021,0.0,0.0,2.0213125,0.0,0.9624467,2.3177047,0.0,0.0,0.0,-0.28803548,1.2330902,0.0,1.0,0.0,0.0,Myc+ light zone,1
IGHV1-78*01_IGHD1-1*01_IGHJ3*01,-1.6113591194152832,12.152151107788086,1,-4.6219053,6.805922,4,0.0,0.0,1.2175442,0.9123098,0.0,0.0,0.0,0.0,0.0,0.0,0.0,-0.6914057,-0.8779397,0.0,0.0,1.0,0.0,dark zone,1
IGHV1-78*01_IGHD1-1*02_IGHJ1*03,0.7886757850646973,7.7326788902282715,1,-0.7961286,12.32887,1,2.5124872,2.1697297,0.45218986,0.0,1.0215144,0.0,0.0,1.4857036,0.0,0.0,1.3373758,-0.29204586,0.5003823,0.0,1.0,0.0,0.0,Myc+ light zone,1
IGHV1-80*01_IGHD1-1*01_IGHJ2*01,-3.7587432861328125,9.633639335632324,1,-2.6891103,7.5774875,0,0.0,0.30582175,2.5297127,1.4985492,0.0,0.0,0.0,2.5902815,0.0,0.0,0.0,-0.3641728,-0.75222754,0.0,0.0,1.0,0.0,dark zone,1
IGHV1-80*01_IGHD2-5*01_IGHJ3*01,-0.20449674129486084,11.167860984802246,2,-4.8900876,8.628659,0,0.8969477,0.0,0.5894873,0.0,0.0,0.0,0.0068574823,1.499157,0.0,0.0,1.3827375,-0.28237894,-0.8779397,0.5,0.5,0.0,0.0,light zone,2
IGHV1-81*01_IGHD1-1*01_IGHJ2*01,-0.024860312541325886,9.280543327331543,3,-2.4185965,13.569061,1,0.6160802,0.9761967,0.0,0.0,1.2721084,0.0,1.2473832,0.8447979,0.0,0.0,0.103134744,-0.42505053,0.12909251,0.3333333333333333,0.6666666666666666,0.0,0.0,Myc+ light zone,3
IGHV1-81*01_IGHD1-1*01_IGHJ3*01,0.6280145645141602,7.083047866821289,1,-0.4825033,11.617756,1,1.6278849,3.3197498,0.6431234,0.0,2.352096,0.0,0.062465858,1.2838612,0.0,0.0,0.5729535,-0.4313551,1.6067109,1.0,0.0,0.0,0.0,light zone,1
IGHV1-81*01_IGHD1-1*02_IGHJ4*01,-0.34072816371917725,6.702780246734619,1,-1.614496,10.76541,0,0.0,3.223442,1.914338,0.54004997,2.1506665,0.0,0.0,2.3172848,0.0,0.0,0.0,-0.3986607,1.4712055,1.0,0.0,0.0,0.0,light zone,1
IGHV1-81*01_IGHD2-1*01_IGHJ3*01,1.9887871742248535,10.193351745605469,1,0.78420144,15.252943,1,0.6493639,0.0,0.0,0.0,0.0,0.0,0.0,0.0,0.0,0.0,1.8776593,-0.39422444,-0.8779397,0.0,1.0,0.0,0.0,Myc+ light zone,1
IGHV1-81*01_IGHD2-1*01_IGHJ4*01,-2.5085785388946533,6.7975687980651855,1,-2.4148808,9.396958,0,0.0,2.690945,0.897745,1.1322527,3.306071,0.0,0.0,1.9420693,0.0,0.0,0.0,-0.44606206,1.8024967,1.0,0.0,0.0,0.0,light zone,1
IGHV1-81*01_IGHD2-13*01_IGHJ4*01,-4.114472389221191,7.409817695617676,1,-2.4115195,8.110981,0,0.0,2.1572745,0.6068738,0.044129997,1.3920081,0.0,1.6214927,2.0898323,0.0,0.0,0.0,-0.24110729,0.6716843,0.0,0.0,1.0,0.0,dark zone,1
IGHV1-81*01_IGHD2-4*01_IGHJ4*01,8.164190530776978,6.987091779708862,2,3.469684,-3.8315437,2,0.78332853,1.5035567,0.0,0.0,0.057680108,1.1096522,3.113055,3.5713148,0.0,1.51791,2.6067088,1.0503262,-0.23241639,0.0,0.0,0.0,1.0,plasma cell,2
IGHV1-81*01_IGHD4-1*01_IGHJ3*01,-1.6172910928726196,13.250164985656738,1,-5.4355893,6.0777283,4,0.0,0.0,0.0,0.0,0.0,0.0,0.0,0.0,0.0,0.0,0.0,-0.6914057,-0.8779397,1.0,0.0,0.0,0.0,light zone,1
IGHV1-81*01_IGHD6-1*01_IGHJ4*01,1.6484452486038208,7.338828086853027,1,0.6839307,12.179236,3,0.0,0.6051724,2.065613,0.0,1.5522867,0.0,1.5268084,3.1083095,0.0,0.0,0.0,-0.12331996,0.10999352,0.0,1.0,0.0,0.0,Myc+ light zone,1
IGHV1-82*01_IGHD1-1*01_IGHJ3*01,0.6452682018280029,10.964608192443848,1,-0.6307655,14.8762,1,0.0,1.7932299,0.0,0.0,0.0,0.0,2.0638871,2.150558,0.0,0.0,0.0,-0.18261057,-0.14080846,1.0,0.0,0.0,0.0,light zone,1
IGHV1-82*01_IGHD2-4*01_IGHJ4*01,8.178694725036621,8.535996437072754,1,4.3750157,-2.9831553,2,0.0,0.021354964,0.0,0.0,0.0,0.0,3.2653487,4.137839,0.0,2.2786357,0.21303725,0.6077576,-0.8691615,0.0,0.0,0.0,1.0,plasma cell,1
IGHV1-84*01_IGHD1-1*01_IGHJ3*01,-4.327073574066162,9.608972549438477,1,-2.5945625,7.444584,0,0.0,0.0,1.7631744,0.8663396,0.07002622,0.0,1.3349751,2.4601321,0.0,0.0,0.0,-0.22724395,-0.8445946,1.0,0.0,0.0,0.0,light zone,1
IGHV1-85*01_IGHD1-1*02_IGHJ4*01,2.8151307106018066,5.610545635223389,1,2.516316,11.291149,3,2.4712374,0.0,1.0940392,0.0,0.82648015,0.0,0.96918154,1.9483867,0.0,0.0,0.0,-0.33391806,-0.48438585,0.0,1.0,0.0,0.0,Myc+ light zone,1
IGHV1-85*01_IGHD2-12*01_IGHJ1*03,-1.5431936979293823,12.8436279296875,1,-5.1366816,6.2620907,4,0.0,0.0,1.0944828,0.91755015,0.0,0.0,0.0123462025,2.110804,0.0,0.0,0.0,-0.4233272,-0.8779397,1.0,0.0,0.0,0.0,light zone,1
IGHV1-9*01_IGHD1-1*02_IGHJ4*01,-1.2756470441818237,6.0103440284729,1,-1.5621452,9.870104,0,0.0,2.6572096,1.5953412,1.3743219,2.294134,0.0,0.0,1.4641553,0.0,0.0,0.0,-0.5064374,1.3067644,1.0,0.0,0.0,0.0,light zone,1
IGHV1-9*01_IGHD1-2*01_IGHJ3*01,8.462618827819824,8.716134071350098,1,4.6786675,-3.4464529,2,0.0,0.0,0.0,0.0,2.0946946,0.025120951,3.6142523,4.2976527,0.0,3.003486,2.477663,1.14962,0.11951348,0.0,0.0,0.0,1.0,plasma cell,1
IGHV1-9*01_IGHD1-2*01_IGHJ4*01,0.5570454597473145,7.6660614013671875,1,-0.93304306,12.038456,1,1.6367583,1.7662227,1.0208625,0.0,0.0,0.0,0.0,1.8787466,0.0,0.0,0.0,-0.45406172,-0.15191013,1.0,0.0,0.0,0.0,light zone,1
IGHV10-1*01_IGHD1-1*01_IGHJ3*01,2.9961791038513184,5.818155765533447,1,2.4529836,11.405498,3,1.9896662,1.8648554,1.705652,0.0,0.0,0.0,0.0,0.0,0.0,0.0,0.0,-0.6914057,-0.111365855,0.0,1.0,0.0,0.0,Myc+ light zone,1
IGHV10-1*01_IGHD1-2*01_IGHJ3*01,-2.246690273284912,5.002291679382324,1,-1.6692069,9.000771,0,0.0,2.7647498,1.4214269,0.6331445,2.7398074,0.0,0.88353276,2.1471758,0.0,0.0,0.0,-0.31864473,1.5631913,0.0,0.0,1.0,0.0,dark zone,1
IGHV10-1*01_IGHD2-13*01_IGHJ2*01,0.3907523453235626,9.467586040496826,2,-1.7964543,13.861479,1,1.4126841,0.9756996,1.1380916,0.0,0.0,0.0,0.0,1.3666427,0.0,0.0,1.3728709,-0.301469,-0.4768653,0.5,0.5,0.0,0.0,light zone,2
IGHV10-1*01_IGHD2-13*01_IGHJ4*01,2.2099478244781494,6.56292724609375,1,1.5894638,11.549967,3,1.694625,2.2308733,0.81000006,0.0,0.6888824,0.0,1.6008829,0.0,0.0,0.0,0.0,-0.50748575,0.36712325,0.0,1.0,0.0,0.0,Myc+ light zone,1
IGHV10-1*01_IGHD3-2*02_IGHJ3*01,1.1856751888990402,7.359841505686442,12,0.008656713,12.026214,1,1.1754024,1.7977554,1.1647552,0.1766172,1.2336864,0.0,1.0553555,1.7609867,0.0,0.0,0.2676215,-0.3053352,0.44850945,0.4166666666666667,0.5,0.08333333333333333,0.0,Myc+ light zone,6
IGHV10-1*01_IGHD3-3*01_IGHJ3*01,-2.1884241104125977,4.828901767730713,1,-1.5484614,9.104904,0,0.0,3.34996,2.1653233,0.8210902,0.9418416,0.0,1.6416522,2.4585369,0.0,0.0,0.0,-0.1922124,0.94759315,0.0,0.0,1.0,0.0,dark zone,1
IGHV10-1*01_IGHD4-1*01_IGHJ3*01,8.333433151245117,6.987543106079102,1,3.7317111,-3.9597695,2,0.0,0.0,0.0,0.0,2.2674296,2.1310275,3.571809,4.073236,0.0,0.036625143,1.9087766,1.0706099,0.20176652,0.0,0.0,0.0,1.0,plasma cell,1
IGHV10-3*01_IGHD1-1*02_IGHJ4*01,-0.11487036943435669,5.1264472007751465,1,-0.81897,9.8699,0,1.3375374,3.1685896,1.3472264,0.28107056,2.4612393,0.0,0.0,1.6307764,0.0,0.0,0.0,-0.485388,1.5965464,0.0,1.0,0.0,0.0,Myc+ light zone,1
IGHV10-3*01_IGHD2-4*01_IGHJ3*01,9.463541984558105,9.776883125305176,1,5.094829,-4.7173486,2,0.0,0.0,0.0,0.0,0.0,2.7442412,3.6585727,4.0206194,0.0,2.480115,3.074061,1.8047619,-0.8779397,0.0,0.0,0.0,1.0,plasma cell,1
IGHV10-3*01_IGHD4-1*01_IGHJ3*01,8.41103458404541,7.715653419494629,1,3.9602025,-3.5225515,2,1.6647761,0.0,0.0,0.0,0.0,0.0,2.2604141,3.6718705,0.0,1.8514694,0.017916555,0.3336501,-0.8779397,0.0,0.0,0.0,1.0,plasma cell,1
IGHV14-2*01_IGHD1-1*02_IGHJ2*01,7.631914138793945,9.737648010253906,1,4.4049478,-2.3348777,2,1.7507243,0.0,0.0,0.0,0.0,2.8055394,3.8580885,4.3346806,0.0,2.2936487,3.8452034,1.9745497,-0.8779397,0.0,0.0,0.0,1.0,plasma cell,1
IGHV14-2*01_IGHD2-1*01_IGHJ2*01,-1.2468321084976197,7.037698554992676,5,-2.2184355,10.493225,0,0.61510664,2.2271483,1.1966814,0.4631475,1.9669125,0.0,1.113467,1.8495419,0.0,0.0,0.0,-0.32982874,0.97416526,0.6,0.2,0.2,0.0,light zone,4
IGHV14-2*01_IGHD2-14*01_IGHJ1*03,-2.4655144214630127,4.986904621124268,1,-1.5514826,8.806408,0,0.0,1.949507,0.45475632,0.48052132,2.9332066,0.0,0.040304556,1.9840301,0.0,0.0,0.0,-0.43613064,1.3201678,0.0,0.0,1.0,0.0,dark zone,1
IGHV14-2*01_IGHD2-4*01_IGHJ2*01,5.3205068707466125,7.469197988510132,2,3.4813592,11.925271,3,0.96312237,1.4825172,0.0,0.0,1.327754,0.0,1.761309,2.8922155,0.0,0.6583006,2.1503165,0.32284638,0.36371982,0.0,0.5,0.0,0.5,Myc+ light zone,2
IGHV14-2*01_IGHD2-4*01_IGHJ3*01,3.8366884291172028,10.502163410186768,2,2.1279953,13.748331,3,0.0,0.0,0.9062706,0.0,0.8537661,1.663517,1.8418587,2.1348205,0.0,1.3507011,1.4866867,0.656077,-0.47139278,0.5,0.0,0.0,0.5,light zone,2
IGHV14-2*01_IGHD2-5*01_IGHJ3*02,-0.5512153506278992,5.627657890319824,1,-1.0532402,9.970304,0,2.3777192,2.857321,0.0,0.0,2.1792767,0.0,0.0,1.1858822,0.0,0.0,1.9934106,-0.2260905,1.3343301,0.0,1.0,0.0,0.0,Myc+ light zone,1
IGHV14-2*01_IGHD3-2*02_IGHJ3*01,1.8208162784576416,10.50124454498291,1,0.48222584,15.377448,1,2.382953,0.0,0.0,0.0,0.0,0.0,0.0,2.3727207,0.0,0.0,2.2774768,-0.031196197,-0.8779397,0.0,1.0,0.0,0.0,Myc+ light zone,1
IGHV14-3*01_IGHD1-1*01_IGHJ1*03,-0.8452602028846741,12.044879913330078,1,-4.98086,7.4918337,4,0.0,0.0,0.0,0.76019543,0.0,0.0,0.0,2.1543496,0.0,0.0,0.0,-0.4192445,-0.8779397,1.0,0.0,0.0,0.0,light zone,1
IGHV14-3*01_IGHD1-1*01_IGHJ2*01,-1.88685009876887,7.744560082753499,3,-3.0432377,9.913241,0,0.0,0.9863927,1.5436072,0.3720931,1.6914946,0.0,0.35758126,1.859991,0.0,0.0,0.0,-0.41534984,0.33298734,0.3333333333333333,0.3333333333333333,0.3333333333333333,0.0,light zone,3
IGHV14-3*01_IGHD1-1*01_IGHJ3*01,1.2738169295713306,8.702494239807129,20,-0.33582976,13.424329,1,0.5942758,1.1232582,1.0185288,0.30218023,0.89130783,0.24683006,1.298728,2.0410385,0.0,0.39072308,0.7390112,-0.04308015,0.008214271,0.35,0.4,0.05,0.2,Myc+ light zone,8
IGHV14-3*01_IGHD1-1*01_IGHJ4*01,3.4212907552719116,11.053377151489258,2,1.632876,14.349297,1,0.0,0.0,0.37236103,0.0,2.1584458,0.0,1.801252,2.9263954,0.0,1.2921044,1.0663865,0.26243526,0.14987049,0.5,0.0,0.0,0.5,light zone,2
IGHV14-3*01_IGHD1-1*02_IGHJ4*01,-1.752970576286316,7.920243263244629,1,-3.198523,10.337374,0,0.0,2.00881,0.0,0.0,3.011354,0.0,1.9187783,1.7143792,0.0,0.0,0.0,-0.25438455,1.3817574,1.0,0.0,0.0,0.0,light zone,1
IGHV14-3*01_IGHD2-1*01_IGHJ3*01,-0.8975412845611572,7.344483852386475,1,-2.4921238,10.95963,0,0.0,2.726425,0.6056045,0.45504797,0.533157,0.0,0.0,1.901878,0.0,0.0,0.0,-0.45113948,0.496673,1.0,0.0,0.0,0.0,light zone,1
IGHV14-3*01_IGHD2-10*01_IGHJ4*01,-2.2586817741394043,13.000164031982422,1,-5.158122,5.605789,4,0.0,0.0,0.81496847,0.6858134,2.339385,0.0,2.0837524,0.0,0.0,0.0,0.0,-0.4520105,0.23603031,1.0,0.0,0.0,0.0,light zone,1
IGHV14-4*01_IGHD2-3*01_IGHJ3*01,-0.272911012172699,9.788687944412231,2,-3.046671,13.322514,1,1.0100836,1.1102493,0.913689,0.40457216,1.1970869,0.0,0.5989245,1.0659821,0.0,0.0,0.43553245,-0.418998,0.1484729,0.5,0.5,0.0,0.0,light zone,2
IGHV1S95*01_IGHD2-1*01_IGHJ3*01,-0.7817990779876709,9.024170875549316,1,-3.36952,12.280412,1,0.0,1.7173308,1.5099648,0.0,1.2989987,0.0,0.0,2.3065717,0.0,0.0,0.0,-0.40001407,0.4465503,1.0,0.0,0.0,0.0,light zone,1
IGHV2-2*01_IGHD2-13*01_IGHJ4*01,-2.6684088706970215,8.967555046081543,1,-3.3197503,8.735553,0,0.012275802,1.6196414,1.5139989,0.0,2.505704,0.0,1.9550916,2.11324,0.0,0.0,0.0,-0.19982414,0.9810036,1.0,0.0,0.0,0.0,light zone,1
IGHV2-2*01_IGHD6-1*01_IGHJ2*01,9.147321701049805,8.643601417541504,1,4.6651154,-4.285054,2,0.0,0.0,0.0,0.0,0.0,0.0,3.588325,3.8991582,0.0,2.0842834,0.9923623,0.7067053,-0.8779397,0.0,0.0,0.0,1.0,plasma cell,1
IGHV3-6*01_IGHD1-1*01_IGHJ1*03,1.5791243314743042,8.189579486846924,2,0.3115984,12.94495,1,0.7611098,1.3576396,0.889245,0.41910887,2.461086,1.1178614,1.5596412,3.3465981,0.0,1.3502815,0.9938609,0.5632005,0.85205793,0.0,0.0,0.5,0.5,dark zone,1
IGHV3-6*01_IGHD1-1*01_IGHJ3*01,-0.2779283271386073,9.465906473306509,13,-2.850676,13.246539,1,0.77124155,1.2514532,0.7804121,0.3239968,0.9551855,0.0005895837,0.9647073,1.1185535,0.0,0.08028905,0.43045476,-0.35803905,0.09132778,0.5384615384615384,0.46153846153846156,0.0,0.0,light zone,6
IGHV3-6*01_IGHD1-1*02_IGHJ1*01,1.4264521598815918,9.434917449951172,1,-0.010654942,14.178438,1,2.7654946,0.0,0.0,0.0,0.0,2.37587,1.9523615,0.0,0.0,0.0,1.158065,0.30604365,-0.8779397,1.0,0.0,0.0,0.0,light zone,1
IGHV3-6*01_IGHD1-1*02_IGHJ1*03,2.3763033946355185,7.151169459025065,3,1.596721,11.993676,3,0.609808,1.0223951,0.92119855,0.17360355,0.7311504,0.0,1.2081367,2.2134237,0.0,0.55668557,1.1138762,-0.006889174,-0.10951074,0.6666666666666666,0.0,0.0,0.3333333333333333,light zone,3
IGHV3-6*01_IGHD2-1*01_IGHJ2*01,7.86807107925415,9.3438138961792,1,4.3017645,-2.685568,2,0.0,0.0,0.0,0.0,2.4383965,0.0,3.6519296,4.2085567,0.0,2.2943897,3.4527094,1.1763958,0.28317764,0.0,0.0,0.0,1.0,plasma cell,1
IGHV3-6*01_IGHD2-1*01_IGHJ4*01,6.669069766998291,5.589084148406982,1,3.094862,-2.9118657,2,0.0,2.4820683,0.011334674,0.0,0.0,0.0,3.0831137,3.100715,0.0,1.9155645,1.3771982,0.58148813,0.14234781,0.0,0.0,0.0,1.0,plasma cell,1
IGHV3-6*01_IGHD2-12*01_IGHJ3*02,-2.2458090782165527,12.43047046661377,1,-4.608371,5.987526,4,0.0,0.0,2.2470293,0.8515895,0.0,0.0,0.035663683,2.4910307,0.0,0.0,0.0,-0.3726139,-0.8779397,1.0,0.0,0.0,0.0,light zone,1
IGHV3-6*01_IGHD2-2*01_IGHJ4*01,-1.9650312662124634,7.746068954467773,1,-3.1030505,10.082967,0,0.0,2.7298973,0.5683466,0.549106,1.038528,0.0,1.9750348,2.107121,0.0,0.0,0.0,-0.19830595,0.73874825,1.0,0.0,0.0,0.0,light zone,1
IGHV3-6*01_IGHD2-5*01_IGHJ3*01,0.6012341976165771,10.984877268473307,3,-0.7698712,14.840184,1,0.0,0.0,0.81551033,0.36502612,0.0,0.17179625,1.3510617,2.3147104,0.0,0.010396231,0.0,-0.19943805,-0.8779397,0.6666666666666666,0.0,0.0,0.3333333333333333,light zone,2
IGHV3-6*01_IGHD3-1*01_IGHJ2*01,-0.7213624715805054,11.401446342468262,1,-4.921202,8.156688,0,0.0,0.0,2.353417,0.61044663,0.0,0.0,0.8816312,2.2857606,0.0,0.01893892,0.0,-0.2983006,-0.8779397,1.0,0.0,0.0,0.0,light zone,1
IGHV3-6*01_IGHD6-5*01_IGHJ4*01,-0.9093159735202789,7.458869218826294,2,-2.5112886,11.169431,0,0.0,2.0555456,1.901418,0.19045077,1.9721444,0.0,0.0,2.1709614,0.0,0.0,0.0,-0.4171459,0.9061171,0.5,0.0,0.5,0.0,light zone,1
IGHV4-1*01_IGHD1-1*01_IGHJ2*01,-3.5301525592803955,10.890878677368164,1,-3.1527376,7.135027,0,0.0,0.0,1.6015407,0.0,0.0,0.0,0.0,2.7648501,0.0,0.0,0.0,-0.3421193,-0.8779397,0.0,0.0,1.0,0.0,dark zone,1
IGHV4-1*01_IGHD1-1*01_IGHJ3*01,0.26485779881477356,9.729351043701172,2,-2.1655943,13.902543,1,1.0780866,0.5830113,1.1668173,0.5177469,0.6239775,0.0,1.0421289,0.8746728,0.0,0.0,0.0,-0.46118075,-0.34115905,0.5,0.5,0.0,0.0,light zone,2
IGHV5-16*01_IGHD1-1*01_IGHJ2*01,1.6048719882965088,10.741663932800293,1,0.040267363,15.493723,1,2.6245477,0.0,0.0,0.69688755,0.0,0.015619485,0.0,1.7108614,0.0,0.0,0.0,-0.47139296,-0.8779397,0.0,1.0,0.0,0.0,Myc+ light zone,1
IGHV5-17*01_IGHD1-1*02_IGHJ3*01,8.703065872192383,7.999773025512695,1,4.2780075,-3.8585157,2,0.0,0.0,0.0,0.0,1.1697235,0.0,3.1328163,3.900521,0.0,2.598302,2.01669,0.89958376,-0.32093996,0.0,0.0,0.0,1.0,plasma cell,1
IGHV5-17*01_IGHD1-1*02_IGHJ4*01,-2.826121151447296,9.60187562306722,6,-3.4522295,8.268783,0,0.0,0.7718851,1.6258129,0.5280275,0.8560486,0.0,0.4891534,2.3049145,0.0,0.0,0.0,-0.34402633,-0.15301214,0.8333333333333334,0.0,0.16666666666666666,0.0,light zone,1
IGHV5-17*01_IGHD2-1*01_IGHJ3*01,-2.8381004333496094,11.64697551727295,1,-4.042986,6.680341,4,0.0,0.0,2.491181,0.45686305,0.0,0.0,0.0,1.8029029,0.0,0.0,0.0,-0.4636431,-0.8779397,1.0,0.0,0.0,0.0,light zone,1
IGHV5-17*01_IGHD2-2*01_IGHJ3*01,-3.6729137897491455,9.602622032165527,1,-2.958426,7.730893,0,0.0,0.0,0.27760845,0.43274722,0.0,0.0,1.5768386,1.6118196,0.0,0.0,0.0,-0.30662528,-0.8779397,0.0,0.0,1.0,0.0,dark zone,1
IGHV5-6*01_IGHD1-1*01_IGHJ3*01,7.832200527191162,8.685481071472168,1,4.1118565,-2.5884576,2,0.0,0.0,0.0,0.0,0.0,0.8621331,3.0276353,4.227353,0.0,2.595522,0.37059236,0.8818517,-0.8779397,0.0,0.0,0.0,1.0,plasma cell,1
IGHV5-6*01_IGHD1-1*01_IGHJ4*01,4.268532693386078,8.140321254730225,2,2.880555,12.5223465,3,0.8220904,0.9340954,0.0,0.0,0.51088476,1.4484131,1.7079682,1.884295,0.0,0.0,1.1475836,0.2840915,-0.2506938,0.0,0.5,0.0,0.5,Myc+ light zone,2
IGHV5-6*01_IGHD2-1*01_IGHJ2*01,-0.9929136037826538,12.584431648254395,1,-5.136831,6.947505,4,0.0,0.0,1.131915,0.7658728,0.0,0.0,0.0,0.0,0.0,0.0,0.0,-0.6914057,-0.8779397,1.0,0.0,0.0,0.0,light zone,1
IGHV5-6*01_IGHD3-2*02_IGHJ2*01,-3.872718095779419,7.577995300292969,1,-2.1937761,8.286086,0,0.0,0.0,2.22651,0.79859984,0.0,0.0,0.0,2.845679,0.0,0.0,0.0,-0.33190814,-0.8779397,0.0,0.0,1.0,0.0,dark zone,1
IGHV6-3*01_IGHD1-1*01_IGHJ2*01,8.057260513305664,6.045269012451172,1,3.3044386,-4.0431685,2,1.2210308,0.0,0.0,0.0,2.5224257,0.7014757,2.9965086,3.6887004,0.0,2.3676836,0.7014757,0.785958,0.32319072,0.0,0.0,0.0,1.0,plasma cell,1
IGHV6-3*01_IGHD1-1*01_IGHJ3*01,-2.640294075012207,7.929600954055786,2,-3.0956159,9.317407,0,0.0,1.7684561,1.804713,1.300415,1.9832846,0.0,0.0,2.3292003,0.0,0.0,0.0,-0.3971554,0.79340976,0.5,0.0,0.5,0.0,light zone,1
IGHV6-3*01_IGHD1-1*01_IGHJ4*01,-1.5048784017562866,9.145223617553711,1,-4.1251426,10.46979,0,0.0,0.0,1.4821528,0.0,0.47941267,0.0,0.0,0.0,0.0,0.0,0.0,-0.6914057,-0.64965266,1.0,0.0,0.0,0.0,light zone,1
IGHV6-3*01_IGHD3-3*01_IGHJ4*01,-2.3912570476531982,12.688253402709961,1,-4.6802225,5.5921893,4,0.0,0.0,2.7882135,0.6648667,0.0,0.0,0.0,2.4138327,0.0,0.0,0.0,-0.38646373,-0.8779397,1.0,0.0,0.0,0.0,light zone,1
IGHV6-3*01_IGHD6-1*02_IGHJ3*01,7.345942497253418,6.893733978271484,1,3.3704925,-2.9944003,2,0.0,2.0608208,0.0,0.0,2.7759583,0.0,2.80788,3.4034128,0.0,2.0456343,3.037217,0.8718238,1.2910461,0.0,0.0,0.0,1.0,plasma cell,1
IGHV8-2*01_IGHD2-2*01_IGHJ4*01,-3.2962441444396973,10.419682502746582,1,-3.2780325,7.379048,0,0.0,0.0,0.2785562,0.9191933,0.0,0.0,0.0,2.1501043,0.0,0.0,0.0,-0.41978082,-0.8779397,1.0,0.0,0.0,0.0,light zone,1
IGHV8-7*01_IGHD1-1*01_IGHJ1*03,8.333394050598145,8.741003036499023,1,4.8002467,-3.254783,2,0.16108473,0.0,0.0,0.0,2.2112896,0.0,2.9224997,3.6012802,0.0,2.303817,0.32377848,0.52217406,0.17503378,0.0,0.0,0.0,1.0,plasma cell,1
IGHV8-8*01_IGHD1-1*01_IGHJ1*03,-2.6217215061187744,13.218522071838379,1,-5.5139384,5.3625174,4,0.0,0.0145088835,0.0,1.3365821,0.0,0.0,2.186784,0.0145088835,0.0,0.0,0.0,-0.43834063,-0.87197566,1.0,0.0,0.0,0.0,light zone,1
IGHV9-1*01_IGHD1-1*01_IGHJ3*01,-0.07086324691772461,7.4774322509765625,2,-1.570864,11.678359,1,0.0,1.3626359,1.6930168,0.23580082,1.7962027,0.0,0.9211479,2.295537,0.0,0.0,0.00665067,-0.294528,0.5375071,1.0,0.0,0.0,0.0,light zone,2
IGHV9-2*01_IGHD1-1*02_IGHJ2*01,2.1881284713745117,5.11538553237915,1,2.216026,10.984291,3,0.0,1.756042,1.0895383,0.0,1.4272025,0.0,2.006587,2.3277133,0.0,0.0,0.0,-0.16681337,0.52351123,1.0,0.0,0.0,0.0,light zone,1
IGHV9-3*01_IGHD1-1*01_IGHJ1*03,1.2191593647003174,10.013212203979492,1,-0.10175415,14.700676,1,1.835324,0.0,1.104043,0.0,0.0,0.0,0.0,1.7882729,0.0,0.0,0.0,-0.46549132,-0.8779397,0.0,1.0,0.0,0.0,Myc+ light zone,1
IGHV9-3*01_IGHD1-1*01_IGHJ2*01,-1.820071240266164,8.605448246002197,3,-3.6627603,10.359301,0,0.6135554,1.8401862,1.3977674,0.11697683,1.6418366,0.002670475,0.37274912,2.074015,0.0,0.0,0.7259167,-0.27101398,0.66030455,0.0,0.3333333333333333,0.6666666666666666,0.0,dark zone,2
IGHV9-3*01_IGHD1-1*01_IGHJ3*01,-1.0044459998607635,6.054847002029419,2,-1.6189616,10.050102,0,0.0,2.8998077,0.9918118,0.48911786,2.4926975,0.0,0.005834787,1.7845432,0.0,0.0,0.0,-0.4652922,1.5010396,0.5,0.5,0.0,0.0,light zone,2
IGHV9-3*01_IGHD1-1*02_IGHJ4*01,-1.1214383840560913,8.437873840332031,1,-3.6362066,11.168476,0,0.0,1.5756325,1.4857063,0.7012083,0.45576477,0.0,2.7077618,2.1806839,0.0,0.0,0.022832511,-0.10121843,-0.013228446,0.0,0.0,1.0,0.0,dark zone,1
IGHV9-3*01_IGHD2-12*01_IGHJ3*01,-3.376065492630005,10.46703815460205,1,-3.2044122,7.512668,0,0.0,0.0,0.97440505,0.57087153,0.0,0.0,0.0,3.036478,0.0,0.0,0.0,-0.3078043,-0.8779397,1.0,0.0,0.0,0.0,light zone,1
IGHV9-3*01_IGHD2-2*01_IGHJ3*01,-1.3855009078979492,12.998025894165039,1,-5.2627773,6.3337135,4,0.0,0.0,0.0,0.0,0.0,0.0,0.0,0.0,0.0,0.0,0.0,-0.6914057,-0.8779397,0.0,0.0,1.0,0.0,dark zone,1
IGHV9-3*01_IGHD3-2*02_IGHJ3*01,3.0923352241516113,6.5678606033325195,1,2.3384328,11.663017,3,1.7723317,1.7950027,0.0,0.0,0.6650192,0.0,0.0,0.0,0.0,0.0,0.0,-0.6914057,0.17658958,0.0,1.0,0.0,0.0,Myc+ light zone,1
IGHV9-3*01_IGHD3-2*02_IGHJ4*01,1.8884146809577942,6.7194297313690186,2,1.1365855,11.669746,3,1.198056,1.8081644,1.7907808,0.24886185,0.95060384,0.0,0.67986256,1.6917856,0.0,0.0,0.0,-0.3995736,0.3179897,0.5,0.5,0.0,0.0,light zone,2
IGHV9-3*01_IGHD6-1*01_IGHJ2*01,-2.8042750358581543,7.9847493171691895,1,-2.8673844,8.966736,0,0.0,0.0,1.5399834,0.92633206,0.0,0.0,0.0,2.136257,0.0,0.0,0.0,-0.42153016,-0.8779397,0.0,0.0,1.0,0.0,dark zone,1
IGHV9-4*01_IGHD2-4*01_IGHJ2*01,9.276935577392578,9.829292297363281,1,5.0716357,-4.5169835,2,0.0,0.0,0.0,0.0,0.0,0.0,3.9803045,3.9230423,0.0,2.4306989,1.935606,0.9599247,-0.8779397,0.0,0.0,0.0,1.0,plasma cell,1
