clone_id,X_legacy_0,X_legacy_1,n_cells,x,y,clone_cluster,marker:Myc,marker:Top2a,marker:Bcl6,marker:Aicda,marker:Mki67,marker:Prdm1,marker:Xbp1,marker:Jchain,marker:Mzb1,marker:Sdc1,marker:Irf4,marker:Plasma cell,marker:Cycling,gate:light zone,gate:Myc+ light zone,gate:dark zone,gate:plasma cell,dominant_gate,n_donors
M1|C00001,4.280315498510997,5.5488888422648115,6,-0.13083664,8.665765,3,1.0893984,1.1617984,0.70537734,0.23092689,0.93178415,0.0,1.210559,1.7432765,0.0,0.36212876,0.9388686,-0.12508757,0.043330777,0.5,0.3333333333333333,0.0,0.16666666666666666,light zone,1
M1|C00002,4.155676364898682,4.56309814453125,5,-1.4287564,8.761353,4,1.5234209,1.5970526,1.4468768,0.14936595,1.352021,0.0011784433,1.1598885,1.7172539,0.0,0.0,0.5322177,-0.25667977,0.42235655,0.0,1.0,0.0,0.0,Myc+ light zone,1
M1|C00003,4.030225474387407,5.430622041225433,4,-0.6344677,8.23298,3,0.095867604,1.7793437,0.76262176,0.18301544,1.214584,0.0,1.111656,1.5558016,0.0,0.40239966,0.96283805,-0.14984433,0.43184492,0.5,0.25,0.0,0.25,light zone,1
M1|C00004,5.206921100616455,6.623617808024089,3,1.1610898,10.0004835,3,0.0,1.5438929,1.49725,0.5061874,0.968597,0.0,1.75146,1.5436083,0.0,1.0126877,0.5372063,-0.04680091,0.21792541,0.6666666666666666,0.0,0.0,0.3333333333333333,light zone,1
M1|C00005,6.914224982261658,5.431108593940735,2,2.4632869,11.500596,7,0.0,0.0,0.9186237,0.0,0.0,1.2382579,2.7562494,2.737043,0.0,1.301042,0.77232313,0.61055386,-0.8779397,0.0,0.5,0.0,0.5,Myc+ light zone,1
M1|C00006,2.6700457334518433,5.292726516723633,2,-1.9476548,6.523621,2,0.8336601,1.4187455,1.3929232,0.28741133,2.5925095,0.0,1.3619987,1.3580338,0.0,0.0,0.0,-0.36336854,0.9397577,0.5,0.5,0.0,0.0,light zone,1
M1|C00007,5.0867228507995605,4.269012689590454,2,-1.2027225,10.152466,3,2.2248397,2.7247155,0.0,0.0,0.8505958,0.0,1.6268368,0.53256714,0.0,0.0,1.127951,-0.25870097,0.64712846,0.0,1.0,0.0,0.0,Myc+ light zone,1
M1|C00008,2.526458978652954,6.8560357093811035,1,-0.48656797,5.2678223,0,0.0,1.7248313,0.7678361,0.43039834,0.017481389,0.0,2.306376,2.1761532,0.0,0.0,0.0,-0.15151839,-0.16060033,1.0,0.0,0.0,0.0,light zone,1
M1|C00009,4.359286308288574,5.991583824157715,1,0.33770657,8.698339,3,0.535692,2.927162,0.0,0.4289164,1.7120265,0.0,1.346191,1.4165609,0.0,0.0,1.8545599,-0.06426557,1.1405435,0.0,1.0,0.0,0.0,Myc+ light zone,1
M1|C00010,8.33633041381836,8.107264518737793,1,6.0379357,12.6193495,6,0.0,3.2103777,0.0,0.0,1.8625495,0.0,3.1990469,3.2336195,0.0,1.8319163,0.0,0.38013196,1.3286394,0.0,0.0,0.0,1.0,plasma cell,1
M1|C00011,0.2596004605293274,3.914523124694824,1,-5.6728263,3.098724,1,0.0,2.923926,0.0,0.0,2.2521122,0.0,2.0976837,0.0,0.0,0.0,0.0,-0.45041,1.3963919,1.0,0.0,0.0,0.0,light zone,1
M1|C00012,8.645613670349121,7.012959957122803,1,5.969898,11.816382,6,0.0,0.0,0.0,0.0,0.0,3.3494153,3.7765622,4.12954,0.0,1.9742376,2.4370253,1.7998972,-0.8779397,0.0,0.0,0.0,1.0,plasma cell,1
M1|C00013,1.043701171875,5.482240676879883,1,-3.8226683,4.632995,2,0.0,0.0,2.032462,0.84748936,0.0,0.0,1.8978553,2.0308864,0.0,0.0,0.0,-0.21680363,-0.8779397,1.0,0.0,0.0,0.0,light zone,1
M1|C00014,8.197294235229492,9.375988006591797,1,7.0002694,13.368148,5,0.0,1.8157597,0.0,0.0,1.6258361,1.5277234,3.1889641,3.4464307,0.0,2.4180214,2.8769724,1.3350363,0.6426445,0.0,0.0,0.0,1.0,plasma cell,1
M1|C00015,8.64249324798584,9.594940185546875,1,7.704972,13.352301,5,0.0,0.0,0.0,0.0,2.8123696,0.0,3.1511111,3.4151511,0.0,1.9070691,0.0,0.4096807,0.4612564,0.0,0.0,0.0,1.0,plasma cell,1
M1|C00016,1.472467303276062,4.384467601776123,1,-3.8514166,5.632141,2,0.0,1.8460877,1.0927038,0.4774716,0.0,0.0,1.4919574,1.0517265,0.0,0.0,0.0,-0.3871341,-0.11908057,1.0,0.0,0.0,0.0,light zone,1
M1|C00017,-0.8767322897911072,4.03429651260376,1,-6.5669727,2.0063953,1,0.0,0.0,0.81496847,0.6858134,2.339385,0.0,2.0837524,0.0,0.0,0.0,0.0,-0.4520105,0.23603031,1.0,0.0,0.0,0.0,light zone,1
M1|C00018,5.102160453796387,5.7701849937438965,1,0.36307526,9.929309,3,0.0,3.0632691,0.44339234,0.12239119,2.0277014,0.0,0.0,0.88622636,0.0,0.0,1.554409,-0.33342806,1.3468106,0.0,1.0,0.0,0.0,Myc+ light zone,1
M1|C00019,3.6270127296447754,4.211594581604004,1,-2.1701088,8.330306,4,1.8482406,0.0,0.0,0.0,0.0,0.0,0.0,0.0,0.0,0.0,0.0,-0.6914057,-0.8779397,0.0,1.0,0.0,0.0,Myc+ light zone,1
M1|C00020,4.650092124938965,6.875681400299072,1,1.0161973,9.290268,3,0.0,1.1767184,1.3968568,0.29344857,0.0,0.0,1.8181641,1.9112968,0.0,0.0,0.0,-0.24106695,-0.39423382,0.0,1.0,0.0,0.0,Myc+ light zone,1
M1|C00021,8.955178260803223,6.366623401641846,1,6.266906,11.647625,6,0.0,0.0,0.0,0.0,0.0,2.7442412,3.6585727,4.0206194,0.0,2.480115,3.074061,1.8047619,-0.8779397,0.0,0.0,0.0,1.0,plasma cell,1
M1|C00022,6.813345909118652,7.091358661651611,1,3.172512,11.396317,7,1.2009064,1.1974905,0.85379696,0.0,2.4871006,0.0,1.6973155,2.2541907,0.0,0.0,0.0,-0.21163271,0.7986142,0.0,1.0,0.0,0.0,Myc+ light zone,1
M1|C00023,8.677329063415527,6.2369914054870605,1,5.84905,11.704343,6,0.0,0.0,0.9347224,0.0,0.83750665,0.0,3.6399503,3.995768,0.0,2.5852952,3.5124125,1.2045125,-0.47913522,0.0,0.0,0.0,1.0,plasma cell,1
M1|C00024,-1.067734956741333,4.286563873291016,1,-6.747917,1.7301711,1,0.0,0.0,2.7882135,0.6648667,0.0,0.0,0.0,2.4138327,0.0,0.0,0.0,-0.38646373,-0.8779397,1.0,0.0,0.0,0.0,light zone,1
M1|C00025,-1.3316245079040527,4.751643657684326,1,-6.5430627,1.4184843,1,0.0,0.0,1.5286617,0.0,0.0,0.0,0.0,0.0,0.0,0.0,0.0,-0.6914057,-0.8779397,1.0,0.0,0.0,0.0,light zone,1
M1|C00026,4.512787342071533,5.274669170379639,1,-0.3917446,9.165132,3,0.0,1.6527514,1.5109903,0.0,0.0,0.0,0.0,1.3480908,0.0,0.0,0.0,-0.5211,-0.19855402,0.0,1.0,0.0,0.0,Myc+ light zone,1
M1|C00027,4.484312057495117,4.382132530212402,1,-1.4690034,9.3390875,4,1.9896662,1.8648554,1.705652,0.0,0.0,0.0,0.0,0.0,0.0,0.0,0.0,-0.6914057,-0.111365855,0.0,1.0,0.0,0.0,Myc+ light zone,1
M1|C00028,5.112820148468018,5.985437870025635,1,0.54032254,10.069906,3,1.617607,2.6850688,1.484963,0.27239463,0.9759121,0.0,1.6941795,1.248546,0.0,0.0,0.0,-0.3390371,0.69050443,0.0,1.0,0.0,0.0,Myc+ light zone,1
M1|C00029,5.273837089538574,5.738393783569336,1,0.5765211,10.114067,3,1.2004465,2.073131,0.0,0.079905175,1.5226787,0.0,1.0847207,1.4925377,0.0,0.0,0.0,-0.378232,0.6993189,0.0,1.0,0.0,0.0,Myc+ light zone,1
M1|C00030,3.261971950531006,4.619251728057861,1,-2.041114,7.686933,4,1.8896253,2.8214598,0.8937763,0.0,0.0,0.0,0.0,1.9719608,0.0,0.0,0.0,-0.44228587,0.28185922,0.0,1.0,0.0,0.0,Myc+ light zone,1
M1|C00031,4.359072208404541,3.055938959121704,1,-2.8273,9.634048,4,2.5124872,2.1697297,0.45218986,0.0,1.0215144,0.0,0.0,1.4857036,0.0,0.0,1.3373758,-0.29204586,0.5003823,0.0,1.0,0.0,0.0,Myc+ light zone,1
M1|C00032,5.328883171081543,5.218601703643799,1,-0.012164792,10.305954,3,2.020167,2.2204986,0.0,0.0,2.3941739,0.0,1.197849,0.0,0.0,0.0,0.8710649,-0.4159236,1.1748855,0.0,1.0,0.0,0.0,Myc+ light zone,1
M1|C00033,3.560980796813965,4.429078102111816,1,-2.205276,8.156899,4,0.0,0.0,0.0,0.0,0.0,0.0,1.1149364,0.0,0.0,0.0,0.0,-0.5633145,-0.8779397,0.0,1.0,0.0,0.0,Myc+ light zone,1
M1|C00034,3.2202672958374023,2.6074061393737793,1,-3.3806503,8.792459,4,2.6245477,0.0,0.0,0.69688755,0.0,0.015619485,0.0,1.7108614,0.0,0.0,0.0,-0.47139296,-0.8779397,0.0,1.0,0.0,0.0,Myc+ light zone,1
M2|C00001,4.6058672904968265,5.389137268066406,5,-0.31387243,9.254355,3,1.525946,2.1341295,1.1012931,0.18028149,2.1077266,0.0,1.5460768,2.0538146,0.0,0.0,0.1648073,-0.2282373,1.0029817,0.0,1.0,0.0,0.0,Myc+ light zone,1
M2|C00002,2.0463455617427826,4.480433464050293,3,-3.3573904,5.987463,2,0.75641435,0.88030934,1.4649001,0.40763775,1.2343618,0.0,1.0564008,1.9923673,0.0,0.0,0.0,-0.3183416,0.07170256,0.6666666666666666,0.3333333333333333,0.0,0.0,light zone,1
M2|C00003,4.117539167404175,4.204398274421692,2,-1.7939134,8.802539,4,0.9954792,1.3071762,0.7557473,0.0,1.2198677,0.0,1.34617,1.7735922,0.0,0.0,0.22631308,-0.27687004,0.24027014,0.0,1.0,0.0,0.0,Myc+ light zone,1
M2|C00004,6.763727426528931,6.686723232269287,2,2.64976,11.292992,7,0.020940494,1.4499493,0.9272941,0.22106397,1.4586983,0.0,2.0972767,3.0200603,0.0,1.5206183,1.313259,0.3842116,0.4126854,0.0,0.5,0.0,0.5,Myc+ light zone,1
M2|C00005,6.444833517074585,6.054551601409912,2,2.148039,11.201443,7,0.6124343,0.76882625,0.536301,0.10770564,0.5044707,0.0,1.8717058,1.9584407,0.0,0.9894447,2.2504885,0.28683555,-0.32168412,0.0,0.5,0.0,0.5,Myc+ light zone,1
M2|C00006,2.4399260878562927,4.930988311767578,2,-2.4641757,6.4184093,2,0.84270453,1.2003053,1.5857471,0.04699737,1.5298942,0.0,1.1036606,1.0863082,0.0,0.52187884,0.23477408,-0.30603376,0.3439681,0.5,0.5,0.0,0.0,light zone,1
M2|C00007,9.438353538513184,8.973994255065918,1,8.593046,12.862662,5,0.0,0.0,0.0,0.0,0.0,1.9222453,2.9516232,4.2752647,0.0,2.0779212,0.0,1.000219,-0.8779397,0.0,0.0,0.0,1.0,plasma cell,1
M2|C00008,1.1051898002624512,5.488765716552734,1,-3.7200496,4.613669,2,0.0,1.44824,1.7152141,0.8709015,0.0,0.0,0.0,2.4651496,0.0,0.0,0.0,-0.3799808,-0.2826212,1.0,0.0,0.0,0.0,light zone,1
M2|C00009,3.5385355949401855,3.1678731441497803,1,-2.9375703,8.861274,4,0.0,2.165234,1.6089934,0.0,2.2146559,0.0,0.0,0.0,0.0,0.0,0.58236,-0.5992343,1.0666853,0.0,1.0,0.0,0.0,Myc+ light zone,1
M2|C00010,3.600755453109741,4.610152244567871,1,-1.8655124,8.012966,4,0.0,2.312039,1.2073469,0.88255423,0.0,0.0,1.8000429,0.0,0.0,0.0,0.974163,-0.33042204,0.07245493,0.0,1.0,0.0,0.0,Myc+ light zone,1
M2|C00011,9.70634937286377,7.4272685050964355,1,7.946673,12.145647,5,0.0,0.0,0.0,0.0,1.9371146,0.0,3.4504967,3.7438018,0.0,1.6539961,1.8295884,0.73434496,0.044476837,0.0,0.0,0.0,1.0,plasma cell,1
M2|C00012,4.969742298126221,4.9902520179748535,1,-0.47108912,9.959401,3,0.30582,1.7931468,0.6087481,0.0,0.8627317,0.0,1.0928926,0.20282967,0.0,0.0,0.0,-0.5402233,0.26997358,0.0,1.0,0.0,0.0,Myc+ light zone,1
M2|C00013,7.6738409996032715,8.760586738586426,1,5.3568864,12.744612,6,0.0,2.4478705,0.0,0.0,2.5947368,2.6289618,3.6465094,3.0943818,0.0,2.22657,1.9748445,1.4428684,1.3638539,0.0,0.0,0.0,1.0,plasma cell,1
M2|C00014,4.96038818359375,3.490633487701416,1,-2.0892158,9.867953,4,1.4849879,2.506806,1.4742987,0.0,2.2680452,0.0,0.0,0.8739993,0.0,0.0,0.0,-0.5809924,1.2325159,0.0,1.0,0.0,0.0,Myc+ light zone,1
M2|C00015,5.185420989990234,4.379547595977783,1,-1.0406775,10.19669,3,1.7691432,2.6692574,1.2519679,0.0,2.32826,0.0,1.1350671,1.0928525,0.0,0.0,0.0,-0.42294052,1.3279669,0.0,1.0,0.0,0.0,Myc+ light zone,1
M2|C00016,4.530465602874756,5.437989234924316,1,-0.2046246,9.041468,3,1.3690625,2.015609,0.0,0.0,2.2474217,0.0,1.6918643,1.7622405,0.0,0.0,0.0,-0.27440754,1.0207824,0.0,1.0,0.0,0.0,Myc+ light zone,1
M2|C00017,3.7298693656921387,2.78857421875,1,-3.1427238,9.188742,4,2.382953,0.0,0.0,0.0,0.0,0.0,0.0,2.3727207,0.0,0.0,2.2774768,-0.031196197,-0.8779397,0.0,1.0,0.0,0.0,Myc+ light zone,1
M2|C00018,4.312049388885498,5.843729496002197,1,0.014872061,8.664012,3,1.3375374,3.1685896,1.3472264,0.28107056,2.4612393,0.0,0.0,1.6307764,0.0,0.0,0.0,-0.485388,1.5965464,0.0,1.0,0.0,0.0,Myc+ light zone,1
M2|C00019,4.0665364265441895,2.6201815605163574,1,-3.0838072,9.422906,4,1.932063,0.0,0.0,0.0,0.0,0.0,1.5932864,0.0,0.0,0.0,0.0,-0.5083585,-0.8779397,0.0,1.0,0.0,0.0,Myc+ light zone,1
M2|C00020,9.158241271972656,8.621747016906738,1,7.7088666,13.048506,5,0.0,0.0,0.0,0.0,2.1158097,2.0594559,3.449378,4.117302,0.0,3.2832417,0.5465925,1.3524531,0.12956807,0.0,0.0,0.0,1.0,plasma cell,1
M2|C00021,4.246039867401123,4.155115604400635,1,-1.7768725,9.11935,4,0.41962865,1.8888669,1.4011273,0.32511285,0.0,0.0,1.3597251,1.3561963,0.0,0.0,0.0,-0.3638619,-0.101495594,0.0,1.0,0.0,0.0,Myc+ light zone,1
M2|C00022,4.904592514038086,6.435098648071289,1,0.79963017,9.596664,3,1.694625,2.2308733,0.81000006,0.0,0.6888824,0.0,1.6008829,0.0,0.0,0.0,0.0,-0.50748575,0.36712325,0.0,1.0,0.0,0.0,Myc+ light zone,1
M2|C00023,4.101717948913574,3.035804033279419,1,-2.7967281,9.331655,4,2.3672645,3.2584245,0.89066756,0.0,1.4877812,0.0,1.3107308,1.8706627,0.0,0.0,2.1112564,0.029655576,1.1699321,0.0,1.0,0.0,0.0,Myc+ light zone,1
M2|C00024,6.419480800628662,6.898033142089844,1,2.526015,11.127691,7,1.7377053,2.3326554,1.5482255,0.0,1.502793,0.0,1.337779,1.8959877,0.0,0.0,0.0,-0.29819074,0.7965306,0.0,1.0,0.0,0.0,Myc+ light zone,1
M2|C00025,3.18363094329834,4.65772008895874,1,-2.0440245,7.467052,4,2.4712374,0.0,1.0940392,0.0,0.82648015,0.0,0.96918154,1.9483867,0.0,0.0,0.0,-0.33391806,-0.48438585,0.0,1.0,0.0,0.0,Myc+ light zone,1
M3|C00001,7.225348854064942,5.676388692855835,5,3.0118878,11.659855,7,1.6775833,1.3058951,0.0,0.0,1.6495224,0.004947184,2.4643545,3.017729,0.0,1.7316202,2.3874068,0.6313618,0.4443368,0.0,0.4,0.0,0.6,plasma cell,1
M3|C00002,4.551175057888031,5.75055992603302,4,0.06725914,9.106133,3,1.3149035,1.918649,0.27205268,0.3568449,1.3383316,0.0,0.94420373,2.0978844,0.0,0.634781,0.6254313,-0.11651754,0.5480344,0.0,0.5,0.25,0.25,Myc+ light zone,1
M3|C00003,2.915965477625529,7.338228543599446,3,0.34258068,5.1768327,0,0.4831309,2.9748008,1.6728855,0.7174654,2.1496613,0.124250405,1.323291,2.0236413,0.0,0.0,0.5069462,-0.17264539,1.3685194,0.0,0.3333333333333333,0.6666666666666666,0.0,dark zone,1
M3|C00004,3.019172430038452,6.6094279289245605,2,0.0018268386,6.1340284,0,0.0,1.2442813,1.2339132,0.21306211,2.5998642,0.0,0.0,1.6194609,0.0,0.0,0.0,-0.48681754,0.87154406,0.0,0.5,0.5,0.0,Myc+ light zone,1
M3|C00005,3.566847085952759,5.938766002655029,2,-0.14890201,7.2759576,0,1.203068,1.5211306,2.0529928,0.33934402,2.1907501,0.0,1.4959793,1.3853338,0.0,0.0,0.7660681,-0.22327985,0.79053444,0.0,0.5,0.5,0.0,Myc+ light zone,1
M3|C00006,4.039409160614014,5.104814529418945,1,-0.8274482,8.326841,3,0.0,2.2827682,1.540171,0.34434935,2.305226,0.0,0.51162004,1.0710129,0.0,0.0,2.554875,-0.09295962,1.1581271,0.0,1.0,0.0,0.0,Myc+ light zone,1
M3|C00007,2.46631121635437,8.080697059631348,1,-0.06441597,4.029132,0,1.2938257,1.2498642,1.4930226,0.5899044,2.474934,0.0,1.2884351,2.4929228,0.0,0.0,1.0168505,-0.067509145,0.81434965,0.0,0.0,1.0,0.0,dark zone,1
M3|C00008,3.357491970062256,4.980109691619873,1,-1.7312552,7.4636736,4,2.2552252,1.0189576,2.4102213,0.0,0.0,1.1627148,2.1886933,1.9951237,0.0,0.0,0.0,0.10076028,-0.4590835,0.0,1.0,0.0,0.0,Myc+ light zone,1
M3|C00009,4.153644561767578,5.457760334014893,1,-0.3354641,8.497465,3,0.76830685,2.4566846,0.8670485,0.0,1.5810229,1.4279127,1.993335,1.894622,0.0,0.0,1.0589509,0.29906318,0.8847661,0.0,1.0,0.0,0.0,Myc+ light zone,1
M3|C00010,-0.07246996462345123,4.279847621917725,1,-5.6872244,2.7981656,1,0.0,0.031478632,0.0,0.91750133,1.9384761,0.0,0.0,1.7350096,0.0,0.0,0.0,-0.47222015,0.058064938,0.0,0.0,1.0,0.0,dark zone,1
M3|C00011,5.355749607086182,3.149707794189453,1,-2.3623888,10.136382,4,2.6376898,2.7835956,0.0,0.0,1.9534498,0.0,0.0,1.434159,0.0,0.0,1.6305611,-0.2521544,1.1964898,0.0,1.0,0.0,0.0,Myc+ light zone,1
M3|C00012,8.891129493713379,8.281928062438965,1,7.014942,12.827583,5,0.0,0.0,0.0,0.0,0.0,2.2572467,3.53467,4.588616,0.0,3.093538,2.4549108,1.742332,-0.8779397,0.0,0.0,0.0,1.0,plasma cell,1
M3|C00013,4.580486297607422,4.532713890075684,1,-1.2483987,9.4751425,4,0.0,2.6451867,1.0770774,0.53050476,1.6793417,0.0,0.0,1.588316,0.0,0.0,0.0,-0.4907521,1.0090699,0.0,1.0,0.0,0.0,Myc+ light zone,1
M3|C00014,2.6930246353149414,6.3505024909973145,1,-0.63082194,5.8982973,0,0.31843308,2.7049048,0.2893065,0.0,3.1357079,0.0,1.3040011,0.9700339,0.0,0.0,0.0,-0.41904807,1.7271113,0.0,0.0,1.0,0.0,dark zone,1
M3|C00015,8.335142135620117,6.538094520568848,1,5.3837624,11.757832,6,1.7507243,0.0,0.0,0.0,0.0,2.8055394,3.8580885,4.3346806,0.0,2.2936487,3.8452034,1.9745497,-0.8779397,0.0,0.0,0.0,1.0,plasma cell,1
M3|C00016,1.9973032474517822,6.9637651443481445,1,-1.2631816,4.7326484,0,0.0,1.3068643,1.8795894,1.1144441,0.16520762,0.01780436,0.0,2.7359853,0.0,0.0,0.0,-0.34134555,-0.26206693,0.0,0.0,1.0,0.0,dark zone,1
M3|C00017,0.042944323271512985,7.709120750427246,1,-3.3031588,2.1951714,2,0.0,0.0,0.27760845,0.43274722,0.0,0.0,1.5768386,1.6118196,0.0,0.0,0.0,-0.30662528,-0.8779397,0.0,0.0,1.0,0.0,dark zone,1
M3|C00018,-0.2114022821187973,3.97696852684021,1,-6.0496917,2.6319091,1,0.0,0.0,0.0,0.0,0.0,0.0,0.0,0.0,0.0,0.0,0.0,-0.6914057,-0.8779397,0.0,0.0,1.0,0.0,dark zone,1
M3|C00019,0.1920863389968872,5.679900169372559,1,-4.4329214,3.009474,1,0.0,1.5756325,1.4857063,0.7012083,0.45576477,0.0,2.7077618,2.1806839,0.0,0.0,0.022832511,-0.10121843,-0.013228446,0.0,0.0,1.0,0.0,dark zone,1
M3|C00020,0.16538263857364655,7.287465572357178,1,-3.2673671,2.4391975,2,0.0,0.0,1.5399834,0.92633206,0.0,0.0,0.0,2.136257,0.0,0.0,0.0,-0.42153016,-0.8779397,0.0,0.0,1.0,0.0,dark zone,1
M3|C00021,2.7181625366210938,7.570191383361816,1,0.05575599,4.7867513,0,0.0,0.0,2.22651,0.79859984,0.0,0.0,0.0,2.845679,0.0,0.0,0.0,-0.33190814,-0.8779397,0.0,0.0,1.0,0.0,dark zone,1
M3|C00022,-1.1208387613296509,5.58653450012207,1,-5.7207665,1.1565521,1,0.0,0.0,1.2175442,0.9123098,0.0,0.0,0.0,0.0,0.0,0.0,0.0,-0.6914057,-0.8779397,0.0,0.0,1.0,0.0,dark zone,1
M4|C00001,3.3734664916992188,4.5190054178237915,4,-2.355815,7.788969,4,0.8415104,1.5519488,1.263376,0.6456685,1.4541397,0.0,0.49225417,0.7808497,0.0,0.0,0.47051457,-0.4617374,0.45244297,0.0,1.0,0.0,0.0,Myc+ light zone,1
M4|C00002,6.760332942008972,6.71235990524292,2,2.9743383,11.342885,7,1.0304703,1.3054086,0.27303517,0.110258326,1.3049544,0.6568644,2.924543,2.8668656,0.0,1.599495,1.7728385,0.7084427,0.2800601,0.0,0.5,0.0,0.5,Myc+ light zone,1
M4|C00003,3.8389251232147217,5.186690092086792,2,-0.9822337,8.037909,3,1.0641227,2.0901244,0.18711738,0.1321756,0.8455379,0.0,1.9379423,1.4730351,0.0,0.0,0.0,-0.2826721,0.38386282,0.0,1.0,0.0,0.0,Myc+ light zone,1
M4|C00004,5.546265363693237,7.95993971824646,2,1.9805676,10.465385,3,0.0,1.2975029,1.3849967,0.21919157,0.42897117,0.0,2.1961586,3.4359243,0.0,1.2875316,1.7791369,0.48424494,-0.14031592,0.0,0.5,0.0,0.5,Myc+ light zone,1
M4|C00005,5.545650124549866,6.408473491668701,2,1.4352573,10.462091,3,0.77533406,0.6633309,0.22256632,0.19959274,2.3696923,0.75710547,2.8267837,3.1562018,0.0,1.5257437,1.1110079,0.6420045,0.52313316,0.0,0.5,0.0,0.5,Myc+ light zone,1
M4|C00006,4.024470567703247,4.394116640090942,2,-1.7257104,8.669221,4,0.0,2.6079452,1.2133883,0.13585617,1.1496574,0.15494618,1.2454518,1.7839019,0.0,0.0,0.0,-0.28448915,0.7415359,0.0,1.0,0.0,0.0,Myc+ light zone,1
M4|C00007,5.662795543670654,3.137659788131714,1,-2.4266753,10.341876,4,3.1120265,2.791476,0.0,0.0,1.011548,0.0,1.4360268,1.5256851,0.0,0.0,0.74624366,-0.2155745,0.75121367,0.0,1.0,0.0,0.0,Myc+ light zone,1
M4|C00008,5.660972595214844,3.269789218902588,1,-2.1954815,10.308742,4,2.786244,0.0,0.15544407,0.0,0.0,0.0,1.3547573,0.0,0.0,0.0,1.4379787,-0.30817023,-0.8779397,0.0,1.0,0.0,0.0,Myc+ light zone,1
M4|C00009,2.024617910385132,3.7304317951202393,1,-3.4874625,6.7854033,2,2.2993305,0.29632267,2.1674187,0.6607108,0.0,0.0,0.0,2.2943747,0.0,0.0,0.0,-0.40155497,-0.7561323,0.0,1.0,0.0,0.0,Myc+ light zone,1
M4|C00010,5.435872554779053,3.0562617778778076,1,-2.3562365,10.211004,4,2.474604,3.1995704,0.0,0.0,2.3796232,0.0,0.019034997,0.93113416,0.0,0.0,2.1188784,-0.23622817,1.5704174,0.0,1.0,0.0,0.0,Myc+ light zone,1
M4|C00011,5.656999111175537,2.8622779846191406,1,-2.3442905,10.1881275,4,2.165648,0.0,0.9744185,0.0,0.0,0.0,0.0,0.0,0.0,0.0,0.46616215,-0.6176252,-0.8779397,0.0,1.0,0.0,0.0,Myc+ light zone,1
M4|C00012,2.0680062770843506,8.696892738342285,1,-0.25778607,3.3023343,0,0.0,1.6283702,0.0,0.416443,1.1442305,0.0,1.5214819,2.103513,0.0,0.0,1.5839522,-0.00017331044,0.3362842,0.0,0.0,1.0,0.0,dark zone,1
M4|C00013,1.4413349628448486,6.412508964538574,1,-2.599704,4.487991,2,0.0,1.7583207,1.2241702,1.2332971,2.0214303,0.0,1.7900584,2.2057705,0.0,0.0,0.0,-0.20709474,0.80740774,0.0,0.0,1.0,0.0,dark zone,1
M4|C00014,2.0640180110931396,7.55526876449585,1,-0.7003474,4.27766,0,0.0,2.959178,1.9749697,0.45427686,2.3263214,0.0,1.0727438,1.6340098,0.0,0.0,0.0,-0.3617357,1.4462196,0.0,1.0,0.0,0.0,Myc+ light zone,1
M4|C00015,3.7385995388031006,2.4434211254119873,1,-3.1492527,9.272816,4,0.6493639,0.0,0.0,0.0,0.0,0.0,0.0,0.0,0.0,0.0,1.8776593,-0.39422444,-0.8779397,0.0,1.0,0.0,0.0,Myc+ light zone,1
M4|C00016,4.108439922332764,5.237051486968994,1,-0.69028306,8.474813,3,1.5328323,2.754202,1.2770118,0.213834,2.4821684,0.0,0.8338322,2.1824226,0.0,0.0,0.0,-0.31990185,1.4361727,0.0,1.0,0.0,0.0,Myc+ light zone,1
M4|C00017,4.275951862335205,4.766542434692383,1,-1.1727712,8.7769785,4,0.0,2.794021,0.0,0.0,2.0213125,0.0,0.9624467,2.3177047,0.0,0.0,0.0,-0.28803548,1.2330902,0.0,1.0,0.0,0.0,Myc+ light zone,1
M4|C00018,5.553510665893555,3.665673017501831,1,-1.9248607,10.232871,4,1.7723317,1.7950027,0.0,0.0,0.6650192,0.0,0.0,0.0,0.0,0.0,0.0,-0.6914057,0.17658958,0.0,1.0,0.0,0.0,Myc+ light zone,1
M4|C00019,3.9563136100769043,5.857926368713379,1,-0.043535523,8.123942,3,0.0,2.3968928,1.8616992,0.0,2.2336562,0.0,0.011669574,2.0105736,0.0,0.0,0.0,-0.4360672,1.1709592,0.0,1.0,0.0,0.0,Myc+ light zone,1
M4|C00020,2.3236846923828125,8.643800735473633,1,-0.106580496,3.4253817,0,0.0,2.7647498,1.4214269,0.6331445,2.7398074,0.0,0.88353276,2.1471758,0.0,0.0,0.0,-0.31864473,1.5631913,0.0,0.0,1.0,0.0,dark zone,1
M4|C00021,1.9062124490737915,8.402449607849121,1,-0.49544963,3.5085392,0,0.0,3.34996,2.1653233,0.8210902,0.9418416,0.0,1.6416522,2.4585369,0.0,0.0,0.0,-0.1922124,0.94759315,0.0,0.0,1.0,0.0,dark zone,1
M5|C00001,3.040052912064961,6.1396002769470215,7,-0.4453354,6.5417533,0,0.6710965,0.72434086,1.6384317,0.39954633,1.5071927,0.0,0.4599202,1.2939644,0.0,0.0,0.11960683,-0.45616874,0.13750646,0.0,0.5714285714285714,0.42857142857142855,0.0,Myc+ light zone,1
M5|C00002,3.2950551509857178,4.786318143208821,3,-1.9118079,7.6045017,4,1.3925816,1.8847734,0.31096765,0.07403164,1.1616396,0.0,0.016180197,1.2561663,0.0,0.0,0.5214862,-0.44831726,0.44997203,0.0,0.6666666666666666,0.3333333333333333,0.0,Myc+ light zone,1
M5|C00003,3.493479053179423,4.265409708023071,3,-2.3028533,8.030163,4,2.027463,1.2758769,0.7756517,0.0,1.073687,0.0,0.26934603,1.6094345,0.0,0.0,0.3453591,-0.4024792,0.15779571,0.0,0.6666666666666666,0.3333333333333333,0.0,Myc+ light zone,1
M5|C00004,1.8310481309890747,4.1765947341918945,1,-3.6421275,6.0586123,2,0.3427767,0.0,0.0,0.4351138,0.0,0.0,1.4389626,1.9855051,0.0,0.0,0.0,-0.27525732,-0.8779397,0.0,1.0,0.0,0.0,Myc+ light zone,1
M5|C00005,1.2274434566497803,8.696660995483398,1,-1.17892,3.1338046,0,0.0,0.0,1.0534598,0.73828477,2.3459785,0.0,0.017465038,2.5836065,0.0,0.0,0.0,-0.36300954,0.23916999,0.0,0.0,1.0,0.0,dark zone,1
M5|C00006,4.033477306365967,6.230185508728027,1,0.28956845,8.152016,3,1.4980881,2.054654,0.97202677,0.0,1.7355931,0.0,0.0,0.0,0.0,0.0,0.0,-0.6914057,0.7931093,0.0,1.0,0.0,0.0,Myc+ light zone,1
M5|C00007,3.7671430110931396,3.9786570072174072,1,-2.1148477,8.599317,4,0.74604326,0.0,0.0,0.0,0.0,0.0,1.4873159,0.0,0.0,0.0,0.0,-0.5205331,-0.8779397,0.0,1.0,0.0,0.0,Myc+ light zone,1
M5|C00008,0.1310558021068573,4.005739212036133,1,-5.5951314,3.019134,1,0.0,0.0,0.0,0.0,0.13660905,0.0,0.0,2.5238214,0.0,0.0,0.0,-0.37256873,-0.81288916,0.0,0.0,1.0,0.0,dark zone,1
M5|C00009,9.603919982910156,6.277668476104736,1,7.537263,11.660802,5,0.0,0.10813778,0.0,0.0,1.6153549,0.0,3.6567528,4.056545,0.0,2.6814504,2.3080232,1.0390102,-0.064287424,0.0,0.0,0.0,1.0,plasma cell,1
M5|C00010,1.2483199834823608,5.793533802032471,1,-3.3360267,4.627956,2,0.0,0.0,1.8365113,1.0169202,0.0,0.0,2.7424238,2.0144098,0.0,0.0,0.0,-0.12185556,-0.8779397,0.0,0.0,1.0,0.0,dark zone,1
M5|C00011,8.336298942565918,7.219547748565674,1,5.486234,12.01466,6,0.0,0.0,0.0,0.0,0.0,1.8564419,3.1111965,3.4163613,0.0,2.6057634,0.53126395,1.0629383,-0.8779397,0.0,0.0,0.0,1.0,plasma cell,1
M5|C00012,5.280214786529541,4.456784248352051,1,-0.9244759,10.19476,3,1.926036,2.6126032,0.32436633,0.0,1.8416096,0.0,1.4118515,1.2022693,0.0,0.0,0.0,-0.37731898,1.0729449,0.0,1.0,0.0,0.0,Myc+ light zone,1
M5|C00013,2.854008436203003,3.4638917446136475,1,-3.1424246,8.097216,4,0.0,0.0,1.5406351,0.0,0.0,0.0,0.0,1.9121354,0.0,0.0,0.0,-0.44984367,-0.8779397,0.0,1.0,0.0,0.0,Myc+ light zone,1
M5|C00014,3.4441094398498535,3.5007333755493164,1,-2.8346276,8.67587,4,0.0,0.0,1.1384658,0.0,0.0,0.0,0.0,1.2525387,0.0,0.0,0.027900144,-0.52875537,-0.8779397,0.0,1.0,0.0,0.0,Myc+ light zone,1
M5|C00015,-0.772259533405304,6.227436542510986,1,-4.8585415,1.3810396,1,0.0,0.0,0.93067664,0.58687127,0.0,0.0,0.0,2.4804897,0.0,0.0,0.0,-0.37804285,-0.8779397,0.0,0.0,1.0,0.0,dark zone,1
M5|C00016,6.818087577819824,7.811314105987549,1,3.7018697,11.648115,7,0.0,0.023535982,0.0,0.0,2.557814,0.05407963,2.5657773,2.9425716,0.0,0.50614595,2.565167,0.47617245,0.34971666,0.0,0.0,0.0,1.0,plasma cell,1
M5|C00017,-0.3262466788291931,6.117855548858643,1,-4.443353,2.1264946,1,0.0,0.0,2.420495,0.847622,0.0,0.0,1.9632967,1.68816,0.0,0.0,0.0,-0.25258228,-0.8779397,0.0,0.0,1.0,0.0,dark zone,1
M5|C00018,5.943643093109131,5.725165367126465,1,1.3428929,10.877377,3,2.430528,2.517048,1.6611048,0.0,0.0078097275,0.0,1.4496367,2.2772446,0.0,0.0,0.31371102,-0.18752353,0.16044548,0.0,1.0,0.0,0.0,Myc+ light zone,1
M5|C00019,8.703024864196777,7.479071617126465,1,6.111617,12.084287,6,0.0,0.0,0.0,0.0,0.0,0.0,3.9208302,4.093359,0.0,2.6217153,0.0,0.69906825,-0.8779397,0.0,0.0,0.0,1.0,plasma cell,1
M5|C00020,-0.3694404065608978,3.4833052158355713,1,-6.501045,2.3748918,1,0.0,0.0,0.028166907,0.0,0.0,0.0,0.0,0.028166907,0.0,0.0,0.0,-0.6878473,-0.8779397,0.0,0.0,1.0,0.0,dark zone,1
M5|C00021,4.412087917327881,3.1269025802612305,1,-2.4864488,9.585715,4,1.7938954,0.0,0.0,0.0,0.0,0.0,0.0137149645,1.5709896,0.0,0.0,2.765475,-0.053667545,-0.8779397,0.0,1.0,0.0,0.0,Myc+ light zone,1
M5|C00022,3.94883131980896,6.914788246154785,1,0.92335844,8.012934,3,0.0,2.7590122,1.3748645,0.7780395,1.2573171,0.0,1.3979437,2.4385402,0.0,0.0,0.0,-0.22273743,0.85489947,0.0,0.0,1.0,0.0,dark zone,1
M5|C00023,1.6329734325408936,8.697587013244629,1,-0.68037695,3.1023114,0,0.0,2.230599,1.5020974,0.48204863,2.339427,0.0,1.6691333,3.1495748,0.0,0.0,0.0,-0.10175567,1.1529679,0.0,0.0,1.0,0.0,dark zone,1
M5|C00024,7.756325721740723,8.712899208068848,1,5.5214295,12.672161,6,0.0,2.2333074,0.0,0.0,1.6887635,0.0,3.4448826,3.7652793,0.0,1.8821379,1.8588438,0.7778447,0.8442479,0.0,0.0,0.0,1.0,plasma cell,1
M5|C00025,2.98671555519104,4.483020305633545,1,-2.423129,7.3029466,4,1.6745608,1.7117811,1.4128851,0.0,2.1231608,0.0,2.055178,0.2650925,0.0,0.0,0.13501011,-0.4004356,0.83671916,0.0,1.0,0.0,0.0,Myc+ light zone,1
M5|C00026,3.2317774295806885,3.2982728481292725,1,-2.941855,8.489143,4,1.3528109,0.0,0.0,0.0,0.0,0.0,0.0,0.0,0.0,0.0,0.0,-0.6914057,-0.8779397,0.0,1.0,0.0,0.0,Myc+ light zone,1
M5|C00027,-0.5454502105712891,7.087555408477783,1,-3.967102,1.7540478,2,0.0,0.0,2.2278504,0.8793545,0.0,0.0,0.0,2.7207236,0.0,0.0,0.0,-0.3476939,-0.8779397,0.0,0.0,1.0,0.0,dark zone,1
M5|C00028,2.787189483642578,8.729187965393066,1,0.10513354,3.6819437,0,0.0,3.4235187,0.6345773,0.35093048,2.5665512,0.0,1.1022882,2.3114936,0.0,0.0,0.0,-0.2727542,1.751486,0.0,0.0,1.0,0.0,dark zone,1
M5|C00029,7.611847400665283,8.236852645874023,1,4.854614,12.510526,6,0.0,1.8681908,0.0,0.0,1.0217695,0.0,3.4159365,3.76859,0.0,0.0,2.2951672,0.54039055,0.37655213,0.0,0.0,0.0,1.0,plasma cell,1
M5|C00030,8.549692153930664,7.029465675354004,1,5.977388,12.025962,6,0.0,0.021354964,0.0,0.0,0.0,0.0,3.2653487,4.137839,0.0,2.2786357,0.21303725,0.6077576,-0.8691615,0.0,0.0,0.0,1.0,plasma cell,1
M5|C00031,10.030998229980469,6.065910816192627,1,7.9458942,11.72957,5,0.0,0.0,0.0,0.0,1.3162932,0.0,3.7414765,3.9717717,0.0,2.3378103,2.6857717,1.0423893,-0.2511463,0.0,0.0,0.0,1.0,plasma cell,1
M5|C00032,9.731629371643066,8.857515335083008,1,8.923986,12.594195,5,0.0,0.0,0.0,0.0,0.0,0.0,3.588325,3.8991582,0.0,2.0842834,0.9923623,0.7067053,-0.8779397,0.0,0.0,0.0,1.0,plasma cell,1
M5|C00033,0.8944278955459595,8.016615867614746,1,-2.111314,2.9640172,2,0.0,0.024454683,2.538459,1.1407228,2.7634025,0.0,0.0,1.8635147,0.0,0.0,0.0,-0.455986,0.4479917,0.0,0.0,1.0,0.0,dark zone,1
M6|C00001,5.299066543579102,4.642965257167816,4,-0.72620046,10.454625,3,1.1012905,1.3248496,0.5687411,0.15906039,1.1012316,0.38824263,0.7824865,2.2080152,0.0,0.71328956,0.7621347,0.009506166,0.19104275,0.0,0.75,0.0,0.25,Myc+ light zone,1
M6|C00002,5.045062303543091,4.923495451609294,3,-0.47754732,10.063272,3,1.4419619,1.8347483,0.42710474,0.27333757,1.8773336,0.0,1.8702044,2.2408526,0.0,1.0336417,2.4691188,0.36407295,0.7702082,0.0,0.6666666666666666,0.0,0.3333333333333333,Myc+ light zone,1
M6|C00003,3.06475830078125,4.3172164758046465,3,-2.5874066,7.5080543,4,1.2880458,1.5772734,1.0881761,0.28709543,0.7740729,0.0,0.0,1.5263042,0.0,0.0,0.75195336,-0.37957284,0.1390183,0.0,1.0,0.0,0.0,Myc+ light zone,1
M6|C00004,7.4274420738220215,5.657733678817749,2,3.0378761,11.48413,7,1.4459078,1.0592633,0.0,0.0,0.0076453267,0.0,2.18713,2.83684,0.0,1.370599,0.92638385,0.28595713,-0.43887472,0.5,0.5,0.0,0.0,light zone,1
M6|C00005,7.0869362354278564,7.205556869506836,2,3.4994688,11.658207,7,0.04171254,1.6780171,1.2573959,0.0,1.432359,0.0,1.8514689,2.7382789,0.0,0.0,0.0,-0.13276719,0.49389356,0.0,0.5,0.0,0.5,Myc+ light zone,1
M6|C00006,3.800411105155945,4.929754257202148,2,-1.3441441,8.035243,4,0.0,1.2981364,1.1004902,0.012775263,0.29691157,0.0,2.3388677,0.72574526,0.0,0.0,0.0,-0.33101705,-0.20293975,0.0,1.0,0.0,0.0,Myc+ light zone,1
M6|C00007,6.958654165267944,7.152326583862305,2,3.3271894,11.560733,7,0.0,0.0,0.0,0.0,0.0,2.990009,3.8728094,4.3316317,0.0,1.7138878,0.0,1.319545,-0.8779397,0.0,0.0,0.0,1.0,plasma cell,1
M6|C00008,9.20063591003418,8.724199295043945,1,8.028928,12.990246,5,0.0,0.013674903,0.0,0.0,0.25397956,1.8537344,3.332229,3.5317252,0.0,2.2435277,2.9492822,1.4265071,-0.75137836,0.0,0.0,0.0,1.0,plasma cell,1
M6|C00009,2.5502939224243164,4.255046367645264,1,-2.8008645,6.9544973,4,0.0,0.01842786,0.0,0.0,0.0,0.0,0.0,0.122386545,0.0,0.0,0.0,-0.6759445,-0.8703647,0.0,1.0,0.0,0.0,Myc+ light zone,1
M6|C00010,4.518518924713135,3.7012507915496826,1,-2.1282144,9.535646,4,2.9210517,2.643693,0.0,0.0,0.0,0.0,1.9719265,0.59340817,0.0,0.0,2.6943111,0.036542594,0.20878583,0.0,1.0,0.0,0.0,Myc+ light zone,1
M6|C00011,3.167339563369751,5.51028299331665,1,-1.0575296,7.064627,0,0.0,2.326766,1.0832907,0.32622993,1.8722849,0.0,1.1465299,2.1782002,0.0,0.0,0.0,-0.28451052,0.9700547,0.0,1.0,0.0,0.0,Myc+ light zone,1
M6|C00012,4.549914836883545,3.9333302974700928,1,-1.7604109,9.467167,4,2.346037,3.10114,0.0,0.0,2.2302833,0.0,0.0,2.1056938,0.0,0.0,0.18860391,-0.39554048,1.4588435,0.0,1.0,0.0,0.0,Myc+ light zone,1
M6|C00013,1.9355109930038452,7.9883341789245605,1,-0.64763206,3.8178132,0,0.0,1.7112088,0.16921604,0.0,0.53099805,0.018269686,0.0,1.0254848,0.0,0.0,0.0,-0.5573193,0.07832669,1.0,0.0,0.0,0.0,light zone,1
M6|C00014,5.352156162261963,5.741365909576416,1,0.47734034,10.342656,3,0.0,1.9701865,0.5748685,0.0,1.5610107,0.0,1.4838098,2.5406551,0.0,0.0,0.0,-0.19997229,0.67525506,0.0,1.0,0.0,0.0,Myc+ light zone,1
M6|C00015,-0.6632152795791626,6.24477481842041,1,-4.6891694,1.5210828,1,0.0,0.0,2.7111163,0.41750455,0.0,0.0,0.0,0.0,0.0,0.0,0.0,-0.6914057,-0.8779397,1.0,0.0,0.0,0.0,light zone,1
M6|C00016,1.5089852809906006,8.88217544555664,1,-0.9052991,3.1894777,0,0.0,0.0,1.7336389,0.0,0.23918656,0.0,2.1556602,2.1238618,0.0,0.0,0.0,-0.17543964,-0.7640437,1.0,0.0,0.0,0.0,light zone,1
M6|C00017,0.19324521720409393,7.858434200286865,1,-2.959405,2.2211802,2,0.0,0.0,1.6435347,0.93628854,2.406148,0.0,0.0,2.03018,0.0,0.0,0.0,-0.43493095,0.26782152,1.0,0.0,0.0,0.0,light zone,1
M6|C00018,3.3265790939331055,8.277837753295898,1,0.48347536,4.0915623,0,0.0,2.5125015,2.2773495,1.6867712,2.1859715,0.0,1.8196812,1.8010247,0.0,0.0,0.0,-0.25482345,1.1957753,1.0,0.0,0.0,0.0,light zone,1
M6|C00019,0.6068053841590881,7.918356895446777,1,-2.747604,2.646496,2,0.0,2.690945,0.897745,1.1322527,3.306071,0.0,0.0,1.9420693,0.0,0.0,0.0,-0.44606206,1.8024967,1.0,0.0,0.0,0.0,light zone,1
M6|C00020,3.440459966659546,6.36923360824585,1,0.2685371,6.809731,0,0.0,3.0209484,0.51582265,1.1190797,2.5370018,0.0,1.6832421,2.0441277,0.0,0.0,0.0,-0.23978703,1.571933,0.0,1.0,0.0,0.0,Myc+ light zone,1
M6|C00021,5.023369789123535,4.53759765625,1,-0.9948763,10.144737,3,0.0,1.6159322,1.2573923,0.7361142,0.1335193,0.0,0.01092802,2.098405,0.0,0.0,0.0,-0.42505655,-0.15010977,0.0,1.0,0.0,0.0,Myc+ light zone,1
M6|C00022,4.8659210205078125,3.7041494846343994,1,-1.7908573,9.857664,4,1.9262447,2.9650345,0.0,0.0,2.655508,0.0,0.0,1.889673,0.0,0.0,2.0217123,-0.13270052,1.6053793,0.0,1.0,0.0,0.0,Myc+ light zone,1
M6|C00023,9.348676681518555,7.23637580871582,1,7.3476048,11.948119,5,0.017278958,0.0,0.0,0.0,0.0,0.0,3.6754403,3.6820428,0.0,0.0,3.280382,0.7152025,-0.8779397,0.0,0.0,0.0,1.0,plasma cell,1
M6|C00024,3.236393451690674,2.845520496368408,1,-3.2380216,8.573347,4,1.835324,0.0,1.104043,0.0,0.0,0.0,0.0,1.7882729,0.0,0.0,0.0,-0.46549132,-0.8779397,0.0,1.0,0.0,0.0,Myc+ light zone,1
M6|C00025,4.177338600158691,7.666527271270752,1,1.4495175,8.711422,3,0.0,2.7542155,0.27531978,0.40877563,2.4975271,0.0,1.4043359,2.143781,0.0,0.0,0.0,-0.2592403,1.4434918,1.0,0.0,0.0,0.0,light zone,1
M6|C00026,3.3576698303222656,2.851093292236328,1,-3.2990332,8.965547,4,1.6441808,0.0,0.0,0.0,0.0,2.8968263,0.0,0.0,0.0,0.0,0.0,0.027792454,-0.8779397,0.0,1.0,0.0,0.0,Myc+ light zone,1
M6|C00027,2.6072285175323486,5.317904949188232,1,-2.0754926,6.447802,2,0.0,2.6970077,1.1182115,1.3272868,0.0,0.0,1.7977605,2.1496966,0.0,0.0,0.0,-0.21329375,0.2307015,0.0,1.0,0.0,0.0,Myc+ light zone,1
M6|C00028,1.529355525970459,7.685103416442871,1,-1.1609949,3.6867785,0,0.012275802,1.6196414,1.5139989,0.0,2.505704,0.0,1.9550916,2.11324,0.0,0.0,0.0,-0.19982414,0.9810036,1.0,0.0,0.0,0.0,light zone,1
M6|C00029,-0.39140960574150085,7.4763264656066895,1,-3.7031183,1.9666486,2,0.0,0.0,0.0,0.71524686,0.0,0.0,0.0,2.7049167,0.0,0.0,0.0,-0.34969077,-0.8779397,1.0,0.0,0.0,0.0,light zone,1
M6|C00030,5.523398399353027,6.391912937164307,1,1.1210955,10.255859,3,0.0,2.0983443,1.4441309,0.0,1.732063,0.0,1.3097653,1.9621013,0.0,0.0,0.0,-0.29305696,0.8093879,0.0,1.0,0.0,0.0,Myc+ light zone,1
M6|C00031,1.5503637790679932,8.180606842041016,1,-0.91538674,3.4086287,0,0.0,0.0,2.1068914,0.8069549,2.3950984,0.0,0.0,2.9154117,0.0,0.0,0.0,-0.32309872,0.26255998,1.0,0.0,0.0,0.0,light zone,1
M6|C00032,9.280476570129395,7.447450160980225,1,7.2905083,12.197125,5,0.0970736,0.0,0.0,0.0,0.0,0.8867304,3.905543,4.2284775,0.0,3.3587618,3.0026836,1.5286642,-0.8779397,0.0,0.0,0.0,1.0,plasma cell,1
M6|C00033,-0.1502925157546997,7.554896831512451,1,-3.4961236,1.9972447,2,0.0,0.0,1.7631744,0.8663396,0.07002622,0.0,1.3349751,2.4601321,0.0,0.0,0.0,-0.22724395,-0.8445946,1.0,0.0,0.0,0.0,light zone,1
M8|C00001,3.1057964086532595,6.017652797698974,5,-0.7243533,6.8181705,0,0.25097314,0.7472962,1.4275389,0.5114513,0.48111454,0.0,1.116553,2.2417583,0.0,0.5558213,0.0,-0.19026646,-0.34165612,0.0,0.2,0.6,0.2,dark zone,1
M8|C00002,3.511919458707174,4.958322842915853,3,-1.5199075,7.585187,4,1.8644266,1.8560548,0.5737621,0.085022,1.3915396,0.0,1.731769,1.9712605,0.0,0.0,0.0,-0.24341732,0.54764086,0.0,1.0,0.0,0.0,Myc+ light zone,1
M8|C00003,6.310321569442749,5.837072491645813,2,1.8018589,10.957834,3,0.91015255,0.0,0.0,0.0,1.1385319,0.0,2.4264407,2.5736916,0.0,1.3294727,1.735807,0.40168202,-0.33579278,0.0,0.5,0.0,0.5,Myc+ light zone,1
M8|C00004,-0.9418975710868835,6.088744878768921,2,-5.030073,1.2074287,1,0.0,0.17104635,1.6180542,0.34128013,0.0,0.0,0.9815381,0.87266195,0.0,0.0,0.0,-0.46839586,-0.8076288,0.0,0.0,1.0,0.0,dark zone,1
M8|C00005,4.109394729137421,7.027536392211914,2,1.1236222,8.190919,3,0.0,0.69822925,0.8653939,0.29448122,1.2726141,1.3331174,2.3061347,2.8222098,0.0,0.95843595,1.3863193,0.6350651,0.015071109,0.0,0.0,0.5,0.5,dark zone,1
M8|C00006,2.9265228509902954,5.43557596206665,2,-1.513349,6.7836933,2,0.0,2.7197645,0.84788287,0.40108985,1.1321458,0.0,0.70202076,0.6581543,0.0,0.0,0.0,-0.5276076,0.77916193,0.0,1.0,0.0,0.0,Myc+ light zone,1
M8|C00007,4.853193044662476,4.683977723121643,2,-0.79517967,9.892211,3,1.344731,0.81395584,0.75638163,0.15995643,1.1440319,0.0038322941,1.7322626,1.8832439,0.0,0.0,1.2345701,-0.05813026,0.001413703,0.0,1.0,0.0,0.0,Myc+ light zone,1
M8|C00008,5.086907386779785,3.6319758892059326,2,-1.8411041,10.0606,4,2.3395967,2.7140386,0.56913346,0.0,0.25961503,0.0,0.090603754,1.0157986,0.0,0.0,0.77760875,-0.42959583,0.361326,0.0,1.0,0.0,0.0,Myc+ light zone,1
M8|C00009,7.149837255477905,5.5955588817596436,2,2.7814796,11.490095,7,0.91729224,1.0028045,0.821475,0.0,1.2942892,0.0,2.7625582,2.8988292,0.0,1.1121933,0.79188585,0.29692695,0.1505921,0.0,0.5,0.0,0.5,Myc+ light zone,1
M8|C00010,5.403866529464722,5.413726568222046,2,0.28902936,10.395715,3,0.7930601,0.0,0.71257126,0.0,0.9704461,0.0,0.0,1.7729449,0.0,0.0,0.0,-0.46742773,-0.415832,0.0,1.0,0.0,0.0,Myc+ light zone,1
M8|C00011,3.8014678955078125,5.334537982940674,1,-0.8119558,7.9169436,3,2.22735,2.7186728,0.0,0.42603987,1.7784076,0.0,0.0,2.275886,0.0,0.0,0.0,-0.40389064,1.0864506,0.0,1.0,0.0,0.0,Myc+ light zone,1
M8|C00012,3.556886911392212,3.1689157485961914,1,-3.2041974,8.786898,4,2.6928315,0.0,0.0,0.0,0.010769978,0.0,0.0,1.813612,0.0,0.0,2.0949388,-0.13071966,-0.8728113,0.0,1.0,0.0,0.0,Myc+ light zone,1
M8|C00013,4.582342147827148,2.6384634971618652,1,-2.8270018,9.7250395,4,2.5478015,0.0,0.0,0.0,0.0,0.0,0.0,1.9385091,0.0,0.0,1.7527564,-0.16909926,-0.8779397,0.0,1.0,0.0,0.0,Myc+ light zone,1
M8|C00014,2.138317346572876,7.04619026184082,1,-0.94422096,4.9228687,0,0.0,2.476067,1.8032436,0.79598916,1.9498824,0.0,1.4368652,2.3698878,0.0,0.0,0.0,-0.2269388,1.0683773,0.0,0.0,1.0,0.0,dark zone,1
M8|C00015,3.377749443054199,6.982919692993164,1,0.63683873,6.5201607,0,0.0,2.7046173,1.0603092,0.34484178,2.4637532,0.0,0.91334796,2.0783727,0.0,0.0,0.0,-0.3239113,1.4070213,0.0,0.0,1.0,0.0,dark zone,1
M8|C00016,2.4203715324401855,6.6353044509887695,1,-0.89123064,5.3558607,0,0.0,2.8271577,1.3288976,0.5009854,2.2508497,0.0,1.5466304,2.0208533,0.0,0.0,0.0,-0.25842217,1.3560128,0.0,0.0,1.0,0.0,dark zone,1
M8|C00017,0.007206913083791733,5.819147109985352,1,-4.5994625,2.8058126,1,0.0,2.5415087,2.348559,0.73920834,1.9095318,0.0,1.7874144,2.535222,0.0,0.0,0.0,-0.16577856,1.0760639,0.0,0.0,1.0,0.0,dark zone,1
M8|C00018,9.84189224243164,7.141645908355713,1,8.006757,11.82202,5,0.0,0.0,0.0,0.0,2.0896456,0.0,3.634732,3.6456387,0.0,2.2036085,2.8389153,0.99151564,0.11710921,0.0,0.0,0.0,1.0,plasma cell,1
M8|C00019,3.516380786895752,6.357513904571533,1,0.22715245,7.0704713,0,1.8436184,1.6636305,1.558961,0.0,1.9667183,0.0,0.0,1.9161494,0.0,0.0,0.08632327,-0.43567398,0.7424313,0.0,1.0,0.0,0.0,Myc+ light zone,1
M8|C00020,9.528585433959961,7.396639823913574,1,7.655188,12.077553,5,0.0,0.0,0.0,0.0,0.0,0.0,3.510803,3.975219,0.0,0.0,1.1642971,0.39840782,-0.8779397,0.0,0.0,0.0,1.0,plasma cell,1
M8|C00021,1.8215140104293823,4.875558376312256,1,-3.1830688,5.67421,2,0.0,1.7620759,2.4157941,0.6816398,0.0,0.0,2.074675,3.257233,0.0,0.0,0.0,-0.04156379,-0.15361473,0.0,0.0,1.0,0.0,dark zone,1
M8|C00022,-0.5498833060264587,5.648801326751709,1,-5.1190853,1.7491273,1,0.0,0.0,1.9752864,0.0,0.0,0.0,2.1532571,1.906108,0.0,0.0,0.0,-0.20322478,-0.8779397,0.0,0.0,1.0,0.0,dark zone,1
M8|C00023,-1.0921931266784668,5.186215400695801,1,-5.8876815,1.2613486,1,0.0,0.0,1.9602863,0.6620025,0.0,0.0,0.0,1.6532669,0.0,0.0,0.0,-0.48254678,-0.8779397,0.0,0.0,1.0,0.0,dark zone,1
M8|C00024,3.8984262943267822,3.4987123012542725,1,-2.7069592,8.971984,4,0.0,0.8859412,0.0,0.0,0.0,0.0,0.0,0.0,0.0,0.0,0.0,-0.6914057,-0.5137617,0.0,1.0,0.0,0.0,Myc+ light zone,1
M8|C00025,3.2925429344177246,5.110471725463867,1,-1.5894225,7.3976583,4,0.0,0.6051724,2.065613,0.0,1.5522867,0.0,1.5268084,3.1083095,0.0,0.0,0.0,-0.12331996,0.10999352,0.0,1.0,0.0,0.0,Myc+ light zone,1
M8|C00026,3.4292056560516357,4.371707916259766,1,-2.1078694,7.792087,4,0.0,2.92859,0.0,0.0,1.9489464,0.0,1.4478539,2.0410643,0.0,0.0,0.30940422,-0.21824688,1.2539473,0.0,1.0,0.0,0.0,Myc+ light zone,1
M8|C00027,0.02481255494058132,6.372039318084717,1,-4.136616,2.7678056,1,0.0,0.30582175,2.5297127,1.4985492,0.0,0.0,0.0,2.5902815,0.0,0.0,0.0,-0.3641728,-0.75222754,0.0,0.0,1.0,0.0,dark zone,1
M8|C00028,5.176792621612549,4.986483097076416,1,-0.38585794,10.220972,3,0.0,2.8640783,0.0,0.0,2.4404585,0.0,1.3622519,1.0238017,0.0,0.0,0.0,-0.40556332,1.4614775,0.0,1.0,0.0,0.0,Myc+ light zone,1
M8|C00029,4.809601783752441,3.8415687084198,1,-1.7638124,9.820905,4,2.5098524,0.012937963,0.0,0.0,1.1874938,0.0,1.1510957,1.2528281,0.0,0.0,0.0,-0.40088916,-0.3071598,0.0,1.0,0.0,0.0,Myc+ light zone,1
M8|C00030,1.964282751083374,7.446250915527344,1,-0.85601294,4.2060337,0,0.0,2.7530818,2.4108386,0.0,0.26389366,0.0,0.0,2.6418285,0.0,0.0,0.0,-0.35766077,0.37941265,0.0,0.0,1.0,0.0,dark zone,1
M8|C00031,0.22833774983882904,6.194526195526123,1,-4.1004505,2.9524648,1,0.0,0.0,2.4379091,0.74700594,1.6219035,0.0,1.7516654,1.5926125,0.0,0.0,0.0,-0.28896648,-0.10562056,0.0,0.0,1.0,0.0,dark zone,1
M8|C00032,7.802813529968262,7.538747787475586,1,4.7622857,12.156036,6,0.0,0.0,0.0,0.0,0.0,0.0,3.6142616,3.8967047,0.0,1.6700567,2.7602806,0.9223692,-0.8779397,0.0,0.0,0.0,1.0,plasma cell,1
M8|C00033,3.5670325756073,6.081681251525879,1,0.114278644,7.352619,0,2.3777192,2.857321,0.0,0.0,2.1792767,0.0,0.0,1.1858822,0.0,0.0,1.9934106,-0.2260905,1.3343301,0.0,1.0,0.0,0.0,Myc+ light zone,1
M8|C00034,9.415848731994629,8.5379056930542,1,8.176155,12.808152,5,0.0,0.0,0.0,0.0,0.0,0.0,3.522618,3.894758,0.0,1.3166012,2.2789207,0.77839327,-0.8779397,0.0,0.0,0.0,1.0,plasma cell,1
M8|C00035,5.16309118270874,2.773059844970703,1,-2.6860478,10.180174,4,2.711799,0.0,0.0,0.0,0.0,0.0,1.7571597,0.0,0.0,0.0,0.0,-0.48953164,-0.8779397,0.0,1.0,0.0,0.0,Myc+ light zone,1
M8|C00036,5.529780387878418,6.18113374710083,1,0.97114056,10.461612,3,1.6750478,0.0,1.1798398,0.0,1.7019637,0.0,0.0,1.7103151,0.0,0.0,0.0,-0.4753398,-0.06749746,0.0,1.0,0.0,0.0,Myc+ light zone,1
M8|C00037,2.3544559478759766,5.510578632354736,1,-2.0881517,5.9278636,2,0.0,1.4456826,1.8504763,1.620563,0.0,0.0,0.0,1.7883852,0.0,0.0,2.0790026,-0.13642885,-0.28367245,0.0,1.0,0.0,0.0,Myc+ light zone,1
M8|C00038,1.000008225440979,3.8399498462677,1,-5.1411247,3.9630592,1,0.0,0.0,0.0,0.0,0.0,0.0,0.0,0.0,0.0,0.0,0.0,-0.6914057,-0.8779397,0.0,0.0,1.0,0.0,dark zone,1
M8|C00039,-1.115020513534546,5.76991081237793,1,-5.6077914,1.0375326,1,0.0,0.012840955,1.8444446,0.0,0.0,0.0,0.0,1.5950998,0.0,0.0,0.0,-0.48989508,-0.8726613,0.0,0.0,1.0,0.0,dark zone,1
M8|C00040,4.716370582580566,6.469601154327393,1,0.7470538,9.412767,3,1.8406662,2.0841992,1.7142805,0.0,2.3589587,0.008011425,0.015959177,2.315451,0.0,0.0,2.17775,-0.050392628,1.102089,0.0,1.0,0.0,0.0,Myc+ light zone,1
M8|C00041,3.0830748081207275,5.956739902496338,1,-0.5628294,6.637405,0,0.020298589,2.5078337,1.7751108,0.0,0.7836039,0.0,0.020298589,2.101338,0.0,0.0,0.0,-0.4236095,0.5260761,0.0,0.0,1.0,0.0,dark zone,1
M8|C00042,2.5016047954559326,3.117835283279419,1,-3.3400893,7.905041,4,2.8253682,0.0,0.9463183,0.0,0.0,0.0,0.0,1.5555862,0.0,0.0,2.7457418,-0.06031229,-0.8779397,0.0,1.0,0.0,0.0,Myc+ light zone,1
M8|C00043,4.452424049377441,2.973670482635498,1,-2.8700902,9.78988,4,2.1561732,1.1660227,0.0,0.0,1.247955,0.0,2.0842578,0.0,0.0,0.0,0.0,-0.45195246,0.19562164,0.0,1.0,0.0,0.0,Myc+ light zone,1
M8|C00044,4.433978080749512,3.6438891887664795,1,-2.271778,9.529071,4,0.0,0.0,2.1860218,0.0,0.0,0.0,1.9191128,1.8244702,0.0,0.0,0.0,-0.24043821,-0.8779397,0.0,1.0,0.0,0.0,Myc+ light zone,1
M8|C00045,2.845094919204712,7.890841484069824,1,0.11880189,4.437135,0,0.0,2.4324641,1.7971586,0.7425966,2.2800522,0.0,0.0,3.053893,0.0,0.0,0.0,-0.30560422,1.2076743,0.0,0.0,1.0,0.0,dark zone,1
M8|C00046,5.928460121154785,5.419367790222168,1,1.0181519,10.785375,3,2.2323303,2.7402432,0.0,0.19553187,2.0590672,0.0,0.0,0.9295222,0.0,0.0,2.0442648,-0.25042793,1.2289622,0.0,1.0,0.0,0.0,Myc+ light zone,1
S1|C00001,4.597248515424629,6.9979545672734575,24,1.1010728,9.118141,3,0.1968693,1.186097,0.8047616,0.27674875,0.76344126,0.4037796,1.867754,2.5985136,0.0,0.63228613,0.7254713,0.16850889,-0.02684255,0.4166666666666667,0.0,0.20833333333333334,0.375,light zone,1
S1|C00002,3.3188404781477794,6.932555902571905,21,0.50297195,6.4060597,0,0.3317084,0.85216576,0.94091314,0.49262795,0.92349523,0.2658028,1.3152754,2.3698697,0.0,0.40724263,0.836504,0.023168037,-0.08789488,0.47619047619047616,0.0,0.2857142857142857,0.23809523809523808,light zone,1
S1|C00003,5.072312185397515,7.321598493135893,13,1.4362195,9.72704,3,0.48835924,0.863541,0.62108815,0.24428119,0.764919,0.11562329,2.3127515,2.8007827,0.0,1.1060402,1.2856619,0.3387283,-0.15872988,0.38461538461538464,0.0,0.07692307692307693,0.5384615384615384,plasma cell,1
S1|C00004,3.0801459153493247,6.861517058478461,9,0.27793014,6.0136976,0,0.27919227,1.2749211,1.1027759,0.25391752,1.0119063,0.23178667,1.0518363,2.310296,0.0,0.22021478,0.3410165,-0.13165988,0.127984,0.7777777777777778,0.0,0.0,0.2222222222222222,light zone,1
S1|C00005,0.860073688129584,6.455495913823445,6,-3.1961074,3.8331428,2,0.0,0.7718851,1.6258129,0.5280275,0.8560486,0.0,0.4891534,2.3049145,0.0,0.0,0.0,-0.34402633,-0.15301214,0.8333333333333334,0.0,0.16666666666666666,0.0,light zone,1
S1|C00006,4.605623006820679,6.995076465606689,5,1.1413783,8.94003,3,0.0027283395,0.53913033,1.2598506,0.518799,1.0444208,0.55841345,1.6516117,3.0886955,0.0,0.5789845,1.0327014,0.28402132,-0.15898988,0.4,0.0,0.2,0.4,light zone,1
S1|C00007,1.3662676183506846,6.53280029296875,5,-2.5419986,4.3664403,2,0.44661254,0.7166928,1.1717834,0.29880923,0.44104248,0.6255865,1.5779845,1.9806945,0.0,0.13723941,0.6412384,0.019049847,-0.37331757,0.8,0.0,0.0,0.2,light zone,1
S1|C00008,4.75642192363739,6.115313529968262,4,0.43610826,9.374579,3,0.0,0.09009726,1.0308893,0.18939488,0.0738167,0.42791575,2.6255283,2.9767427,0.0,0.6494554,0.9126451,0.34173536,-0.80575395,0.5,0.0,0.0,0.5,light zone,1
S1|C00009,3.285262683406472,6.542474389076233,4,0.21907371,6.5207615,0,0.10531,1.4032835,1.4547973,0.33502296,0.8484483,0.15398468,1.2141107,1.9607494,0.0,0.7397076,0.2977185,-0.09954557,0.1029135,0.75,0.0,0.0,0.25,light zone,1
S1|C00010,4.329736709594727,7.573707739512126,3,1.4989007,8.842669,3,0.5069632,1.2628597,0.50586945,0.5448664,0.72734827,0.0,2.3367815,2.0470166,0.0,0.8269016,0.0,-0.03095291,-0.012475084,0.6666666666666666,0.0,0.0,0.3333333333333333,light zone,1
S1|C00011,4.656048814455668,7.766839504241943,3,1.5380592,9.29015,3,0.0,0.9010041,0.90085894,0.40047744,0.66783524,0.0,1.3906428,2.7137058,0.0,0.858958,1.3562156,0.16439416,-0.18955964,0.6666666666666666,0.0,0.0,0.3333333333333333,light zone,1
S1|C00012,4.556289037068685,6.892582734425862,3,1.1740773,9.090097,3,0.0,0.8756638,1.0565655,0.62886816,0.82690746,0.0,1.200641,2.0426705,0.0,0.0067295316,0.0039227353,-0.2937091,-0.12422892,0.6666666666666666,0.0,0.0,0.3333333333333333,light zone,1
S1|C00013,1.8135762363672256,5.653597354888916,2,-2.7336745,5.2631645,2,1.3015157,1.1853367,0.6333632,0.29837212,0.4760061,0.0,0.0,2.2517312,0.0,0.0,1.5433409,-0.16267422,-0.16402623,0.5,0.0,0.5,0.0,light zone,1
S1|C00014,1.7919815182685852,7.3443686962127686,2,-1.1813309,4.1350784,0,1.0837411,1.4625481,0.99588865,0.76572883,0.75320315,0.0,0.63088906,0.0,0.0,0.0,0.0,-0.61892503,0.08192116,1.0,0.0,0.0,0.0,light zone,1
S1|C00015,2.3559271693229675,6.884814977645874,2,-0.7857968,5.1953716,0,0.0,2.5979629,1.1862137,0.8939326,1.9791356,0.0,0.0,2.1367984,0.0,0.0,0.0,-0.42146173,1.1324141,1.0,0.0,0.0,0.0,light zone,1
S1|C00016,8.646886825561523,8.556977272033691,2,6.8090925,13.115277,5,0.0,0.0,0.0,0.0,1.3275034,0.0,3.1426601,4.3513436,0.0,1.1755481,1.5457656,0.65363103,-0.24580821,0.0,0.0,0.0,1.0,plasma cell,1
S1|C00017,0.4840656816959381,6.603921413421631,2,-3.457775,3.3379228,2,0.0,1.2434268,1.409906,0.67578006,1.0807962,0.0,1.0834788,1.6540592,0.0,0.0,0.0,-0.35796952,0.14784189,1.0,0.0,0.0,0.0,light zone,1
S1|C00018,1.0063674300909042,6.96576714515686,2,-2.7354343,3.6967998,2,0.0,1.4402084,1.9210842,0.6327355,1.1895618,0.0,0.57138366,2.2068872,0.0,0.0,0.0,-0.34696305,0.28052378,1.0,0.0,0.0,0.0,light zone,1
S1|C00019,8.558107852935791,8.832756519317627,2,7.0008636,13.367856,5,0.8746676,1.3595352,0.0,0.0,1.2158003,0.0141506605,3.2506847,3.842722,0.0,2.5137854,1.2633021,0.7764631,0.25985616,0.0,0.0,0.0,1.0,plasma cell,1
S1|C00020,0.517633855342865,6.579673528671265,2,-3.539338,3.4011207,2,0.0,0.008269421,2.277103,0.7514553,0.95748234,0.0,0.0,1.8938107,0.0,0.0,0.0,-0.45215863,-0.41860586,1.0,0.0,0.0,0.0,light zone,1
S1|C00021,4.910520404577255,7.229020595550537,2,1.3289773,9.530613,3,0.0,0.0,0.9236182,0.31380087,0.034653336,0.049284104,2.121434,3.2141366,0.0,1.0550004,1.2325529,0.33585888,-0.86143845,0.5,0.0,0.0,0.5,light zone,1
S1|C00022,8.876299381256104,6.84796142578125,2,6.343882,11.827327,6,0.0,0.0,0.0,0.0,1.1279199,1.3546329,3.5164542,4.28015,0.0,2.3180273,1.4337173,1.1904547,-0.340846,0.0,0.0,0.0,1.0,plasma cell,1
S1|C00023,1.8811211287975311,6.850248336791992,2,-1.4757149,4.6065516,0,0.0,1.2709816,1.3480425,0.7071874,1.0337924,0.0,0.4924084,1.0086054,0.0,0.0,0.0,-0.5074164,0.13678634,1.0,0.0,0.0,0.0,light zone,1
S1|C00024,1.7034571766853333,6.125274658203125,2,-2.3054159,4.8758764,2,0.0,2.2057364,1.86987,0.78906596,1.2183367,0.0,0.0,1.953946,0.0,0.0,0.0,-0.44456166,0.6089064,1.0,0.0,0.0,0.0,light zone,1
S1|C00025,1.051752895116806,6.436835527420044,2,-2.9693058,4.0655055,2,0.0,0.0,1.9737194,0.97333395,0.0,0.074151315,0.017831841,2.338787,0.0,0.0,0.0,-0.37548602,-0.8779397,1.0,0.0,0.0,0.0,light zone,1
S1|C00026,8.930947303771973,8.440709114074707,1,7.2617984,12.809029,5,0.0,0.0,0.0,0.0,0.71530604,0.0,4.037393,4.3629026,0.0,2.7511783,0.0,0.76739484,-0.5373248,0.0,0.0,0.0,1.0,plasma cell,1
S1|C00027,2.5326554775238037,7.17741584777832,1,-0.35927957,5.006517,0,1.4731312,2.87564,2.0512333,0.43387997,2.721406,0.0,0.074740805,1.9716499,0.0,0.0,0.0,-0.43373844,1.6000118,1.0,0.0,0.0,0.0,light zone,1
S1|C00028,9.955084800720215,8.242701530456543,1,8.659801,12.3917055,5,0.0,0.0,0.0,0.0,0.22676799,0.6114813,3.2584207,4.1860757,0.0,1.8401667,2.977821,1.1317283,-0.7699572,0.0,0.0,0.0,1.0,plasma cell,1
S1|C00029,8.668109893798828,9.026656150817871,1,7.5379353,13.263475,5,0.0,0.0,2.1638293,0.0,0.0,0.0,3.858613,4.0462313,0.0,2.3964384,2.4068918,1.0305716,-0.8779397,0.0,0.0,0.0,1.0,plasma cell,1
S1|C00030,4.877320289611816,8.159595489501953,1,1.6599505,9.665556,3,0.0,0.45468822,0.0,0.0,0.0,1.7995313,3.6083028,4.0121875,0.0,2.6614788,4.0263224,1.7433492,-0.6910341,0.0,0.0,0.0,1.0,plasma cell,1
S1|C00031,8.540252685546875,9.004794120788574,1,7.3097806,13.529587,5,2.0269177,1.416729,0.016221693,0.0,0.016221693,2.0587237,3.4135127,4.0235696,0.0,2.7123358,0.9246239,1.3040494,-0.28784978,0.0,0.0,0.0,1.0,plasma cell,1
S1|C00032,2.0918402671813965,5.375908374786377,1,-2.6195195,5.821151,2,0.0,1.7778547,0.7150799,0.42014027,1.1958215,0.0,1.8691583,2.3333201,0.0,0.0,0.0,-0.18189377,0.42229846,1.0,0.0,0.0,0.0,light zone,1
S1|C00033,7.779496669769287,7.095290660858154,1,4.650572,11.981552,6,0.0,2.284924,0.0,0.0,0.0,0.0,3.5885859,4.9891806,0.0,0.9913447,2.284924,0.8727152,0.06130904,0.0,0.0,0.0,1.0,plasma cell,1
S1|C00034,8.71159839630127,7.533529758453369,1,6.289993,12.191966,6,0.0,0.0,0.0,0.0,0.0,0.0,3.5719843,4.676975,0.0,2.3409333,0.118468486,0.706177,-0.8779397,0.0,0.0,0.0,1.0,plasma cell,1
S1|C00035,1.9451467990875244,6.260950565338135,1,-1.9881021,5.1187453,2,0.0,2.95948,2.1509757,1.3298886,2.4659712,0.0,0.0,1.9132599,0.0,0.0,0.0,-0.44970158,1.5128423,1.0,0.0,0.0,0.0,light zone,1
S1|C00036,3.3958446979522705,6.471606254577637,1,0.35539973,6.7395115,0,0.0,2.3208947,1.5620929,0.5971927,1.752722,0.0,0.55270344,1.9713398,0.0,0.0,0.0,-0.3788661,0.9107076,1.0,0.0,0.0,0.0,light zone,1
S1|C00037,8.91440486907959,7.099144458770752,1,6.421017,11.819125,6,0.0,0.0,0.0,0.0,0.0,1.8270124,4.003229,4.5421176,0.0,1.7471598,0.0,1.077748,-0.8779397,0.0,0.0,0.0,1.0,plasma cell,1
S1|C00038,7.947985649108887,9.071135520935059,1,6.067141,13.168949,6,0.0,3.0416837,0.0,0.0,2.4048462,0.95449847,3.5793223,3.4163527,0.0,2.140963,2.8686159,1.1877537,1.5175266,0.0,0.0,0.0,1.0,plasma cell,1
S1|C00039,-0.30251774191856384,6.888838768005371,1,-3.825863,2.0042334,2,0.0,0.0,1.9581386,0.54113984,2.077041,0.0,0.0,1.8142062,0.0,0.35046867,0.0,-0.40568158,0.11110708,1.0,0.0,0.0,0.0,light zone,1
S1|C00040,2.9356443881988525,6.470250129699707,1,-0.16873033,6.192753,0,0.0,2.4957151,0.64315057,0.0,1.2317786,0.0,0.0,0.68584585,0.0,0.0,0.0,-0.6047621,0.7345068,1.0,0.0,0.0,0.0,light zone,1
S1|C00041,5.426542282104492,5.119802474975586,1,-0.069881365,10.503382,3,1.6891513,0.0,0.7933898,0.0,0.5957526,0.0,0.0,0.0,0.0,0.0,0.052192636,-0.68314505,-0.59425384,1.0,0.0,0.0,0.0,light zone,1
S1|C00042,-1.0279109477996826,4.385263442993164,1,-6.5789967,1.7578714,1,0.0,0.0,0.0,0.0,0.0,0.0,0.0,0.0,0.0,0.0,0.0,-0.6914057,-0.8779397,1.0,0.0,0.0,0.0,light zone,1
S1|C00043,7.700006008148193,8.765762329101562,1,5.3008137,12.771996,6,1.5666571,2.9294145,0.0,0.0,0.115360215,0.0,2.8334947,3.0425408,0.0,0.7486221,1.9050697,0.44077078,0.38116777,0.0,0.0,0.0,1.0,plasma cell,1
S1|C00044,-0.4899076819419861,3.6634864807128906,1,-6.520366,2.4278867,1,0.0,0.0,0.0,0.0,0.0,0.0,0.0,0.0,0.0,0.0,0.0,-0.6914057,-0.8779397,1.0,0.0,0.0,0.0,light zone,1
S1|C00045,4.004011154174805,7.682164192199707,1,1.2962755,8.470588,3,0.0,0.0,1.1789746,0.0,0.0,0.0,0.0,1.4273244,0.0,0.0,0.0,-0.51109034,-0.8779397,1.0,0.0,0.0,0.0,light zone,1
S1|C00046,4.689284324645996,5.661777496337891,1,0.07697386,9.292098,3,1.0902727,2.8566568,1.2993528,0.0,2.51262,0.0,2.182321,2.3424556,0.0,0.0,0.0,-0.14476147,1.4927887,1.0,0.0,0.0,0.0,light zone,1
S1|C00047,8.392194747924805,9.18497371673584,1,7.114564,13.535189,5,0.0,0.0,0.0,0.0,0.0,0.0,3.874053,4.5448017,0.0,1.6021069,1.8153273,0.8735697,-0.8779397,0.0,0.0,0.0,1.0,plasma cell,1
S1|C00048,0.007808336056768894,6.59548807144165,1,-3.973666,2.607599,1,0.0,2.3538735,0.0,0.0,2.6693015,0.0,0.0,2.6183898,0.0,0.0,0.0,-0.3606218,1.3607216,1.0,0.0,0.0,0.0,light zone,1
S1|C00049,5.909351825714111,4.829528331756592,1,0.36737373,10.757519,3,1.829424,0.0,1.1876826,0.0,0.0,0.0,0.0,1.1263287,0.0,0.0,0.58134806,-0.4571042,-0.8779397,1.0,0.0,0.0,0.0,light zone,1
S1|C00050,6.170818328857422,5.506695747375488,1,1.3388189,10.927845,3,2.308844,2.8182857,0.0,0.0,1.6615049,0.0,0.0,0.0,0.0,0.0,2.0384314,-0.3687787,1.0717311,1.0,0.0,0.0,0.0,light zone,1
S1|C00051,8.755081176757812,7.651765823364258,1,6.396597,12.330045,6,1.6647761,0.0,0.0,0.0,0.0,0.0,2.2604141,3.6718705,0.0,1.8514694,0.017916555,0.3336501,-0.8779397,0.0,0.0,0.0,1.0,plasma cell,1
S1|C00052,8.391475677490234,9.059070587158203,1,7.1062,13.504428,5,0.19955397,1.7804453,0.0,0.0,2.1266205,0.036148384,3.008227,3.6654441,0.0,2.4340405,2.1821113,0.86423206,0.86659193,0.0,0.0,0.0,1.0,plasma cell,1
S1|C00053,1.824615716934204,8.026004791259766,1,-0.75292003,3.6953042,0,0.0,3.5369122,0.88196385,0.9844781,1.7652402,0.0,0.0,2.426506,0.0,0.0,0.0,-0.38486266,1.4165288,1.0,0.0,0.0,0.0,light zone,1
S1|C00054,-0.5168482661247253,7.264650821685791,1,-3.7887409,1.7951819,2,0.0,0.0,2.727462,1.616352,2.201329,0.0,0.0,2.2318945,0.0,0.0,0.0,-0.40944815,0.17029068,0.0,0.0,1.0,0.0,dark zone,1
S1|C00055,2.1679141521453857,4.8543219566345215,1,-3.019302,6.0977054,2,0.0,3.000291,1.6862385,0.41377744,1.9055561,0.0,1.2086773,0.8432947,0.0,0.0,0.0,-0.44601062,1.2627593,1.0,0.0,0.0,0.0,light zone,1
S1|C00056,1.8341041803359985,6.185694694519043,1,-2.2979448,5.06713,2,0.0,2.9772415,2.542218,0.6368172,2.1690824,0.0,0.0,1.7939118,0.0,0.0,0.0,-0.46477893,1.3787706,1.0,0.0,0.0,0.0,light zone,1
S1|C00057,1.410474419593811,4.602620601654053,1,-3.8900921,5.401058,2,0.0,0.0,2.344809,1.3748232,0.0,0.0,0.0,2.5374253,0.0,0.0,0.0,-0.37085018,-0.8779397,1.0,0.0,0.0,0.0,light zone,1
S1|C00058,0.37213337421417236,7.478628635406494,1,-2.972718,2.704829,2,0.0,0.0,0.97440505,0.57087153,0.0,0.0,0.0,3.036478,0.0,0.0,0.0,-0.3078043,-0.8779397,1.0,0.0,0.0,0.0,light zone,1
S1|C00059,4.018356800079346,6.176149368286133,1,0.19573636,8.145598,3,0.0,2.7252717,1.1989112,0.47160164,1.4190776,0.0,1.4696122,2.444492,0.0,0.0,0.01330134,-0.21164656,0.9180572,1.0,0.0,0.0,0.0,light zone,1
S1|C00060,0.9816030263900757,6.060039043426514,1,-3.434375,4.2747445,2,0.0,0.0,1.3101712,0.0,0.0,0.0,0.0,2.564776,0.0,0.0,0.7171486,-0.25389025,-0.8779397,1.0,0.0,0.0,0.0,light zone,1
S1|C00061,-0.637708842754364,6.398997783660889,1,-4.561883,1.5571699,1,0.0,0.0,1.6015407,0.0,0.0,0.0,0.0,2.7648501,0.0,0.0,0.0,-0.3421193,-0.8779397,0.0,0.0,1.0,0.0,dark zone,1
S1|C00062,-0.018255559727549553,3.2442827224731445,1,-6.2898984,2.501754,1,0.0,0.0145088835,0.0,1.3365821,0.0,0.0,2.186784,0.0145088835,0.0,0.0,0.0,-0.43834063,-0.87197566,1.0,0.0,0.0,0.0,light zone,1
S1|C00063,0.5416498780250549,3.7626051902770996,1,-5.5035934,3.5536842,1,1.5761033,0.79455334,0.0,0.94984794,0.0,0.0,0.0,0.0,0.0,0.0,0.0,-0.6914057,-0.5513279,1.0,0.0,0.0,0.0,light zone,1
S1|C00064,0.6551126837730408,4.980519771575928,1,-4.604622,3.886827,1,0.0,3.330441,1.6342945,0.0,0.0,0.0,1.4314731,1.5457612,0.0,0.0,0.0,-0.33167103,0.49108285,1.0,0.0,0.0,0.0,light zone,1
S1|C00065,0.016160139814019203,4.459249496459961,1,-5.413556,3.0334153,1,0.0,0.0,0.0,0.6501287,0.0,0.0,0.0,2.3491259,0.0,0.0,0.0,-0.3946382,-0.8779397,1.0,0.0,0.0,0.0,light zone,1
S2|C00001,1.1716913602181844,5.668346473148891,7,-3.537471,4.5210514,2,0.23448811,0.86357373,1.1506609,0.5716828,0.81494033,0.0011104356,0.24921176,0.8956623,0.0,0.00806729,0.11762095,-0.5294315,-0.13489723,0.8571428571428571,0.0,0.0,0.14285714285714285,light zone,1
S2|C00002,0.8921568691730499,5.757622241973877,4,-3.8262484,4.199972,2,0.30039737,1.293751,1.0509269,0.7654841,1.3087119,0.0,0.3367837,0.91959596,0.0,0.0,0.10033041,-0.52066076,0.2770574,1.0,0.0,0.0,0.0,light zone,1
S2|C00003,5.046234289805095,6.108827670415242,3,0.6741333,9.7802105,3,0.5541275,0.76924247,1.313552,0.28281248,0.5952763,0.0076759644,1.7500868,2.6127698,0.0,0.8331823,1.258722,0.17525546,-0.2782732,0.6666666666666666,0.0,0.0,0.3333333333333333,light zone,1
S2|C00004,6.365542054176331,6.8517138957977295,2,2.6047778,11.207487,7,1.036572,1.2315185,0.53333825,0.0,2.091084,0.99635816,2.0300004,3.262333,0.0,1.6192805,0.99896854,0.62062746,0.6240263,0.5,0.0,0.0,0.5,light zone,1
S2|C00005,-0.294075146317482,6.76213812828064,2,-3.9768453,2.0106566,2,0.0,0.0061294883,1.5587447,1.1268511,0.0,0.0,0.84529567,2.4984913,0.0,0.0,0.0,-0.27865562,-0.8754201,1.0,0.0,0.0,0.0,light zone,1
S2|C00006,3.527039051055908,5.159566521644592,2,-1.2213072,7.647957,4,1.159567,1.3270497,1.6850796,0.16422188,1.2206993,0.0,0.21448897,0.6405606,0.0,0.0,0.8095269,-0.4577155,0.24883533,1.0,0.0,0.0,0.0,light zone,1
S2|C00007,3.7449902296066284,6.717325687408447,2,0.7007253,7.4580684,0,0.0,1.2460406,0.0,0.0,1.3195124,0.039293807,1.6636987,1.9391086,0.0,0.71422356,0.0,-0.13033365,0.26258838,0.5,0.0,0.0,0.5,light zone,1
S2|C00008,7.805474519729614,6.901366233825684,2,4.706571,11.918464,6,0.0,0.79267156,0.0,0.0,0.74242926,1.3396772,3.771681,4.36007,0.0,1.2740756,2.2181213,1.1819112,-0.19857094,0.0,0.0,0.0,1.0,plasma cell,1
S2|C00009,-0.6471987590193748,5.0486226081848145,2,-5.6192527,1.8001918,1,1.012855,0.37878278,1.8199124,0.2684144,0.0,0.0,0.0,1.3140683,0.0,0.0,0.0,-0.52539814,-0.722236,1.0,0.0,0.0,0.0,light zone,1
S2|C00010,1.831575870513916,7.173086166381836,1,-1.3976839,4.40698,0,0.0,1.4076573,1.4383278,0.09116959,0.6537457,0.0,0.0,3.0314527,0.0,0.0,0.0,-0.30843917,0.011997789,1.0,0.0,0.0,0.0,light zone,1
S2|C00011,9.485283851623535,6.026054859161377,1,7.3484287,11.8172655,5,0.0,0.0,0.0,0.0,1.8064327,0.0,3.8214984,4.0805817,0.0,2.631716,1.7469254,0.964145,-0.017751306,0.0,0.0,0.0,1.0,plasma cell,1
S2|C00012,8.35986328125,9.144217491149902,1,7.108437,13.631569,5,1.1872733,0.92267907,0.0,0.0,2.0092113,0.0,2.8430572,2.8329828,0.0,2.4736931,2.210575,0.74201727,0.45808762,0.0,0.0,0.0,1.0,plasma cell,1
S2|C00013,0.6810876727104187,6.596207618713379,1,-3.0819867,3.58976,2,0.0,0.0,2.2063434,0.7596506,0.0,0.01976013,0.0,0.0,0.0,0.0,0.0,-0.68649983,-0.8779397,1.0,0.0,0.0,0.0,light zone,1
S2|C00014,9.371923446655273,6.7464375495910645,1,7.276601,11.701398,5,0.0,0.0,0.0,0.0,0.0,0.0,3.697079,3.9243793,0.0,0.2377001,2.6907187,0.6933189,-0.8779397,0.0,0.0,0.0,1.0,plasma cell,1
S2|C00015,2.1458628177642822,6.890064239501953,1,-1.0608939,4.9220486,0,0.0,2.2260468,2.215476,0.0,2.5265286,0.0,0.0,2.1362593,0.0,0.0,0.0,-0.42152986,1.240191,1.0,0.0,0.0,0.0,light zone,1
S2|C00016,1.7931560277938843,6.630118370056152,1,-1.8943248,4.8494587,2,0.0,1.1222075,0.6714472,0.6335983,1.9102119,0.0,1.0007417,1.10229,0.0,0.0,0.0,-0.4371805,0.49296483,1.0,0.0,0.0,0.0,light zone,1
S2|C00017,1.6330151557922363,5.915280342102051,1,-2.691774,5.0635,2,0.0,0.0,1.5172468,0.6581249,0.0,0.0,0.0,0.0,0.0,0.0,0.0,-0.6914057,-0.8779397,1.0,0.0,0.0,0.0,light zone,1
S2|C00018,0.6130163073539734,4.957072734832764,1,-4.6218433,3.8937905,1,0.0,0.0,1.3645676,0.4659949,0.0,0.0,0.0,2.3198159,0.0,0.0,2.359676,-0.024869898,-0.8779397,1.0,0.0,0.0,0.0,light zone,1
S2|C00019,6.625862121582031,6.783017635345459,1,2.9218993,11.059411,7,0.0,2.7805207,0.0,0.0,1.9703686,2.504246,3.1974373,4.6801085,0.0,2.7631278,0.0,1.3346276,1.2032822,0.0,0.0,0.0,1.0,plasma cell,1
S2|C00020,9.427192687988281,7.837460517883301,1,7.738926,12.29307,5,0.0,0.0,0.0,0.0,0.0,0.047983103,3.089019,3.97345,0.0,2.034971,1.5270445,0.7473108,-0.8779397,0.0,0.0,0.0,1.0,plasma cell,1
S2|C00021,9.21189022064209,6.89597225189209,1,6.891926,11.786372,5,0.0,0.0,0.0,0.0,0.0,2.4072123,3.7532225,4.6152472,0.0,0.0,0.0,0.9204793,-0.8779397,0.0,0.0,0.0,1.0,plasma cell,1
S2|C00022,9.833667755126953,9.173116683959961,1,8.737381,12.464382,5,0.0,0.0,0.0,0.0,2.0544572,0.0,3.602504,3.919253,0.0,2.5842087,2.132773,0.9720104,0.10035315,0.0,0.0,0.0,1.0,plasma cell,1
S2|C00023,9.223467826843262,9.531220436096191,1,8.493066,12.831021,5,0.0,0.0,0.0,0.0,0.0,0.0,3.364161,4.5057745,0.0,0.0,2.3563654,0.6372575,-0.8779397,0.0,0.0,0.0,1.0,plasma cell,1
S2|C00024,4.7657790184021,3.10892915725708,1,-2.5767813,9.808911,4,2.9122243,0.24527316,0.016218957,0.0,0.0,0.0,0.0,0.0,0.0,0.0,1.8244978,-0.40263844,-0.7771169,1.0,0.0,0.0,0.0,light zone,1
S2|C00025,3.3181328773498535,3.381380081176758,1,-3.0737638,8.511168,4,1.6278849,3.3197498,0.6431234,0.0,2.352096,0.0,0.062465858,1.2838612,0.0,0.0,0.5729535,-0.4313551,1.6067109,1.0,0.0,0.0,0.0,light zone,1
S2|C00026,-0.23386892676353455,3.3251287937164307,1,-6.4995284,2.3419344,1,0.0,0.0,1.2691069,0.6129371,0.0,2.2553892,1.9883616,0.0,0.0,0.0,0.0,0.09697827,-0.8779397,1.0,0.0,0.0,0.0,light zone,1
S2|C00027,2.0477142333984375,6.443718910217285,1,-1.717274,5.1326437,2,0.0,3.237018,1.5716329,0.40870035,1.851781,0.0,0.0,2.3627768,0.0,0.0,0.0,-0.39291367,1.3344625,1.0,0.0,0.0,0.0,light zone,1
S2|C00028,9.986062049865723,7.284633636474609,1,8.253864,12.066027,5,0.0,0.0,0.0,0.0,2.2699564,0.0,3.537122,3.8837395,0.0,1.4590683,0.0,0.44095907,0.2029697,0.0,0.0,0.0,1.0,plasma cell,1
S2|C00029,10.020987510681152,7.397328853607178,1,8.390614,11.9688635,5,0.0,0.0,0.0,0.0,0.0,1.5533894,3.509574,3.8467968,0.0,2.0072675,2.5151067,1.3052894,-0.8779397,0.0,0.0,0.0,1.0,plasma cell,1
S2|C00030,10.16157054901123,7.9503397941589355,1,8.806378,12.2269125,5,0.0,0.0,0.0,0.0,1.7075322,3.327034,3.6837175,4.269641,0.0,2.7014022,2.9733734,2.0035598,-0.06484586,0.0,0.0,0.0,1.0,plasma cell,1
S2|C00031,2.709862470626831,4.35318660736084,1,-2.742111,7.088768,4,0.0,0.0,1.1987485,0.61764413,0.0,0.0,1.9556582,2.4479198,0.0,0.0,0.0,-0.15747859,-0.8779397,1.0,0.0,0.0,0.0,light zone,1
S2|C00032,-0.2878621518611908,6.7844038009643555,1,-4.0097528,2.0948544,2,0.0,0.0,1.8957844,0.0,0.0,0.0,0.0,2.198263,0.0,0.0,0.0,-0.41369686,-0.8779397,1.0,0.0,0.0,0.0,light zone,1
S2|C00033,3.4743540287017822,4.959063529968262,1,-1.5400476,7.722243,4,2.32709,0.0,1.2392805,1.0707741,0.0,0.0,0.0,0.0,0.0,0.0,0.0,-0.6914057,-0.8779397,1.0,0.0,0.0,0.0,light zone,1
S2|C00034,-0.37306860089302063,3.1110658645629883,1,-6.614904,2.5121853,1,0.0,0.0,0.0,0.0,0.0,0.0,2.1379945,0.0,0.0,0.0,0.0,-0.44577885,-0.8779397,1.0,0.0,0.0,0.0,light zone,1
S2|C00035,9.981524467468262,7.221584796905518,1,8.354456,12.016116,5,0.0,0.0,0.018111417,0.0,0.0,0.0,2.4557486,3.9109075,0.0,2.0997782,0.0,0.42350784,-0.8779397,0.0,0.0,0.0,1.0,plasma cell,1
S2|C00036,7.686834812164307,8.585094451904297,1,5.1161485,12.655782,6,0.0,3.324596,0.0,0.0,2.6609042,0.0,2.9612105,4.105472,0.0,1.5881236,0.0,0.42362392,1.7557514,0.0,0.0,0.0,1.0,plasma cell,1
S2|C00037,2.548460006713867,6.943549633026123,1,-0.3103791,5.256906,0,0.0,3.4027226,0.12192442,0.9782357,2.7517388,0.0,0.0,1.5585127,0.0,0.0,0.0,-0.49451718,1.83112,1.0,0.0,0.0,0.0,light zone,1
S2|C00038,3.359710454940796,6.5741682052612305,1,0.23162352,6.6408615,0,0.0,0.0,2.1871223,0.0,2.1733277,0.0,0.37268353,2.1465816,0.0,0.0,0.0,-0.3774095,0.156957,1.0,0.0,0.0,0.0,light zone,1
S2|C00039,-0.1869787722826004,4.855749607086182,1,-5.239623,2.7123418,1,0.0,0.0,2.3336346,1.0354939,0.0,0.0,0.0,1.7493455,0.0,0.0,0.0,-0.47040904,-0.8779397,1.0,0.0,0.0,0.0,light zone,1
S2|C00040,2.9135656356811523,8.138453483581543,1,0.14332873,4.1735554,0,0.0,2.931229,1.8076382,0.0,2.2793634,0.0,1.3643371,1.8682082,0.0,0.0,0.0,-0.298649,1.4123703,1.0,0.0,0.0,0.0,light zone,1
S2|C00041,2.1520445346832275,5.680712699890137,1,-2.3441927,5.634015,2,0.0,2.3841097,0.60728437,0.4796987,1.717922,0.0,1.9801482,1.3387085,0.0,0.0,0.0,-0.29479283,0.9201219,1.0,0.0,0.0,0.0,light zone,1
S2|C00042,0.27414175868034363,5.535648822784424,1,-4.5971303,3.2012053,1,0.0,0.0,0.2785562,0.9191933,0.0,0.0,0.0,2.1501043,0.0,0.0,0.0,-0.41978082,-0.8779397,1.0,0.0,0.0,0.0,light zone,1
S2|C00043,-1.0907447338104248,6.429019451141357,1,-5.1378493,1.1445585,1,0.0,0.0,1.827378,0.8091443,0.0,0.0,0.0,2.1319642,0.0,0.0,0.0,-0.42207244,-0.8779397,1.0,0.0,0.0,0.0,light zone,1
S2|C00044,-1.1226906776428223,5.30750036239624,1,-5.9991636,1.3704323,1,0.0,0.0,2.0954304,0.0,0.0,0.0,0.0,1.7795095,0.0,0.0,0.0,-0.4665984,-0.8779397,1.0,0.0,0.0,0.0,light zone,1
S2|C00045,9.209274291992188,7.990644931793213,1,7.3490596,12.508619,5,0.0,0.0,0.0,0.0,0.0,2.4316528,3.5717342,4.3697214,0.0,2.4571736,2.5165691,1.6693449,-0.8779397,0.0,0.0,0.0,1.0,plasma cell,1
S3|C00001,5.620078616672092,6.574498573939006,9,1.2998943,10.382815,3,0.0011286394,0.5166066,0.38665968,0.20911132,0.6918597,0.18301776,2.1398883,2.8507967,0.0,1.2033613,1.4723065,0.3871584,-0.33613136,0.3333333333333333,0.0,0.1111111111111111,0.5555555555555556,plasma cell,1
S3|C00002,4.672110676765442,7.1987945437431335,8,1.2927078,9.176764,3,0.5750085,1.2664354,1.1814802,0.3230353,1.4748245,0.69945025,1.3077304,2.444141,0.0,0.2987216,0.58704156,0.08235778,0.34492856,0.625,0.0,0.0,0.375,light zone,1
S3|C00003,6.323107409477234,6.749550151824951,5,2.3673766,11.071511,7,0.4083038,0.5720506,0.0,0.0,0.35435805,0.6118427,2.9457035,3.014583,0.0,1.2765903,1.4074751,0.6084434,-0.47405213,0.2,0.0,0.0,0.8,plasma cell,1
S3|C00004,6.388178420066834,6.835972595214844,5,2.6713479,11.137099,7,0.37476748,1.6674582,0.35632545,0.08467178,1.1463265,1.2322867,2.2612128,2.6820807,0.0,1.5112276,1.6661812,0.72063243,0.35334998,0.4,0.0,0.0,0.6,plasma cell,1
S3|C00005,8.998220252990723,6.75215253829956,5,6.3967133,11.582572,6,0.0,0.0,0.0,0.0,0.9193824,1.4150614,3.9282272,3.9815857,0.0,1.7465286,1.7403187,1.1713854,-0.44014755,0.0,0.0,0.0,1.0,plasma cell,1
S3|C00006,5.006281569600105,6.2177973985672,4,0.5231744,9.659753,3,0.0,0.0,1.0712166,0.0,0.0,0.7268778,2.3606517,3.0808449,0.0,1.2383615,0.650274,0.45214903,-0.8779397,0.5,0.0,0.0,0.5,light zone,1
S3|C00007,3.2506617108980813,6.050891558329265,3,-0.31271222,6.8914247,0,0.0,0.42609048,0.85569745,0.4940281,0.7747722,0.0,1.1671652,1.8750926,0.0,0.0,0.29345092,-0.27398658,-0.33385786,0.6666666666666666,0.0,0.0,0.3333333333333333,light zone,1
S3|C00008,3.2693594694137573,6.780667622884114,3,0.5150865,6.3591423,0,0.0,0.7716499,0.96783113,0.26978993,0.7640517,0.32321754,1.8588196,1.9528402,0.0,0.9427445,0.98948866,0.15777878,-0.19691597,0.6666666666666666,0.0,0.0,0.3333333333333333,light zone,1
S3|C00009,4.127814531326294,6.402339220046997,2,0.48924842,8.254728,3,0.0,0.0,0.42891946,0.0,0.99837494,0.91902065,2.634467,2.7516906,0.0,1.3305011,1.0797105,0.5725586,-0.40253282,0.5,0.0,0.0,0.5,light zone,1
S3|C00010,1.2741665542125702,7.280918121337891,2,-2.0289586,3.825659,2,0.0,1.4729092,1.5441413,1.0691949,0.80326635,0.6240804,0.603037,2.2279725,0.0,0.0,0.0,-0.18572165,0.110019356,1.0,0.0,0.0,0.0,light zone,1
S3|C00011,2.4258567690849304,6.736231565475464,2,-0.7232198,5.3875484,0,0.0,2.0555456,1.901418,0.19045077,1.9721444,0.0,0.0,2.1709614,0.0,0.0,0.0,-0.4171459,0.9061171,0.5,0.0,0.5,0.0,light zone,1
S3|C00012,2.786906361579895,7.33098292350769,2,0.14093402,5.075035,0,0.6121339,2.8383172,1.60917,0.7421297,2.108343,0.0,0.7369217,1.8236666,0.0,0.0,0.0,-0.37635761,1.2927411,1.0,0.0,0.0,0.0,light zone,1
S3|C00013,0.6495442390441895,6.356222629547119,1,-3.4847198,3.7798662,2,0.05572286,2.9159555,1.3370848,0.6203449,0.0,0.0,0.0,2.127314,0.0,0.0,0.0,-0.4226599,0.32070303,1.0,0.0,0.0,0.0,light zone,1
S3|C00014,2.3917694091796875,8.466099739074707,1,-0.03519902,3.6155818,0,0.0,2.9703434,0.785291,0.6542232,2.6826506,0.0,1.7574849,1.7075825,0.0,0.0,0.0,-0.27377364,1.6204863,1.0,0.0,0.0,0.0,light zone,1
S3|C00015,8.832526206970215,7.89579439163208,1,6.6456847,12.542987,6,0.0,0.0,0.0,0.0,0.0,0.0,3.8412988,4.2880683,0.0,3.3668444,3.2182453,1.3440833,-0.8779397,0.0,0.0,0.0,1.0,plasma cell,1
S3|C00016,-1.3249106407165527,4.583723545074463,1,-6.756711,1.5878927,1,0.0,0.0,1.2539554,1.0359393,2.1939015,0.0,0.0,1.4568208,0.0,0.0,0.0,-0.507364,0.16675386,1.0,0.0,0.0,0.0,light zone,1
S3|C00017,-1.2755099534988403,5.2670111656188965,1,-6.0910897,0.89536506,1,0.0,0.0,0.68768626,0.0,2.4278488,0.0,0.0,0.0,0.0,0.0,0.0,-0.6914057,0.27815506,1.0,0.0,0.0,0.0,light zone,1
S3|C00018,8.441290855407715,6.458009243011475,1,5.573463,11.795602,6,0.0,0.0,0.0,0.0,0.0,0.0,3.8897686,4.189596,0.0,2.7199993,0.0,0.7235114,-0.8779397,0.0,0.0,0.0,1.0,plasma cell,1
S3|C00019,2.387712240219116,3.4293830394744873,1,-3.4183128,7.459891,4,1.689626,2.6631646,0.6611588,0.4853173,0.043653894,0.0,0.0,1.3948107,0.0,0.0,0.0,-0.5151978,0.23757705,1.0,0.0,0.0,0.0,light zone,1
S3|C00020,3.1466798782348633,6.272927761077881,1,-0.29604113,6.4968534,0,0.0,3.2894697,1.3282418,0.74877304,2.3183608,0.0,2.122034,1.1280117,0.0,0.0,0.0,-0.3051096,1.5781999,1.0,0.0,0.0,0.0,light zone,1
S3|C00021,0.5271517038345337,4.523181915283203,1,-5.0263553,3.680866,1,0.0,0.0,1.5033667,0.4860535,0.0,0.0,0.0,0.0,0.0,0.0,0.0,-0.6914057,-0.8779397,1.0,0.0,0.0,0.0,light zone,1
S3|C00022,0.7835599780082703,3.811077356338501,1,-5.466515,3.6639369,1,0.0,0.0,2.2658775,0.0,0.0,0.0,0.0,2.5979984,0.0,0.0,0.0,-0.3631979,-0.8779397,1.0,0.0,0.0,0.0,light zone,1
S3|C00023,7.740314483642578,7.741979598999023,1,4.933417,12.098582,6,0.0,0.0,0.0,0.0,3.0811038,0.0,2.947264,3.655683,0.0,2.5814002,1.8798556,0.8229522,0.58922255,0.0,0.0,0.0,1.0,plasma cell,1
S3|C00024,2.155918598175049,6.67473840713501,1,-1.2838551,5.16338,0,0.0,3.1206632,0.8329978,0.73196846,2.0202258,0.0,0.0,1.8495315,0.0,0.0,0.0,-0.45775247,1.3668435,0.0,0.0,1.0,0.0,dark zone,1
S3|C00025,-1.2475234270095825,4.583816051483154,1,-6.49124,1.613508,1,0.0,0.2517222,1.3642786,0.61078596,0.0,0.0,0.30275953,1.7691828,0.0,0.0,0.0,-0.43312,-0.7744659,1.0,0.0,0.0,0.0,light zone,1
S3|C00026,1.4735751152038574,8.414922714233398,1,-0.904967,2.9799361,0,0.0,1.668329,1.30624,0.71725124,2.957572,0.0,0.0,2.1095154,0.0,0.0,0.0,-0.42490843,1.2161881,1.0,0.0,0.0,0.0,light zone,1
S3|C00027,-1.1425520181655884,5.222203254699707,1,-6.0755844,1.4114997,1,0.0,0.0,1.5943601,0.0987127,0.0,0.0,0.0,2.2842865,0.0,0.0,0.0,-0.4028294,-0.8779397,1.0,0.0,0.0,0.0,light zone,1
S3|C00028,10.36846923828125,7.953302383422852,1,8.853062,12.297949,5,0.0,0.0,0.0,0.0,0.0,2.6063192,3.9392722,4.047519,0.0,2.534039,0.0,1.3283267,-0.8779397,0.0,0.0,0.0,1.0,plasma cell,1
S3|C00029,8.290861129760742,7.889977931976318,1,5.873524,12.341226,6,0.0,1.9442792,0.0,0.0,1.8274136,0.7999315,3.063241,3.5101423,0.0,1.6656027,3.0120738,1.0479627,0.79146147,0.0,0.0,0.0,1.0,plasma cell,1
S3|C00030,9.122801780700684,8.408586502075195,1,7.461232,12.908821,5,0.0,0.0,0.0,0.0,3.371585,0.0,3.896042,4.232156,0.0,2.7649152,2.0728438,1.0649277,0.72754407,0.0,0.0,0.0,1.0,plasma cell,1
S3|C00031,-1.0138112306594849,5.514745235443115,1,-5.571946,1.0025415,1,0.0,0.0,2.470012,0.89709103,0.0,0.0,0.0,0.017557863,0.0,0.0,0.0,-0.6891875,-0.8779397,1.0,0.0,0.0,0.0,light zone,1
S3|C00032,8.184338569641113,8.455050468444824,1,6.029844,12.9802265,6,0.0,0.0,0.0,0.0,2.3999639,0.0,3.832278,4.5412536,0.0,0.0,0.375405,0.381989,0.2648768,0.0,0.0,0.0,1.0,plasma cell,1
S3|C00033,-0.10430660098791122,6.064114093780518,1,-4.4059663,2.4813364,1,0.0,0.0,1.8364711,1.3110126,0.0,0.0,0.0,0.788626,0.0,0.0,0.0,-0.59177774,-0.8779397,1.0,0.0,0.0,0.0,light zone,1
S3|C00034,9.608794212341309,8.218060493469238,1,8.211315,12.581146,5,0.0,0.0,0.0,0.0,0.0,2.1768553,3.9428065,4.2098618,0.0,3.075537,2.9567351,1.7979354,-0.8779397,0.0,0.0,0.0,1.0,plasma cell,1
S3|C00035,0.08152025938034058,5.878690242767334,1,-4.335859,2.8066454,1,0.0,0.0,1.8855152,1.4971595,0.0,0.0,0.0,1.0883223,0.0,0.0,0.0,-0.5539168,-0.8779397,1.0,0.0,0.0,0.0,light zone,1
S3|C00036,1.3668148517608643,4.948078155517578,1,-3.7534196,5.2288914,2,0.0,1.8005514,1.4274203,0.0,1.0908104,0.0,1.9433954,1.6515744,0.0,0.0,0.0,-0.25949058,0.38162398,1.0,0.0,0.0,0.0,light zone,1
S3|C00037,1.767894983291626,3.673842668533325,1,-3.7113779,6.5571384,2,0.0,0.0,1.7898862,0.73656803,0.0,0.0,0.0,0.0,0.0,0.0,0.0,-0.6914057,-0.8779397,1.0,0.0,0.0,0.0,light zone,1
S3|C00038,5.374063014984131,3.8380911350250244,1,-1.681836,10.259053,4,1.3949091,2.6693752,0.5990937,0.49508607,1.3346281,0.0,1.8395499,1.2449162,0.0,0.0,0.0,-0.32279456,0.854867,1.0,0.0,0.0,0.0,light zone,1
S3|C00039,-0.5432848930358887,3.522916555404663,1,-6.6600237,2.38295,1,0.0,0.0,0.0,0.0,0.0,0.0,2.1721067,0.0,0.0,0.0,0.0,-0.4418598,-0.8779397,1.0,0.0,0.0,0.0,light zone,1
S3|C00040,1.5090749263763428,5.78658390045166,1,-2.94454,4.9277444,2,0.0,2.00881,0.0,0.0,3.011354,0.0,1.9187783,1.7143792,0.0,0.0,0.0,-0.25438455,1.3817574,1.0,0.0,0.0,0.0,light zone,1
S3|C00041,-1.4536572694778442,5.136042594909668,1,-6.503872,1.225071,1,0.0,0.0,0.74472207,0.0,2.2624342,0.0,0.0,1.9335377,0.0,0.0,0.0,-0.44713986,0.19938782,1.0,0.0,0.0,0.0,light zone,1
S3|C00042,-1.4880290031433105,5.6748881340026855,1,-6.1519527,0.9722513,1,0.0,0.0,2.3234086,0.8332168,0.0,0.0,0.0,2.040816,0.0,0.0,0.0,-0.4335873,-0.8779397,1.0,0.0,0.0,0.0,light zone,1
S3|C00043,1.4761912822723389,4.999494552612305,1,-3.5900576,5.23292,2,0.0,2.726425,0.6056045,0.45504797,0.533157,0.0,0.0,1.901878,0.0,0.0,0.0,-0.45113948,0.496673,1.0,0.0,0.0,0.0,light zone,1
S3|C00044,-0.5395457744598389,3.7805566787719727,1,-6.368674,2.1932957,1,0.0,0.0,0.0,0.0,0.0,0.0,2.1967432,0.0,0.0,0.0,0.0,-0.43902943,-0.8779397,1.0,0.0,0.0,0.0,light zone,1
S3|C00045,1.9474471807479858,6.154522895812988,1,-2.1239846,5.2063103,2,0.45532316,2.2736008,1.6418918,1.0723628,1.6784339,0.0,1.5094347,1.8434497,0.0,0.0,0.0,-0.28510702,0.8558923,1.0,0.0,0.0,0.0,light zone,1
S3|C00046,8.1899995803833,7.912707805633545,1,5.6224585,12.497692,6,0.0,0.0,0.0,0.0,1.1697235,0.0,3.1328163,3.900521,0.0,2.598302,2.01669,0.89958376,-0.32093996,0.0,0.0,0.0,1.0,plasma cell,1
S3|C00047,-0.24062302708625793,5.776719093322754,1,-4.694878,2.317581,1,0.0,0.0,2.491181,0.45686305,0.0,0.0,0.0,1.8029029,0.0,0.0,0.0,-0.4636431,-0.8779397,1.0,0.0,0.0,0.0,light zone,1
S3|C00048,0.6523441076278687,4.447998046875,1,-5.011606,3.79962,1,0.0,0.0,1.4821528,0.0,0.47941267,0.0,0.0,0.0,0.0,0.0,0.0,-0.6914057,-0.64965266,1.0,0.0,0.0,0.0,light zone,1
S3|C00049,8.381624221801758,8.182060241699219,1,6.0302997,12.615956,6,1.0095023,1.7895441,0.6089905,0.0,1.3483726,0.72917783,2.7183394,3.3473384,0.0,2.2592413,2.172701,0.93311447,0.49974546,0.0,0.0,0.0,1.0,plasma cell,1
S3|C00050,8.187600135803223,8.140342712402344,1,5.7019095,12.75265,6,0.0,0.0,0.0,0.0,2.2674296,2.1310275,3.571809,4.073236,0.0,0.036625143,1.9087766,1.0706099,0.20176652,0.0,0.0,0.0,1.0,plasma cell,1
S3|C00051,3.1999142169952393,4.032166481018066,1,-2.6163476,7.7971277,4,1.6367583,1.7662227,1.0208625,0.0,0.0,0.0,0.0,1.8787466,0.0,0.0,0.0,-0.45406172,-0.15191013,1.0,0.0,0.0,0.0,light zone,1
S3|C00052,-1.5447728633880615,5.5379204750061035,1,-6.213697,0.91756403,1,0.0,0.09263328,1.9345053,0.47413316,0.0,0.0,1.8988143,2.3639755,0.0,0.0,0.0,-0.17461395,-0.83986163,1.0,0.0,0.0,0.0,light zone,1
S3|C00053,-1.7125146389007568,5.707546710968018,1,-6.4247346,1.0474018,1,0.0,0.0,1.9353566,0.0,0.0,0.0,0.0,0.0,0.0,0.0,0.0,-0.6914057,-0.8779397,1.0,0.0,0.0,0.0,light zone,1
S3|C00054,8.46927261352539,8.034149169921875,1,6.165625,12.734205,6,0.0,0.0,0.0,0.0,0.0,0.0,2.3057392,3.6952412,0.0,0.19874443,2.5379038,0.47405514,-0.8779397,0.0,0.0,0.0,1.0,plasma cell,1
S3|C00055,4.087015151977539,6.112868785858154,1,0.17403024,8.341003,3,0.0,1.756042,1.0895383,0.0,1.4272025,0.0,2.006587,2.3277133,0.0,0.0,0.0,-0.16681337,0.52351123,1.0,0.0,0.0,0.0,light zone,1
S3|C00056,1.030372142791748,6.711501598358154,1,-2.8932874,4.008401,2,0.0,3.6144984,1.8932863,0.63858217,2.9039364,0.0,0.32277983,2.059577,0.0,0.0,0.0,-0.39413413,1.9906468,1.0,0.0,0.0,0.0,light zone,1
S3|C00057,1.7842267751693726,5.4503912925720215,1,-2.9869711,5.4640794,2,0.0,2.6882665,0.0,0.0,2.1140993,0.0,0.0,2.410064,0.0,0.0,0.0,-0.38693985,1.2338016,1.0,0.0,0.0,0.0,light zone,1
S3|C00058,0.27557337284088135,5.417509078979492,1,-4.570897,3.3722699,1,0.0,1.7173308,1.5099648,0.0,1.2989987,0.0,0.0,2.3065717,0.0,0.0,0.0,-0.40001407,0.4465503,1.0,0.0,0.0,0.0,light zone,1
S4|C00001,2.65444678068161,6.490021419525147,5,-0.61120564,5.762275,0,0.0,1.5326298,0.6657092,0.3126501,0.69530344,0.40892562,0.76954776,2.291497,0.0,0.5019338,0.0,-0.1310172,0.08315843,0.8,0.0,0.0,0.2,light zone,1
S4|C00002,1.5644600152969361,5.913668441772461,5,-2.938109,4.716072,2,1.0126911,0.6517688,0.7379979,0.32701468,0.70716345,0.0,0.9058773,1.13352,0.0,0.0,0.2788624,-0.39999765,-0.27328378,0.8,0.0,0.2,0.0,light zone,1
S4|C00003,2.3241710364818573,5.620476841926575,4,-2.12397,5.9691005,2,0.0,0.036014322,1.3523095,0.12007682,0.6115291,0.5026698,1.8815651,2.6437159,0.0,0.0899292,0.768786,0.119726375,-0.5719372,0.75,0.0,0.0,0.25,light zone,1
S4|C00004,2.657909110188484,5.579802751541138,4,-1.7071592,6.328886,2,0.32657132,1.5462546,0.9837493,0.58121514,1.0645149,0.0,0.877756,2.3110685,0.0,0.0,0.19624496,-0.26754352,0.26457042,0.5,0.0,0.5,0.0,light zone,1
S4|C00005,0.9518923312425613,5.975198745727539,4,-3.5544314,4.2051344,2,0.0,1.018025,1.3371172,1.3095243,0.83438486,0.4523071,1.0883651,2.2070923,0.0,0.0,0.0,-0.17524815,-0.06214884,0.25,0.0,0.75,0.0,dark zone,1
S4|C00006,-0.334733784198761,5.589183966318767,3,-4.97425,2.2199159,1,0.0,0.0,1.458047,0.6817455,0.0,0.0,0.0,2.2615683,0.0,0.0,0.82771903,-0.27469453,-0.8779397,0.6666666666666666,0.0,0.3333333333333333,0.0,light zone,1
S4|C00007,5.567603508631389,6.595805883407593,3,1.2635924,10.342747,3,0.75567675,1.6962038,0.7084794,0.005909691,1.4248371,0.72150177,1.2741108,2.8399267,0.0,0.9616783,0.94406223,0.29741713,0.4977877,0.6666666666666666,0.0,0.0,0.3333333333333333,light zone,1
S4|C00008,2.883181393146515,6.614184697469075,3,-0.083399065,5.9550967,0,0.0,0.31090084,1.3892212,0.5118713,0.0,0.0,1.5334831,2.0142872,0.0,0.727099,0.0,-0.14347486,-0.7501397,0.6666666666666666,0.0,0.0,0.3333333333333333,light zone,1
S4|C00009,0.02138379216194153,5.649924039840698,2,-4.630461,2.8504777,1,0.0,0.0,1.1838777,0.998297,0.0,0.0,0.0,1.3985993,0.0,0.0,0.0,-0.5147192,-0.8779397,1.0,0.0,0.0,0.0,light zone,1
S4|C00010,4.864338576793671,8.900054454803467,2,1.8033059,9.9169,3,0.0,1.6718571,0.05054141,0.21323526,2.502182,0.94871265,2.0858445,2.7219143,0.0,0.8742424,1.1367831,0.44857383,1.0007906,0.0,0.0,0.5,0.5,dark zone,1
S4|C00011,6.8300065994262695,7.412024259567261,2,3.2995276,11.508096,7,0.0,0.4580494,0.7333626,0.12388297,1.0553447,0.0,3.606866,3.8838325,0.0,2.0045886,1.3933761,0.7575131,-0.18711755,0.5,0.0,0.0,0.5,light zone,1
S4|C00012,2.0787779688835144,5.840349197387695,2,-2.3591578,5.515775,2,0.0,2.1856382,1.6674492,0.0,2.562891,0.0,0.0,2.346583,0.0,0.0,0.0,-0.39495942,1.2408954,1.0,0.0,0.0,0.0,light zone,1
S4|C00013,8.579111576080322,8.31203007698059,2,6.445196,12.760397,6,0.0,0.0,0.03222526,0.0,0.0,0.0,3.5800319,4.5904083,0.0,2.752521,0.93786204,0.89224535,-0.8779397,0.0,0.0,0.0,1.0,plasma cell,1
S4|C00014,-0.7917013764381409,5.122621536254883,2,-5.7238226,1.6794759,1,0.0,0.0,1.5941396,0.0,0.0,0.0,0.0,2.0549753,0.0,0.0,0.0,-0.43179858,-0.8779397,1.0,0.0,0.0,0.0,light zone,1
S4|C00015,1.0277714133262634,5.324012517929077,2,-4.069214,4.4839416,2,0.0,1.6467775,0.78094816,0.34557122,0.8839756,0.0,0.0,0.95088434,0.0,0.0,0.0,-0.5712795,0.21992244,1.0,0.0,0.0,0.0,light zone,1
S4|C00016,-0.531207327847369,6.327862977981567,2,-4.5416236,1.7227558,1,0.0,0.61543775,1.649492,0.0,0.21943723,0.0,2.0582192,2.174919,0.0,0.0,0.0,-0.1801842,-0.520464,1.0,0.0,0.0,0.0,light zone,1
S4|C00017,1.0020506978034973,5.368710994720459,2,-3.880464,4.5075,2,0.46061164,0.82602096,1.1104001,0.48152906,0.15714896,0.0,0.0,2.2676098,0.0,0.0,0.0,-0.4049362,-0.46356142,1.0,0.0,0.0,0.0,light zone,1
S4|C00018,0.29683130979537964,4.546351671218872,2,-5.155799,3.3702786,1,0.0,0.0,0.0,0.0,0.0,0.0,1.1288062,0.8800843,0.0,0.0,0.0,-0.45053905,-0.8779397,1.0,0.0,0.0,0.0,light zone,1
S4|C00019,3.478610038757324,6.598408460617065,2,0.43722662,6.8958707,0,0.0,0.0,0.37306085,0.0,0.0,0.18354306,2.0265925,2.3787937,0.0,0.015594346,0.0,-0.109978035,-0.8779397,0.5,0.0,0.0,0.5,light zone,1
S4|C00020,4.130738973617554,6.741921424865723,2,0.79173803,8.320186,3,0.7611098,1.3576396,0.889245,0.41910887,2.461086,1.1178614,1.5596412,3.3465981,0.0,1.3502815,0.9938609,0.5632005,0.85205793,0.0,0.0,0.5,0.5,dark zone,1
S4|C00021,3.589259624481201,5.781537055969238,2,-0.4051515,7.4957013,0,1.3827473,1.5335927,0.7879565,0.26040533,1.0967256,1.187935,0.9812548,0.80861884,0.0,0.0,0.5790325,-0.08994442,0.27470374,1.0,0.0,0.0,0.0,light zone,1
S4|C00022,2.8290343284606934,5.033337712287903,2,-2.0380852,6.857408,2,1.4057417,1.0988667,0.6476898,0.0,0.00428054,0.0,0.9075347,1.3704824,0.0,0.0,1.1937106,-0.2250765,-0.4241975,1.0,0.0,0.0,0.0,light zone,1
S4|C00023,8.21351408958435,8.861077785491943,2,6.431526,13.3596735,6,0.2296088,0.10719743,0.0,0.0,1.0299112,1.1636701,2.9305172,3.362544,0.0,1.5033536,0.43247616,0.6699233,-0.34345096,0.0,0.0,0.0,1.0,plasma cell,1
S4|C00024,2.721478223800659,6.943970203399658,1,-0.21867578,5.544728,0,0.0,2.9119353,0.868185,0.13181753,0.9221442,0.0,0.008767709,1.8885212,0.0,0.0,0.0,-0.45181954,0.7581577,1.0,0.0,0.0,0.0,light zone,1
S4|C00025,-0.8414656519889832,4.234688758850098,1,-6.546933,1.9241478,1,0.0,0.0,0.0,1.586654,0.0,0.0,2.0874453,0.013315669,0.0,0.0,0.0,-0.44990408,-0.8779397,1.0,0.0,0.0,0.0,light zone,1
S4|C00026,9.766364097595215,6.751560211181641,1,7.853296,11.676832,5,0.0,0.0,0.0,0.0,0.0,0.0,3.6396947,4.342219,0.0,3.4621305,2.4625375,1.2235255,-0.8779397,0.0,0.0,0.0,1.0,plasma cell,1
S4|C00027,0.7259974479675293,4.7130045890808105,1,-4.900317,3.9324265,1,0.0,2.784699,1.6942682,0.5049434,0.0,0.0,0.0,2.1260135,0.0,0.0,0.0,-0.42282423,0.26674825,1.0,0.0,0.0,0.0,light zone,1
S4|C00028,0.8947355151176453,5.375435829162598,1,-4.098979,4.377226,2,0.0,0.0,2.0111408,0.5046443,0.0,0.0,0.0,2.3392832,0.0,0.011449921,0.0,-0.39403465,-0.8779397,1.0,0.0,0.0,0.0,light zone,1
S4|C00029,7.809812068939209,8.078433990478516,1,5.0174446,12.486538,6,0.0,0.0,0.0,0.0,0.80186796,0.0,3.471469,3.703058,0.0,2.503481,2.5611098,0.98441577,-0.49610567,0.0,0.0,0.0,1.0,plasma cell,1
S4|C00030,0.6382809281349182,7.3827805519104,1,-2.9124997,2.914222,2,0.0,0.0,1.685144,0.0,0.0,0.0,0.0,1.6183578,0.0,0.0,0.0,-0.48695686,-0.8779397,1.0,0.0,0.0,0.0,light zone,1
S4|C00031,7.501701831817627,7.6832804679870605,1,4.425075,12.146708,6,0.0,0.0,0.0,0.0,0.0,3.0785718,3.715273,4.813014,0.0,2.9710045,3.1262827,2.0818346,-0.8779397,0.0,0.0,0.0,1.0,plasma cell,1
S4|C00032,2.9746108055114746,7.628092288970947,1,0.3790745,4.827644,0,0.0,2.449625,2.016567,0.0,0.0,0.0,0.0,1.712765,0.0,0.0,0.0,-0.4750303,0.12901157,1.0,0.0,0.0,0.0,light zone,1
S4|C00033,2.012413501739502,5.5215744972229,1,-2.5477412,5.4471292,2,0.0,2.975592,1.2773486,0.0,0.0,0.0,0.0,2.3482106,0.0,0.0,0.0,-0.39475384,0.34521735,1.0,0.0,0.0,0.0,light zone,1
S4|C00034,8.672699928283691,8.107032775878906,1,6.404124,12.797103,6,0.024079215,0.114985615,0.0,0.0,0.0,1.5380963,3.9602897,4.459806,0.0,2.880114,0.46053082,1.2463311,-0.83067334,0.0,0.0,0.0,1.0,plasma cell,1
S4|C00035,7.688917636871338,7.718841552734375,1,4.608765,12.238265,6,0.0,0.0,0.0,0.0,0.0,0.0,3.7764463,4.229683,0.0,0.0,0.025664546,0.28085947,-0.8779397,0.0,0.0,0.0,1.0,plasma cell,1
S4|C00036,1.7943569421768188,8.359418869018555,1,-0.6330229,3.428088,0,0.0,2.89253,1.3193102,0.0,1.8829765,0.0,0.12843014,1.9070095,0.0,0.0,0.0,-0.4357363,1.2077107,1.0,0.0,0.0,0.0,light zone,1
S4|C00037,9.201702117919922,7.346599102020264,1,6.9437647,12.079031,5,0.0,0.0,0.0,0.0,0.0,0.0,3.807547,3.8286536,0.0,2.4857361,1.2466533,0.8279889,-0.8779397,0.0,0.0,0.0,1.0,plasma cell,1
S4|C00038,7.210445404052734,8.365784645080566,1,4.5334287,12.2929125,6,0.0,1.7044032,0.0,0.07647184,1.6927724,1.3174344,2.6009898,3.12288,0.0,1.2049136,1.6355994,0.78224325,0.62874365,1.0,0.0,0.0,0.0,light zone,1
S4|C00039,10.04755973815918,8.130467414855957,1,8.736348,12.224592,5,0.0,0.0,0.0,0.0,0.0,0.0,3.5712612,4.040506,0.0,2.1698668,3.152228,1.0782534,-0.8779397,0.0,0.0,0.0,1.0,plasma cell,1
S4|C00040,2.5725786685943604,8.534111976623535,1,0.2054257,3.5873287,0,1.4592732,3.0322819,1.3920978,0.4958721,0.2704935,0.0,1.9422014,2.273961,0.0,0.0,0.0,-0.181001,0.4973243,0.0,0.0,1.0,0.0,dark zone,1
S4|C00041,2.7511656284332275,8.671337127685547,1,0.22650643,3.4921284,0,0.0,3.1309018,1.182956,0.7505663,2.6940272,0.0,0.0,2.222214,0.0,0.0,0.0,-0.41067111,1.6919034,0.0,0.0,1.0,0.0,dark zone,1
S4|C00042,8.457877159118652,8.510143280029297,1,6.476616,13.161982,6,0.0,0.0,0.0,0.0,0.0,1.683092,4.227474,4.606125,0.0,2.6779704,3.5180976,1.7828302,-0.8779397,0.0,0.0,0.0,1.0,plasma cell,1
S4|C00043,2.8109421730041504,8.278243064880371,1,0.40229315,4.055098,0,0.0,2.840137,2.1633158,0.99735343,2.542674,0.0,1.2804706,2.4105272,0.0,0.0,0.0,-0.23977244,1.5003092,0.0,0.0,1.0,0.0,dark zone,1
S4|C00044,2.180647134780884,6.011662006378174,1,-2.1078277,5.4925714,2,0.0,1.2689294,0.0,1.0358151,0.0,0.0,0.10044506,2.3917227,0.0,0.0,0.0,-0.3777171,-0.35632926,1.0,0.0,0.0,0.0,light zone,1
S4|C00045,0.8593950867652893,4.5966339111328125,1,-4.658134,4.20124,1,0.0,0.15372519,1.3798863,0.35910207,1.7975696,0.0,0.0,1.5731719,0.0,0.0,0.0,-0.49266526,0.041219056,1.0,0.0,0.0,0.0,light zone,1
S4|C00046,8.923174858093262,8.247353553771973,1,7.0519977,12.697321,5,0.0,0.0,0.0,0.0,2.1159384,0.0,3.5512524,3.8371985,0.0,2.920811,3.538942,1.2326105,0.12962934,0.0,0.0,0.0,1.0,plasma cell,1
S4|C00047,7.704923152923584,7.4856061935424805,1,4.532616,11.777343,6,0.0,0.0,0.0,0.0,0.0,0.0,3.6927307,4.52708,0.0,2.3078554,2.7045197,1.1050771,-0.8779397,0.0,0.0,0.0,1.0,plasma cell,1
S4|C00048,-0.6162533164024353,4.570742607116699,1,-5.8477855,2.0934725,1,0.0,0.0,2.2797344,0.7172529,0.0,0.0,0.0,0.7046887,0.0,0.0,0.0,-0.60238165,-0.8779397,1.0,0.0,0.0,0.0,light zone,1
S4|C00049,10.317521095275879,7.603481769561768,1,8.5464115,12.156829,5,0.0,0.0,0.0,0.0,0.16327398,0.0,3.6235268,3.8702807,0.0,2.9901545,0.0,0.6961627,-0.8001918,0.0,0.0,0.0,1.0,plasma cell,1
S4|C00050,2.676279067993164,7.6079912185668945,1,0.22376518,4.694654,0,0.0,2.781149,1.4133471,0.009295069,2.394624,0.0,0.0,2.4872916,0.0,0.0,0.0,-0.3771836,1.4055626,0.0,0.0,1.0,0.0,dark zone,1
S4|C00051,2.0545175075531006,8.738542556762695,1,-0.3412663,3.1236434,0,0.0,0.3294449,1.7821275,0.71320623,0.71320623,0.0,2.2895465,2.6131794,0.0,0.0,0.0,-0.09824189,-0.40290195,0.0,0.0,1.0,0.0,dark zone,1
S4|C00052,0.8179895877838135,4.020888328552246,1,-5.241359,3.8071356,1,0.0,1.8300548,2.855473,0.60873735,0.0,0.0,0.0,2.4172916,0.0,0.0,0.0,-0.38602674,-0.12567112,1.0,0.0,0.0,0.0,light zone,1
S4|C00053,7.88477087020874,7.115349769592285,1,4.804781,11.927841,6,0.0,0.0,0.0,0.0,0.0,0.0,3.2659986,4.3271112,0.0,3.3145278,0.0,0.76512355,-0.8779397,0.0,0.0,0.0,1.0,plasma cell,1
S4|C00054,1.8788177967071533,3.921391010284424,1,-3.6571672,6.476119,2,0.0,0.0,0.0,0.0,0.0,0.0,0.0,1.798718,0.0,0.02429704,0.0,-0.4602525,-0.8779397,1.0,0.0,0.0,0.0,light zone,1
S4|C00055,0.35908591747283936,7.308323383331299,1,-3.2980351,2.6924608,2,0.0,0.0,2.437792,1.2250718,1.051016,0.0,2.1126924,1.862303,0.0,0.0,0.0,-0.21341904,-0.3774662,0.0,0.0,1.0,0.0,dark zone,1
S4|C00056,3.217278480529785,6.241426467895508,1,-0.16673143,6.678532,0,0.0,0.0,0.6955657,0.0,2.7481623,0.0,0.0,2.292696,0.0,0.0,0.0,-0.40176702,0.43068215,1.0,0.0,0.0,0.0,light zone,1
S4|C00057,-1.0387648344039917,5.814389705657959,1,-5.3723626,0.9712282,1,0.0,0.0,0.0,0.76019543,0.0,0.0,0.0,2.1543496,0.0,0.0,0.0,-0.4192445,-0.8779397,1.0,0.0,0.0,0.0,light zone,1
S4|C00058,0.19721698760986328,7.6452717781066895,1,-3.1839583,2.356236,2,0.0,1.1318543,0.5575564,0.0,0.0,0.0,0.0,2.3608398,0.0,0.0,0.0,-0.39315835,-0.4126758,1.0,0.0,0.0,0.0,light zone,1
S4|C00059,3.9601898193359375,7.08971643447876,1,1.0139623,8.003566,3,0.0,2.5419042,0.76913023,0.040806636,2.0644155,0.0,1.3236938,2.522705,0.0,0.0,0.0,-0.22063512,1.149979,1.0,0.0,0.0,0.0,light zone,1
S4|C00060,0.14518867433071136,4.952420234680176,1,-5.026526,3.13931,1,0.0,0.0,2.6819034,0.94390845,2.336615,0.0,0.0,0.0,0.0,0.0,0.0,-0.6914057,0.23471132,1.0,0.0,0.0,0.0,light zone,1
S4|C00061,8.88223934173584,8.916144371032715,1,7.6012716,13.295542,5,0.0,1.964873,0.010137818,0.0,2.1948087,0.6770133,3.1057687,3.2348895,0.0,1.8627038,2.3664546,0.91716903,0.9748733,0.0,0.0,0.0,1.0,plasma cell,1
S4|C00062,0.9483474493026733,5.792392730712891,1,-3.7034047,4.1853175,2,0.0,0.0,1.5984372,0.0,1.9262606,0.0,1.9352366,1.7383485,0.0,0.0,0.0,-0.24946564,0.0393084,1.0,0.0,0.0,0.0,light zone,1
S4|C00063,2.100257635116577,8.697957992553711,1,-0.23905537,3.348434,0,0.0,3.0355754,0.978248,1.0401679,2.808896,0.0,0.0,2.224265,0.0,0.0,0.0,-0.41041198,1.7074165,0.0,0.0,1.0,0.0,dark zone,1
S4|C00064,-0.20698729157447815,4.816905498504639,1,-5.354305,2.554053,1,0.0,0.0,1.412296,0.71516985,0.0,0.0,0.0,0.027839504,0.0,0.0,0.0,-0.6878887,-0.8779397,1.0,0.0,0.0,0.0,light zone,1
S4|C00065,2.8864073753356934,8.404950141906738,1,0.3440772,3.9142349,0,0.0,2.1572745,0.6068738,0.044129997,1.3920081,0.0,1.6214927,2.0898323,0.0,0.0,0.0,-0.24110729,0.6716843,0.0,0.0,1.0,0.0,dark zone,1
S4|C00066,2.5185325145721436,7.473250389099121,1,-0.1844388,4.7430243,0,0.0,3.223442,1.914338,0.54004997,2.1506665,0.0,0.0,2.3172848,0.0,0.0,0.0,-0.3986607,1.4712055,1.0,0.0,0.0,0.0,light zone,1
S4|C00067,9.129684448242188,9.001843452453613,1,8.110959,13.124459,5,0.0,0.07769901,0.0,0.0,0.0,2.2193043,3.3926153,4.1000886,0.0,2.2871978,3.308348,1.6598816,-0.84600055,0.0,0.0,0.0,1.0,plasma cell,1
S4|C00068,-1.828451156616211,5.312924385070801,1,-6.5505543,1.1242772,1,0.0,0.0,0.0,0.0,1.8673787,0.0,2.294296,0.49332952,0.0,0.0,0.0,-0.36549905,0.011269987,1.0,0.0,0.0,0.0,light zone,1
S4|C00069,9.922433853149414,9.007670402526855,1,8.814046,12.563181,5,0.0,0.0,0.0,0.0,0.0,0.0,3.265304,4.1658835,0.0,3.261811,0.86918384,0.8737397,-0.8779397,0.0,0.0,0.0,1.0,plasma cell,1
S4|C00070,-0.4189142882823944,6.813389778137207,1,-3.8600292,1.9142363,2,0.0,0.0,0.0,0.0,0.0,0.0,2.2283318,2.5765707,0.0,0.0,0.0,-0.10989944,-0.8779397,1.0,0.0,0.0,0.0,light zone,1
S4|C00071,2.7436060905456543,7.826684474945068,1,0.37158945,4.523595,0,0.0,2.7244642,1.6567001,0.7529014,1.383511,0.0,1.8479147,2.064092,0.0,0.0,0.0,-0.21834624,0.9007891,0.0,0.0,1.0,0.0,dark zone,1
S4|C00072,9.504773139953613,7.3527984619140625,1,7.6629033,12.194645,5,0.0,0.0,0.0,0.0,0.0,1.8074504,3.2612658,3.6558177,0.0,2.982471,0.9071354,1.2185229,-0.8779397,0.0,0.0,0.0,1.0,plasma cell,1
S4|C00073,8.450703620910645,9.242898941040039,1,7.3715982,13.575609,5,0.0,2.4820683,0.011334674,0.0,0.0,0.0,3.0831137,3.100715,0.0,1.9155645,1.3771982,0.58148813,0.14234781,0.0,0.0,0.0,1.0,plasma cell,1
S4|C00074,3.0818073749542236,7.043591499328613,1,0.37730053,5.8602386,0,0.0,2.7298973,0.5683466,0.549106,1.038528,0.0,1.9750348,2.107121,0.0,0.0,0.0,-0.19830595,0.73874825,1.0,0.0,0.0,0.0,light zone,1
S4|C00075,-0.4510417878627777,5.417645454406738,1,-5.022503,2.0512073,1,0.0,0.0,2.353417,0.61044663,0.0,0.0,0.8816312,2.2857606,0.0,0.01893892,0.0,-0.2983006,-0.8779397,1.0,0.0,0.0,0.0,light zone,1
S4|C00076,9.51266860961914,8.330008506774902,1,8.099184,12.540611,5,0.0,0.0,0.0,0.0,2.4383965,0.0,3.6519296,4.2085567,0.0,2.2943897,3.4527094,1.1763958,0.28317764,0.0,0.0,0.0,1.0,plasma cell,1
S4|C00077,-0.6629771590232849,6.025345325469971,1,-4.916452,1.4674476,1,0.0,0.0,0.54663277,0.0,0.0,0.0,0.0,2.064786,0.0,0.0,0.0,-0.43055916,-0.8779397,1.0,0.0,0.0,0.0,light zone,1
S4|C00078,-0.5292561650276184,5.66748046875,1,-5.2271233,1.954313,1,0.0,0.15232575,0.9518698,0.0,0.0,0.0,0.0,1.9558153,0.0,0.0,0.0,-0.44432554,-0.8153242,1.0,0.0,0.0,0.0,light zone,1
S4|C00079,-1.212856411933899,4.484392166137695,1,-6.610758,1.5363418,1,0.0,0.0,1.8125412,0.0,0.0,0.0,0.0,0.0,0.0,0.0,0.0,-0.6914057,-0.8779397,1.0,0.0,0.0,0.0,light zone,1
S4|C00080,1.7147949934005737,8.067634582519531,1,-0.77829033,3.4399772,0,0.0,1.949507,0.45475632,0.48052132,2.9332066,0.0,0.040304556,1.9840301,0.0,0.0,0.0,-0.43613064,1.3201678,0.0,0.0,1.0,0.0,dark zone,1
S4|C00081,6.9955010414123535,7.3209991455078125,1,3.423839,11.409492,7,0.0,0.0,0.0,0.0,0.0,0.0,3.8127317,4.8176746,0.0,2.211479,0.0,0.71197814,-0.8779397,0.0,0.0,0.0,1.0,plasma cell,1
S4|C00082,8.618762969970703,7.570574760437012,1,6.1822133,12.243636,6,0.0,0.0,0.0,0.0,0.0,0.0,3.240493,3.9948683,0.0,3.0294745,2.0826626,1.0038668,-0.8779397,0.0,0.0,0.0,1.0,plasma cell,1
S4|C00083,9.132881164550781,9.6582612991333,1,8.469222,12.753291,5,0.0,2.0608208,0.0,0.0,2.7759583,0.0,2.80788,3.4034128,0.0,2.0456343,3.037217,0.8718238,1.2910461,0.0,0.0,0.0,1.0,plasma cell,1
S4|C00084,7.289010047912598,8.418951988220215,1,4.5426855,12.406011,6,1.2210308,0.0,0.0,0.0,2.5224257,0.7014757,2.9965086,3.6887004,0.0,2.3676836,0.7014757,0.785958,0.32319072,0.0,0.0,0.0,1.0,plasma cell,1
S4|C00085,4.3303608894348145,6.210974216461182,1,0.43630156,8.679387,3,2.3476467,0.7320217,0.6149943,0.0,0.3377996,0.0,1.0978842,2.2139733,0.0,0.0,0.0,-0.28558,-0.4161787,1.0,0.0,0.0,0.0,light zone,1
S4|C00086,2.3542442321777344,8.015104293823242,1,-0.21418026,3.923159,0,0.0,2.4234288,1.5736084,0.0,0.0,0.0,2.223741,2.272641,0.0,0.0,0.0,-0.14882264,0.11824328,1.0,0.0,0.0,0.0,light zone,1
S4|C00087,3.893202066421509,7.494781017303467,1,1.2142633,8.134289,3,0.0,2.2378767,2.0261407,0.38856468,0.48077112,0.0,1.5450269,1.8596276,0.0,0.0,0.0,-0.27897418,0.2709035,1.0,0.0,0.0,0.0,light zone,1
S4|C00088,3.9927191734313965,5.36518669128418,1,-0.5106214,8.190278,3,1.9764833,1.7274617,2.1804342,0.17261086,1.9012077,0.0,0.0,2.027375,0.0,0.0,0.0,-0.4352853,0.73747504,1.0,0.0,0.0,0.0,light zone,1
S4|C00089,4.700882434844971,6.954263687133789,1,1.1192132,9.368856,3,0.0,2.7466965,1.1655612,0.19948366,1.2321213,0.0,2.8689284,3.6436267,0.0,1.8778418,1.5374644,0.64474845,0.8378392,1.0,0.0,0.0,0.0,light zone,1
S4|C00090,1.5593700408935547,5.051441192626953,1,-3.4304643,5.273591,2,0.0,1.9513992,1.3298647,0.0,0.0,0.0,0.0,1.1776991,0.0,0.0,0.0,-0.5426257,-0.07579085,1.0,0.0,0.0,0.0,light zone,1
S4|C00091,9.383833885192871,5.901089668273926,1,7.1714454,11.746334,5,0.0,0.0,0.0,0.0,0.0,0.0,3.9803045,3.9230423,0.0,2.4306989,1.935606,0.9599247,-0.8779397,0.0,0.0,0.0,1.0,plasma cell,1
S4|C00092,8.362266540527344,7.458144187927246,1,5.6291304,12.163911,6,0.0,0.0,0.0,0.0,0.0,0.8621331,3.0276353,4.227353,0.0,2.595522,0.37059236,0.8818517,-0.8779397,0.0,0.0,0.0,1.0,plasma cell,1
S4|C00093,-0.6421511173248291,5.561379432678223,1,-5.160671,1.5839943,1,0.0,0.0,1.131915,0.7658728,0.0,0.0,0.0,0.0,0.0,0.0,0.0,-0.6914057,-0.8779397,1.0,0.0,0.0,0.0,light zone,1
S4|C00094,2.0135610103607178,7.518334865570068,1,-0.95613986,4.3212304,0,0.0,2.6572096,1.5953412,1.3743219,2.294134,0.0,0.0,1.4641553,0.0,0.0,0.0,-0.5064374,1.3067644,1.0,0.0,0.0,0.0,light zone,1
S4|C00095,8.296375274658203,7.387048721313477,1,5.4804497,12.079737,6,0.0,0.0,0.0,0.0,2.0946946,0.025120951,3.6142523,4.2976527,0.0,3.003486,2.477663,1.14962,0.11951348,0.0,0.0,0.0,1.0,plasma cell,1
S4|C00096,2.0492172241210938,5.357553958892822,1,-2.780014,5.7866683,2,0.0,0.039034374,2.6590006,0.49280396,0.0,0.0,0.0,2.2349527,0.0,0.0,0.0,-0.40906182,-0.86189413,1.0,0.0,0.0,0.0,light zone,1
S4|C00097,2.4148619174957275,3.493133544921875,1,-3.3484745,7.390183,4,0.0,1.7932299,0.0,0.0,0.0,0.0,2.0638871,2.150558,0.0,0.0,0.0,-0.18261057,-0.14080846,1.0,0.0,0.0,0.0,light zone,1
S4|C00098,-0.6680139303207397,5.864865303039551,1,-4.90418,1.6975583,1,0.0,0.0,3.002084,0.4093723,0.0,0.0,2.0123174,2.267426,0.0,0.0,0.0,-0.17377119,-0.8779397,1.0,0.0,0.0,0.0,light zone,1
S4|C00099,-0.7247670888900757,5.505985260009766,1,-5.2981167,1.6093732,1,0.05033843,0.0,1.1367762,0.20189273,0.0,0.0,2.0515997,2.0625982,0.0,0.0,0.0,-0.19513428,-0.8779397,1.0,0.0,0.0,0.0,light zone,1
S4|C00100,8.815674781799316,9.261080741882324,1,7.9122577,13.328604,5,0.0,1.8778974,0.0,0.0,1.4232835,1.5411756,2.9983044,3.2412353,0.0,1.734395,1.9078854,1.026895,0.5717354,0.0,0.0,0.0,1.0,plasma cell,1
S4|C00101,8.650005340576172,9.123332977294922,1,7.5321407,13.450504,5,0.0,2.7657588,0.0,0.0,2.5355337,2.209579,3.0440454,3.5339408,0.0,2.409488,2.452295,1.4301362,1.4663348,0.0,0.0,0.0,1.0,plasma cell,1
S4|C00102,-0.9667579531669617,5.86400032043457,1,-5.1828833,1.1519411,1,0.0,0.0,1.0944828,0.91755015,0.0,0.0,0.0123462025,2.110804,0.0,0.0,0.0,-0.4233272,-0.8779397,1.0,0.0,0.0,0.0,light zone,1
S4|C00103,10.072019577026367,8.71799087524414,1,8.902096,12.370485,5,0.16108473,0.0,0.0,0.0,2.2112896,0.0,2.9224997,3.6012802,0.0,2.303817,0.32377848,0.52217406,0.17503378,0.0,0.0,0.0,1.0,plasma cell,1
S4|C00104,9.565794944763184,8.519742012023926,1,8.50813,12.675693,5,0.0,0.0,0.0,0.0,0.026658578,2.6728742,3.0021172,3.997344,0.0,2.4991028,3.3490753,1.7552751,-0.86524546,0.0,0.0,0.0,1.0,plasma cell,1
S4|C00105,3.384162664413452,7.336063861846924,1,0.75026554,6.0611515,0,0.0,2.8861868,1.2734143,0.63963884,2.5552146,0.0,2.1253731,2.061967,0.0,0.0,0.0,-0.18673845,1.5252101,1.0,0.0,0.0,0.0,light zone,1
