pooled_vdj_productive,X_legacy_0,X_legacy_1,n_cells,x,y,clone_cluster,marker:Myc,marker:Top2a,marker:Bcl6,marker:Aicda,marker:Mki67,marker:Prdm1,marker:Xbp1,marker:Jchain,marker:Mzb1,marker:Sdc1,marker:Irf4,marker:Plasma cell,marker:Cycling,gate:light zone,gate:Myc+ light zone,gate:dark zone,gate:plasma cell,dominant_gate,n_donors
IGHV1-12*01_IGHD1-1*01_IGHJ1*03,8.391475677490234,9.059070587158203,1,15.295221,5.587594,1,0.19955397,1.7804453,0.0,0.0,2.1266205,0.036148384,3.008227,3.6654441,0.0,2.4340405,2.1821113,0.86423206,0.86659193,0.0,0.0,0.0,1.0,plasma cell,1
IGHV1-12*01_IGHD1-1*01_IGHJ2*01,-0.2878621518611908,6.7844038009643555,1,-2.4019535,0.19853237,0,0.0,0.0,1.8957844,0.0,0.0,0.0,0.0,2.198263,0.0,0.0,0.0,-0.41369686,-0.8779397,1.0,0.0,0.0,0.0,light zone,1
IGHV1-12*01_IGHD2-13*01_IGHJ4*01,8.618762969970703,7.570574760437012,1,13.362236,6.5011954,1,0.0,0.0,0.0,0.0,0.0,0.0,3.240493,3.9948683,0.0,3.0294745,2.0826626,1.0038668,-0.8779397,0.0,0.0,0.0,1.0,plasma cell,1
IGHV1-12*01_IGHD2-4*01_IGHJ3*01,8.677329063415527,6.2369914054870605,1,12.691602,5.637752,1,0.0,0.0,0.9347224,0.0,0.83750665,0.0,3.6399503,3.995768,0.0,2.5852952,3.5124125,1.2045125,-0.47913522,0.0,0.0,0.0,1.0,plasma cell,1
IGHV1-15*01_IGHD2-10*01_IGHJ2*01,1.2610780149698257,7.807389974594116,2,0.49242064,1.1595147,3,0.0,1.4656146,0.9038191,0.35762343,1.1396817,0.0,0.68216854,2.2865624,0.0,0.0,0.0,-0.32416987,0.2672153,1.0,0.0,0.0,0.0,light zone,2
IGHV1-18*01_IGHD1-1*01_IGHJ1*03,4.512787342071533,5.274669170379639,1,4.082332,8.956992,5,0.0,1.6527514,1.5109903,0.0,0.0,0.0,0.0,1.3480908,0.0,0.0,0.0,-0.5211,-0.19855402,0.0,1.0,0.0,0.0,Myc+ light zone,1
IGHV1-18*01_IGHD2-4*01_IGHJ3*01,4.700882434844971,6.954263687133789,1,6.109261,7.0460525,4,0.0,2.7466965,1.1655612,0.19948366,1.2321213,0.0,2.8689284,3.6436267,0.0,1.8778418,1.5374644,0.64474845,0.8378392,1.0,0.0,0.0,0.0,light zone,1
IGHV1-20*01_IGHD2-4*01_IGHJ2*01,3.384162664413452,7.336063861846924,1,3.8330283,4.988272,3,0.0,2.8861868,1.2734143,0.63963884,2.5552146,0.0,2.1253731,2.061967,0.0,0.0,0.0,-0.18673845,1.5252101,1.0,0.0,0.0,0.0,light zone,1
IGHV1-22*01_IGHD1-1*01_IGHJ1*03,3.2276738037665686,6.630770842234294,3,3.242253,5.257494,3,0.0,0.55068064,1.1881273,0.57002133,1.2972866,0.0,1.7629291,2.559719,0.0,0.4863561,0.0,-0.087043464,-0.03383218,0.3333333333333333,0.0,0.3333333333333333,0.3333333333333333,light zone,3
IGHV1-22*01_IGHD1-1*01_IGHJ2*01,4.860304236412048,8.079575061798096,2,7.2666073,7.0059333,4,0.0,2.4931946,1.2054193,0.0,0.9763286,0.0,1.7224413,3.203554,0.0,0.94106895,0.9294219,0.21009198,0.61183023,0.0,0.0,0.5,0.5,dark zone,2
IGHV1-22*01_IGHD1-1*01_IGHJ3*01,5.082708576321602,5.794957566261291,10,6.3623757,8.536989,4,0.37347212,0.93627536,0.57003593,0.051267415,0.50895727,0.2117343,2.1426797,2.0966194,0.0,0.6563467,0.72234404,0.09239627,-0.2507155,0.1,0.6,0.0,0.3,Myc+ light zone,6
IGHV1-22*01_IGHD1-1*01_IGHJ4*01,-0.23386892676353455,3.3251287937164307,1,-5.8992133,2.3022196,0,0.0,0.0,1.2691069,0.6129371,0.0,2.2553892,1.9883616,0.0,0.0,0.0,0.0,0.09697827,-0.8779397,1.0,0.0,0.0,0.0,light zone,1
IGHV1-22*01_IGHD2-1*01_IGHJ4*01,2.570357859134674,6.871761639912923,3,2.1071203,4.0363965,3,0.0,1.7669917,1.3569832,0.73080474,1.1083006,0.0,0.7942535,1.4852504,0.0,0.0,0.0,-0.41252342,0.37615737,0.6666666666666666,0.0,0.3333333333333333,0.0,light zone,2
IGHV1-22*01_IGHD2-14*01_IGHJ1*03,2.535479784011841,4.3242692947387695,1,-0.852303,6.8065605,2,0.9212233,0.0,1.0943274,0.0,0.3142979,0.0,0.0,2.3324142,0.0,0.0,0.0,-0.3967494,-0.72827715,1.0,0.0,0.0,0.0,light zone,1
IGHV1-22*01_IGHD2-2*01_IGHJ3*01,0.007808336056768894,6.59548807144165,1,-2.272092,0.8908371,0,0.0,2.3538735,0.0,0.0,2.6693015,0.0,0.0,2.6183898,0.0,0.0,0.0,-0.3606218,1.3607216,1.0,0.0,0.0,0.0,light zone,1
IGHV1-22*01_IGHD2-3*01_IGHJ3*01,4.8507596254348755,7.234962821006775,4,6.695285,7.054088,4,0.27256817,2.2045348,1.1319214,0.29040045,1.436978,0.0,1.823885,2.7338018,0.0,0.81545275,0.21729596,0.029429585,0.7125251,0.5,0.0,0.25,0.25,light zone,3
IGHV1-22*01_IGHD2-5*01_IGHJ3*01,5.176792621612549,4.986483097076416,1,6.0526357,9.095848,4,0.0,2.8640783,0.0,0.0,2.4404585,0.0,1.3622519,1.0238017,0.0,0.0,0.0,-0.40556332,1.4614775,0.0,1.0,0.0,0.0,Myc+ light zone,1
IGHV1-22*01_IGHD3-1*01_IGHJ1*03,2.3616561889648438,6.145660400390625,1,0.71813464,4.557845,2,0.0,2.7417982,1.3068525,1.0971029,2.4366734,0.0,0.0,1.7781308,0.0,0.0,0.0,-0.4667726,1.4094102,1.0,0.0,0.0,0.0,light zone,1
IGHV1-22*01_IGHD3-2*02_IGHJ3*01,1.6329734325408936,8.697587013244629,1,1.811372,0.9652112,3,0.0,2.230599,1.5020974,0.48204863,2.339427,0.0,1.6691333,3.1495748,0.0,0.0,0.0,-0.10175567,1.1529679,0.0,0.0,1.0,0.0,dark zone,1
IGHV1-22*01_IGHD5-2*01_IGHJ1*03,1.0452581644058228,6.104888916015625,1,-1.0679969,2.901309,2,0.0,1.6696746,2.4328876,0.48102897,0.0,0.0,0.0,2.1297612,0.0,0.0,0.0,-0.42235076,-0.19159752,1.0,0.0,0.0,0.0,light zone,1
IGHV1-26*01_IGHD1-1*01_IGHJ1*03,5.16309118270874,2.773059844970703,1,1.5194967,10.656008,5,2.711799,0.0,0.0,0.0,0.0,0.0,1.7571597,0.0,0.0,0.0,0.0,-0.48953164,-0.8779397,0.0,1.0,0.0,0.0,Myc+ light zone,1
IGHV1-26*01_IGHD1-1*01_IGHJ3*01,0.8974227756261826,3.982693910598755,2,-3.3935962,3.6192021,0,0.0,1.5001456,0.84311926,0.20688872,0.95277804,0.0,1.6733359,0.42164734,0.0,0.0,0.0,-0.44589472,0.19240981,1.0,0.0,0.0,0.0,light zone,2
IGHV1-26*01_IGHD2-1*01_IGHJ1*03,-0.2114022821187973,3.97696852684021,1,-5.047806,2.3177474,0,0.0,0.0,0.0,0.0,0.0,0.0,0.0,0.0,0.0,0.0,0.0,-0.6914057,-0.8779397,0.0,0.0,1.0,0.0,dark zone,1
IGHV1-26*01_IGHD2-13*01_IGHJ2*01,4.3303608894348145,6.210974216461182,1,4.837259,7.7166724,4,2.3476467,0.7320217,0.6149943,0.0,0.3377996,0.0,1.0978842,2.2139733,0.0,0.0,0.0,-0.28558,-0.4161787,1.0,0.0,0.0,0.0,light zone,1
IGHV1-26*01_IGHD3-2*02_IGHJ2*01,-0.5454502105712891,7.087555408477783,1,-2.2902126,-0.3234112,0,0.0,0.0,2.2278504,0.8793545,0.0,0.0,0.0,2.7207236,0.0,0.0,0.0,-0.3476939,-0.8779397,0.0,0.0,1.0,0.0,dark zone,1
IGHV1-37*01_IGHD1-1*01_IGHJ2*01,3.560980796813965,4.429078102111816,1,0.7197793,7.792161,2,0.0,0.0,0.0,0.0,0.0,0.0,1.1149364,0.0,0.0,0.0,0.0,-0.5633145,-0.8779397,0.0,1.0,0.0,0.0,Myc+ light zone,1
IGHV1-39*01_IGHD1-1*01_IGHJ2*01,3.2317774295806885,3.2982728481292725,1,0.23615901,9.257146,5,1.3528109,0.0,0.0,0.0,0.0,0.0,0.0,0.0,0.0,0.0,0.0,-0.6914057,-0.8779397,0.0,1.0,0.0,0.0,Myc+ light zone,1
IGHV1-39*01_IGHD2-1*01_IGHJ4*01,-0.6629771590232849,6.025345325469971,1,-3.6419415,-0.4518002,0,0.0,0.0,0.54663277,0.0,0.0,0.0,0.0,2.064786,0.0,0.0,0.0,-0.43055916,-0.8779397,1.0,0.0,0.0,0.0,light zone,1
IGHV1-39*01_IGHD2-4*01_IGHJ3*01,6.170818328857422,5.506695747375488,1,7.77893,8.450637,4,2.308844,2.8182857,0.0,0.0,1.6615049,0.0,0.0,0.0,0.0,0.0,2.0384314,-0.3687787,1.0717311,1.0,0.0,0.0,0.0,light zone,1
IGHV1-4*01_IGHD2-13*01_IGHJ2*01,9.209274291992188,7.990644931793213,1,14.626715,4.9361825,1,0.0,0.0,0.0,0.0,0.0,2.4316528,3.5717342,4.3697214,0.0,2.4571736,2.5165691,1.6693449,-0.8779397,0.0,0.0,0.0,1.0,plasma cell,1
IGHV1-4*01_IGHD2-3*01_IGHJ4*01,0.6551126837730408,4.980519771575928,1,-2.9598825,2.9995618,0,0.0,3.330441,1.6342945,0.0,0.0,0.0,1.4314731,1.5457612,0.0,0.0,0.0,-0.33167103,0.49108285,1.0,0.0,0.0,0.0,light zone,1
IGHV1-5*01_IGHD1-1*02_IGHJ4*01,2.98671555519104,4.483020305633545,1,-0.038289726,7.377514,2,1.6745608,1.7117811,1.4128851,0.0,2.1231608,0.0,2.055178,0.2650925,0.0,0.0,0.13501011,-0.4004356,0.83671916,0.0,1.0,0.0,0.0,Myc+ light zone,1
IGHV1-5*01_IGHD2-4*01_IGHJ2*01,1.4504570960998535,5.074895143508911,2,-1.8765768,4.3793,2,0.0,1.5104742,0.25791132,0.55953985,1.2685009,0.0,1.9399927,1.0220639,0.0,0.0,0.0,-0.33940822,0.34699667,0.5,0.5,0.0,0.0,light zone,2
IGHV1-50*01_IGHD2-4*01_IGHJ2*01,0.5416498780250549,3.7626051902770996,1,-4.0398197,3.2230299,0,1.5761033,0.79455334,0.0,0.94984794,0.0,0.0,0.0,0.0,0.0,0.0,0.0,-0.6914057,-0.5513279,1.0,0.0,0.0,0.0,light zone,1
IGHV1-52*01_IGHD2-4*01_IGHJ2*01,-1.1226906776428223,5.30750036239624,1,-5.072408,0.44552484,0,0.0,0.0,2.0954304,0.0,0.0,0.0,0.0,1.7795095,0.0,0.0,0.0,-0.4665984,-0.8779397,1.0,0.0,0.0,0.0,light zone,1
IGHV1-53*01_IGHD1-1*01_IGHJ2*01,2.100257635116577,8.697957992553711,1,1.9945128,1.2511542,3,0.0,3.0355754,0.978248,1.0401679,2.808896,0.0,0.0,2.224265,0.0,0.0,0.0,-0.41041198,1.7074165,0.0,0.0,1.0,0.0,dark zone,1
IGHV1-53*01_IGHD1-1*01_IGHJ3*01,2.3378271386027336,5.195204734802246,2,-0.23006073,5.654243,2,0.6845313,1.0078045,1.3409517,0.47195423,2.2920184,0.0,0.8459321,0.88112026,0.0,0.0,0.0,-0.48290664,0.6277468,0.5,0.5,0.0,0.0,light zone,2
IGHV1-53*01_IGHD1-1*02_IGHJ4*01,4.626133024692535,6.263688027858734,4,5.6734896,7.7468596,4,0.4422858,1.1717632,0.45238107,0.0,0.582065,0.0,1.124807,1.9898667,0.0,0.0,0.58909136,-0.21756175,-0.11910257,0.25,0.5,0.0,0.25,Myc+ light zone,4
IGHV1-53*01_IGHD2-1*01_IGHJ2*01,-0.3694404065608978,3.4833052158355713,1,-5.5638647,2.1922421,0,0.0,0.0,0.028166907,0.0,0.0,0.0,0.0,0.028166907,0.0,0.0,0.0,-0.6878473,-0.8779397,0.0,0.0,1.0,0.0,dark zone,1
IGHV1-53*01_IGHD2-1*01_IGHJ4*01,3.9601898193359375,7.08971643447876,1,4.9269185,6.057264,4,0.0,2.5419042,0.76913023,0.040806636,2.0644155,0.0,1.3236938,2.522705,0.0,0.0,0.0,-0.22063512,1.149979,1.0,0.0,0.0,0.0,light zone,1
IGHV1-53*01_IGHD2-12*01_IGHJ4*01,4.7657790184021,3.10892915725708,1,1.5535028,10.378035,5,2.9122243,0.24527316,0.016218957,0.0,0.0,0.0,0.0,0.0,0.0,0.0,1.8244978,-0.40263844,-0.7771169,1.0,0.0,0.0,0.0,light zone,1
IGHV1-53*01_IGHD2-13*01_IGHJ4*01,5.426542282104492,5.119802474975586,1,6.743328,9.110176,4,1.6891513,0.0,0.7933898,0.0,0.5957526,0.0,0.0,0.0,0.0,0.0,0.052192636,-0.68314505,-0.59425384,1.0,0.0,0.0,0.0,light zone,1
IGHV1-53*01_IGHD2-2*01_IGHJ4*01,-1.0279109477996826,4.385263442993164,1,-5.617315,1.4146218,0,0.0,0.0,0.0,0.0,0.0,0.0,0.0,0.0,0.0,0.0,0.0,-0.6914057,-0.8779397,1.0,0.0,0.0,0.0,light zone,1
IGHV1-53*01_IGHD2-4*01_IGHJ2*01,3.1256956656773887,6.6134718259175616,3,2.8398871,4.8816104,3,0.0,1.8585901,1.4397264,0.6030541,2.0466444,0.0,1.2516392,1.4751998,0.0,0.0,0.5181363,-0.27923906,0.8606314,0.6666666666666666,0.3333333333333333,0.0,0.0,light zone,3
IGHV1-53*01_IGHD2-4*01_IGHJ3*01,8.878279368082682,7.537355740865071,3,13.774691,5.9206004,1,0.0,0.65495765,0.0033792725,0.0,1.4835495,1.1287597,3.3795588,3.9317296,0.0,2.1662529,1.7446297,1.0993594,0.0977271,0.0,0.0,0.0,1.0,plasma cell,2
IGHV1-53*01_IGHD2-5*01_IGHJ2*01,-0.20698729157447815,4.816905498504639,1,-4.0612597,1.3500178,0,0.0,0.0,1.412296,0.71516985,0.0,0.0,0.0,0.027839504,0.0,0.0,0.0,-0.6878887,-0.8779397,1.0,0.0,0.0,0.0,light zone,1
IGHV1-55*01_IGHD1-1*01_IGHJ1*03,3.893202066421509,7.494781017303467,1,5.11803,5.7343426,4,0.0,2.2378767,2.0261407,0.38856468,0.48077112,0.0,1.5450269,1.8596276,0.0,0.0,0.0,-0.27897418,0.2709035,1.0,0.0,0.0,0.0,light zone,1
IGHV1-55*01_IGHD1-2*01_IGHJ2*01,8.381624221801758,8.182060241699219,1,13.73389,6.9749117,1,1.0095023,1.7895441,0.6089905,0.0,1.3483726,0.72917783,2.7183394,3.3473384,0.0,2.2592413,2.172701,0.93311447,0.49974546,0.0,0.0,0.0,1.0,plasma cell,1
IGHV1-55*01_IGHD2-5*01_IGHJ4*01,2.3542442321777344,8.015104293823242,1,2.0481558,2.280822,3,0.0,2.4234288,1.5736084,0.0,0.0,0.0,2.223741,2.272641,0.0,0.0,0.0,-0.14882264,0.11824328,1.0,0.0,0.0,0.0,light zone,1
IGHV1-55*01_IGHD3-1*01_IGHJ2*01,1.8341041803359985,6.185694694519043,1,-0.14890568,3.93103,2,0.0,2.9772415,2.542218,0.6368172,2.1690824,0.0,0.0,1.7939118,0.0,0.0,0.0,-0.46477893,1.3787706,1.0,0.0,0.0,0.0,light zone,1
IGHV1-58*01_IGHD1-3*01_IGHJ3*01,10.030998229980469,6.065910816192627,1,14.327358,4.123249,1,0.0,0.0,0.0,0.0,1.3162932,0.0,3.7414765,3.9717717,0.0,2.3378103,2.6857717,1.0423893,-0.2511463,0.0,0.0,0.0,1.0,plasma cell,1
IGHV1-59*01_IGHD1-1*01_IGHJ1*03,5.523398399353027,6.391912937164307,1,7.3631625,8.087054,4,0.0,2.0983443,1.4441309,0.0,1.732063,0.0,1.3097653,1.9621013,0.0,0.0,0.0,-0.29305696,0.8093879,0.0,1.0,0.0,0.0,Myc+ light zone,1
IGHV1-62-2*01_IGHD1-1*01_IGHJ3*01,6.257221619288127,6.940733750661214,3,8.623929,7.6015363,4,0.4068619,0.8347849,0.9111288,0.3714814,1.1547203,0.0059347865,1.8331956,2.9086545,0.0,0.74146223,0.33947217,0.061463755,0.015065392,0.0,0.3333333333333333,0.3333333333333333,0.3333333333333333,Myc+ light zone,3
IGHV1-62-2*01_IGHD2-2*01_IGHJ3*01,4.338658809661865,4.4240403175354,1,2.7993581,9.176325,5,1.8149052,2.005609,1.64295,0.0,1.7767256,0.0,1.7228454,2.0618703,0.0,0.0,0.56535524,-0.14351566,0.7925353,0.0,1.0,0.0,0.0,Myc+ light zone,1
IGHV1-62-2*01_IGHD2-4*01_IGHJ3*01,6.9955010414123535,7.3209991455078125,1,9.863178,6.9654536,1,0.0,0.0,0.0,0.0,0.0,0.0,3.8127317,4.8176746,0.0,2.211479,0.0,0.71197814,-0.8779397,0.0,0.0,0.0,1.0,plasma cell,1
IGHV1-62-3*01_IGHD1-1*01_IGHJ2*01,3.261971950531006,4.619251728057861,1,0.48841226,7.3453627,2,1.8896253,2.8214598,0.8937763,0.0,0.0,0.0,0.0,1.9719608,0.0,0.0,0.0,-0.44228587,0.28185922,0.0,1.0,0.0,0.0,Myc+ light zone,1
IGHV1-62-3*01_IGHD2-12*01_IGHJ4*01,8.46927261352539,8.034149169921875,1,13.823883,6.7474585,1,0.0,0.0,0.0,0.0,0.0,0.0,2.3057392,3.6952412,0.0,0.19874443,2.5379038,0.47405514,-0.8779397,0.0,0.0,0.0,1.0,plasma cell,1
IGHV1-64*01_IGHD1-1*01_IGHJ1*03,2.1520445346832275,5.680712699890137,1,-0.24600375,4.867717,2,0.0,2.3841097,0.60728437,0.4796987,1.717922,0.0,1.9801482,1.3387085,0.0,0.0,0.0,-0.29479283,0.9201219,1.0,0.0,0.0,0.0,light zone,1
IGHV1-64*01_IGHD1-1*01_IGHJ2*01,-0.7247670888900757,5.505985260009766,1,-4.024065,-0.19543026,0,0.05033843,0.0,1.1367762,0.20189273,0.0,0.0,2.0515997,2.0625982,0.0,0.0,0.0,-0.19513428,-0.8779397,1.0,0.0,0.0,0.0,light zone,1
IGHV1-64*01_IGHD1-1*01_IGHJ3*01,1.0238362948099773,7.25744088490804,3,-0.37464625,1.5653149,2,0.0,0.8189729,2.4459007,0.76423055,1.6811515,0.0,0.6707725,2.3949444,0.0,0.0,0.0,-0.31178713,0.2592421,0.3333333333333333,0.0,0.6666666666666666,0.0,dark zone,3
IGHV1-64*01_IGHD1-1*02_IGHJ2*01,8.815674781799316,9.261080741882324,1,15.40085,4.761692,1,0.0,1.8778974,0.0,0.0,1.4232835,1.5411756,2.9983044,3.2412353,0.0,1.734395,1.9078854,1.026895,0.5717354,0.0,0.0,0.0,1.0,plasma cell,1
IGHV1-64*01_IGHD1-1*02_IGHJ4*01,8.21351408958435,8.861077785491943,2,15.279118,6.2206416,1,0.2296088,0.10719743,0.0,0.0,1.0299112,1.1636701,2.9305172,3.362544,0.0,1.5033536,0.43247616,0.6699233,-0.34345096,0.0,0.0,0.0,1.0,plasma cell,1
IGHV1-64*01_IGHD2-1*01_IGHJ4*01,4.433978080749512,3.6438891887664795,1,2.0888255,9.728943,5,0.0,0.0,2.1860218,0.0,0.0,0.0,1.9191128,1.8244702,0.0,0.0,0.0,-0.24043821,-0.8779397,0.0,1.0,0.0,0.0,Myc+ light zone,1
IGHV1-64*01_IGHD2-12*01_IGHJ4*01,1.5503637790679932,8.180606842041016,1,1.2172464,1.0376512,3,0.0,0.0,2.1068914,0.8069549,2.3950984,0.0,0.0,2.9154117,0.0,0.0,0.0,-0.32309872,0.26255998,1.0,0.0,0.0,0.0,light zone,1
IGHV1-64*01_IGHD2-13*01_IGHJ2*01,7.569605708122253,7.2220460176467896,4,10.411397,6.663245,1,1.0167773,1.9596643,0.38705638,0.04888297,1.5243485,0.77407736,2.071842,2.646982,0.0,1.4420624,1.8748109,0.60254544,0.65347195,0.0,0.5,0.0,0.5,Myc+ light zone,4
IGHV1-66*01_IGHD2-1*01_IGHJ2*01,9.158241271972656,8.621747016906738,1,14.996306,4.5703945,1,0.0,0.0,0.0,0.0,2.1158097,2.0594559,3.449378,4.117302,0.0,3.2832417,0.5465925,1.3524531,0.12956807,0.0,0.0,0.0,1.0,plasma cell,1
IGHV1-66*01_IGHD2-1*01_IGHJ4*01,4.0665364265441895,2.6201815605163574,1,0.8051488,10.604152,5,1.932063,0.0,0.0,0.0,0.0,0.0,1.5932864,0.0,0.0,0.0,0.0,-0.5083585,-0.8779397,0.0,1.0,0.0,0.0,Myc+ light zone,1
IGHV1-66*01_IGHD2-13*01_IGHJ2*01,3.830468734105428,5.649027665456136,3,2.9658968,7.46347,3,0.7814563,0.0,0.9226474,0.35692468,0.0,0.0,1.2251468,1.2273476,0.0,0.0,1.0934607,-0.22253631,-0.8779397,0.6666666666666666,0.0,0.0,0.3333333333333333,light zone,3
IGHV1-69*02_IGHD2-3*01_IGHJ2*01,1.030372142791748,6.711501598358154,1,-0.6768052,2.3009996,2,0.0,3.6144984,1.8932863,0.63858217,2.9039364,0.0,0.32277983,2.059577,0.0,0.0,0.0,-0.39413413,1.9906468,1.0,0.0,0.0,0.0,light zone,1
IGHV1-7*01_IGHD1-1*01_IGHJ3*01,1.7842267751693726,5.4503912925720215,1,-1.0201024,4.481056,2,0.0,2.6882665,0.0,0.0,2.1140993,0.0,0.0,2.410064,0.0,0.0,0.0,-0.38693985,1.2338016,1.0,0.0,0.0,0.0,light zone,1
IGHV1-7*01_IGHD1-1*02_IGHJ1*03,0.016160139814019203,4.459249496459961,1,-4.141551,2.2655015,0,0.0,0.0,0.0,0.6501287,0.0,0.0,0.0,2.3491259,0.0,0.0,0.0,-0.3946382,-0.8779397,1.0,0.0,0.0,0.0,light zone,1
IGHV1-7*01_IGHD2-13*01_IGHJ4*01,9.565794944763184,8.519742012023926,1,14.636662,4.057688,1,0.0,0.0,0.0,0.0,0.026658578,2.6728742,3.0021172,3.997344,0.0,2.4991028,3.3490753,1.7552751,-0.86524546,0.0,0.0,0.0,1.0,plasma cell,1
IGHV1-72*01_IGHD1-1*01_IGHJ1*03,4.358191719278693,6.080800348520279,40,5.015709,8.020811,4,0.31051356,1.1154516,0.9115464,0.20817232,0.82621133,0.4400723,1.6261219,2.2331612,0.0,0.6806234,0.77300483,0.11892416,-0.025992433,0.45,0.15,0.075,0.325,light zone,11
IGHV1-72*01_IGHD1-1*01_IGHJ2*01,4.081588529708615,6.371348420986955,191,4.460554,6.9187126,4,0.4499024,1.0723586,0.88431734,0.27974507,1.0460724,0.24456646,1.5378122,2.2614067,0.0,0.5605746,0.70996803,0.034466542,0.06098721,0.39267015706806285,0.18848167539267016,0.12041884816753927,0.29842931937172773,light zone,11
IGHV1-72*01_IGHD1-1*01_IGHJ2*02,5.218066692352295,3.669861316680908,1,2.0765383,10.29321,5,1.8077575,2.7822645,0.94456255,0.0,1.3940425,0.0,1.6177003,1.8958306,0.0,0.0,0.39388686,-0.20371008,0.92956364,1.0,0.0,0.0,0.0,light zone,1
IGHV1-72*01_IGHD1-1*01_IGHJ2*03,5.352156162261963,5.741365909576416,1,6.8947177,8.779339,4,0.0,1.9701865,0.5748685,0.0,1.5610107,0.0,1.4838098,2.5406551,0.0,0.0,0.0,-0.19997229,0.67525506,0.0,1.0,0.0,0.0,Myc+ light zone,1
IGHV1-72*01_IGHD1-1*01_IGHJ3*01,3.6722273286935447,6.653317908982973,37,4.132672,6.0112796,3,0.35053295,1.0543842,0.79786664,0.3816958,1.1048634,0.1513951,1.345021,2.275315,0.0,0.4969746,0.7279463,-0.01647104,0.08159377,0.43243243243243246,0.08108108108108109,0.24324324324324326,0.24324324324324326,light zone,9
IGHV1-72*01_IGHD1-1*01_IGHJ4*01,4.093521574512124,6.386716201901436,16,4.7551146,7.1289153,4,0.49215546,1.2082679,0.8083949,0.32635137,0.6655721,0.03821758,1.5736626,2.631793,0.0,0.83488923,0.53294003,0.05037675,-0.06433238,0.5625,0.0625,0.0625,0.3125,light zone,5
IGHV1-72*01_IGHD1-1*02_IGHJ1*03,3.4919197352036186,5.792970429296079,23,2.6496248,7.120345,3,0.51104164,1.1236328,0.87473595,0.57116395,1.0646869,0.13829102,1.2470762,2.0187483,0.0,0.59818506,0.7080086,-0.050218794,0.09092802,0.34782608695652173,0.2608695652173913,0.17391304347826086,0.21739130434782608,light zone,5
IGHV1-72*01_IGHD1-1*02_IGHJ2*01,4.084057420026511,6.9262445867061615,8,5.2700453,6.315533,4,0.0011467582,1.4349859,1.0519156,0.3954361,0.81363946,0.3277971,1.7493726,2.722516,0.0,0.84216547,0.6448912,0.17281128,0.09936997,0.125,0.125,0.375,0.375,dark zone,4
IGHV1-72*01_IGHD1-1*02_IGHJ4*01,4.497127221690284,6.319548765818278,18,5.450606,7.409138,4,0.41935012,0.902318,0.51120913,0.40296566,0.751502,0.4023093,1.9905292,2.27932,0.0,0.9129102,1.0700831,0.24173456,-0.14917901,0.2777777777777778,0.2777777777777778,0.1111111111111111,0.3333333333333333,plasma cell,9
IGHV1-72*01_IGHD1-2*01_IGHJ1*03,8.690876007080078,7.9077348709106445,3,14.40026,6.329834,1,0.0,0.0,0.021483505,0.0,0.0,0.60900414,3.7210977,4.5743113,0.0,2.4174006,0.62524134,0.95407957,-0.8779397,0.0,0.0,0.0,1.0,plasma cell,2
IGHV1-72*01_IGHD1-2*01_IGHJ2*01,2.024617910385132,3.7304317951202393,1,-1.9186559,6.457159,2,2.2993305,0.29632267,2.1674187,0.6607108,0.0,0.0,0.0,2.2943747,0.0,0.0,0.0,-0.40155497,-0.7561323,0.0,1.0,0.0,0.0,Myc+ light zone,1
IGHV1-72*01_IGHD1-2*01_IGHJ4*01,3.3476693630218506,5.618208726247151,3,2.1867135,7.002694,3,1.364386,2.3891287,0.68374443,0.2875988,1.5136577,0.0,0.47364393,1.1294036,0.0,0.0,0.61818665,-0.39646992,0.8249183,0.3333333333333333,0.6666666666666666,0.0,0.0,Myc+ light zone,3
IGHV1-72*01_IGHD1-3*01_IGHJ1*03,6.625862121582031,6.783017635345459,1,9.06352,7.3345056,4,0.0,2.7805207,0.0,0.0,1.9703686,2.504246,3.1974373,4.6801085,0.0,2.7631278,0.0,1.3346276,1.2032822,0.0,0.0,0.0,1.0,plasma cell,1
IGHV1-72*01_IGHD2-1*01_IGHJ1*03,0.9012810712059339,5.808233737945557,3,-1.4697905,3.124741,2,0.0,1.1862907,1.4960204,0.8481032,1.0374136,0.0,1.2444845,1.548657,0.0,0.0,0.0,-0.3527877,0.10369734,0.6666666666666666,0.0,0.3333333333333333,0.0,light zone,2
IGHV1-72*01_IGHD2-1*01_IGHJ2*01,5.739493561287721,7.615162531534831,3,8.068881,7.2189527,4,0.0,0.4638543,0.33274356,0.23470788,0.8850023,0.0,2.0951068,3.502581,0.0,0.78369874,1.0305104,0.28129697,-0.26584515,0.3333333333333333,0.0,0.0,0.6666666666666666,plasma cell,1
IGHV1-72*01_IGHD2-1*01_IGHJ3*01,3.0948599066053117,6.531811526843479,14,2.5517552,5.206315,3,0.4355826,1.0473002,1.3476522,0.3875363,1.1060051,0.39968586,0.84990776,2.2361228,0.0,0.17069806,0.51282066,-0.10334027,0.07922546,0.5714285714285714,0.07142857142857142,0.14285714285714285,0.21428571428571427,light zone,4
IGHV1-72*01_IGHD2-1*01_IGHJ4*01,3.58452445268631,6.540180651346843,15,3.5553133,6.08381,3,0.456553,0.540488,0.89778894,0.28455725,0.8000615,0.38457972,1.2783455,2.5094976,0.0,0.7292203,0.8109472,0.11394627,-0.27479097,0.4666666666666667,0.13333333333333333,0.13333333333333333,0.26666666666666666,light zone,8
IGHV1-72*01_IGHD2-10*02_IGHJ1*03,7.947985649108887,9.071135520935059,1,14.982935,6.4027224,1,0.0,3.0416837,0.0,0.0,2.4048462,0.95449847,3.5793223,3.4163527,0.0,2.140963,2.8686159,1.1877537,1.5175266,0.0,0.0,0.0,1.0,plasma cell,1
IGHV1-72*01_IGHD2-10*02_IGHJ4*01,8.672699928283691,8.107032775878906,1,14.310231,6.1606574,1,0.024079215,0.114985615,0.0,0.0,0.0,1.5380963,3.9602897,4.459806,0.0,2.880114,0.46053082,1.2463311,-0.83067334,0.0,0.0,0.0,1.0,plasma cell,1
IGHV1-72*01_IGHD2-12*01_IGHJ2*01,7.210445404052734,8.365784645080566,1,11.185041,6.70633,1,0.0,1.7044032,0.0,0.07647184,1.6927724,1.3174344,2.6009898,3.12288,0.0,1.2049136,1.6355994,0.78224325,0.62874365,1.0,0.0,0.0,0.0,light zone,1
IGHV1-72*01_IGHD2-12*01_IGHJ4*01,5.762176717028899,6.907470647026511,17,8.132863,7.705025,4,0.4965929,1.0014213,0.5908819,0.10548444,0.7427921,0.25944787,2.0872471,3.0192242,0.0,1.1367487,1.0924622,0.35049966,-0.11258875,0.29411764705882354,0.11764705882352941,0.058823529411764705,0.5294117647058824,plasma cell,6
IGHV1-72*01_IGHD2-13*01_IGHJ2*01,2.2627265006303787,5.68028636412187,11,0.12080197,5.0078316,2,0.25329491,0.56686777,1.0988616,0.3754849,0.5953993,0.0,0.7963354,1.6494317,0.0,0.23409666,0.45674115,-0.28149185,-0.3614034,0.45454545454545453,0.2727272727272727,0.18181818181818182,0.09090909090909091,light zone,8
IGHV1-72*01_IGHD2-2*01_IGHJ1*03,8.703024864196777,7.479071617126465,1,13.417623,6.235408,1,0.0,0.0,0.0,0.0,0.0,0.0,3.9208302,4.093359,0.0,2.6217153,0.0,0.69906825,-0.8779397,0.0,0.0,0.0,1.0,plasma cell,1
IGHV1-72*01_IGHD2-2*01_IGHJ2*01,-0.5492531061172485,6.1726460456848145,2,-3.3853707,0.045136433,0,0.0,0.0,1.6755859,0.71724665,0.0,0.0,0.9816483,2.0843248,0.0,0.0,0.0,-0.31531256,-0.8779397,0.0,0.0,1.0,0.0,dark zone,1
IGHV1-72*01_IGHD2-3*01_IGHJ1*03,4.864466303243087,6.88391714829665,13,6.5859184,7.4067483,4,0.032403078,0.68499506,1.1066017,0.34874508,0.9231113,0.5916343,2.1533232,2.8389285,0.0,0.8993441,0.760959,0.32702315,-0.15679547,0.46153846153846156,0.0,0.07692307692307693,0.46153846153846156,light zone,3
IGHV1-72*01_IGHD2-3*01_IGHJ3*01,2.2436413913965225,6.112296551465988,8,0.33744648,4.661426,2,0.66495764,1.4268757,1.2293086,0.57609963,1.2307723,0.0,0.7554765,1.1016809,0.0,0.0,0.19151703,-0.4351233,0.2946667,0.625,0.25,0.125,0.0,light zone,4
IGHV1-72*01_IGHD2-4*01_IGHJ2*01,4.8086124658584595,6.232267697652181,9,5.9683485,8.038847,4,0.08536743,0.57153773,0.85202855,0.13139135,0.4165083,0.63843274,2.3637757,2.9820755,0.0,0.8266351,0.82378346,0.37911874,-0.44466823,0.3333333333333333,0.2222222222222222,0.0,0.4444444444444444,plasma cell,5
IGHV1-72*01_IGHD2-4*01_IGHJ4*01,2.5502939224243164,4.255046367645264,1,-0.82105255,6.981724,2,0.0,0.01842786,0.0,0.0,0.0,0.0,0.0,0.122386545,0.0,0.0,0.0,-0.6759445,-0.8703647,0.0,1.0,0.0,0.0,Myc+ light zone,1
IGHV1-72*01_IGHD2-5*01_IGHJ1*03,7.88477087020874,7.115349769592285,1,11.253956,6.1757746,1,0.0,0.0,0.0,0.0,0.0,0.0,3.2659986,4.3271112,0.0,3.3145278,0.0,0.76512355,-0.8779397,0.0,0.0,0.0,1.0,plasma cell,1
IGHV1-72*01_IGHD2-5*01_IGHJ2*01,9.371923446655273,6.7464375495910645,1,13.916997,5.3057737,1,0.0,0.0,0.0,0.0,0.0,0.0,3.697079,3.9243793,0.0,0.2377001,2.6907187,0.6933189,-0.8779397,0.0,0.0,0.0,1.0,plasma cell,1
IGHV1-72*01_IGHD2-5*01_IGHJ4*01,5.319349074363709,7.149554300308227,5,7.471151,7.2542276,4,0.6317847,1.783694,0.6622268,0.17341313,1.5419086,0.0,1.3051647,2.6314855,0.0,1.0175191,1.338215,0.16691516,0.5894989,0.2,0.2,0.2,0.4,plasma cell,2
IGHV1-72*01_IGHD3-2*02_IGHJ2*01,3.0600492358207703,6.642350355784099,3,2.6570706,4.7951374,3,0.0,0.0,1.7764121,0.4896945,0.47501215,0.0,2.9226646,2.7881157,0.0,0.7988128,0.8022973,0.25243142,-0.6517481,0.3333333333333333,0.0,0.3333333333333333,0.3333333333333333,light zone,2
IGHV1-72*01_IGHD4-1*01_IGHJ1*03,3.3958446979522705,6.471606254577637,1,3.2124515,5.7438593,3,0.0,2.3208947,1.5620929,0.5971927,1.752722,0.0,0.55270344,1.9713398,0.0,0.0,0.0,-0.3788661,0.9107076,1.0,0.0,0.0,0.0,light zone,1
IGHV1-72*01_IGHD4-1*01_IGHJ3*01,3.1466798782348633,6.272927761077881,1,2.4250634,5.814488,3,0.0,3.2894697,1.3282418,0.74877304,2.3183608,0.0,2.122034,1.1280117,0.0,0.0,0.0,-0.3051096,1.5781999,1.0,0.0,0.0,0.0,light zone,1
IGHV1-72*01_IGHD5-1-1*01_IGHJ1*03,7.779496669769287,7.095290660858154,1,10.759154,6.2461386,1,0.0,2.284924,0.0,0.0,0.0,0.0,3.5885859,4.9891806,0.0,0.9913447,2.284924,0.8727152,0.06130904,0.0,0.0,0.0,1.0,plasma cell,1
IGHV1-72*01_IGHD5-1-1*01_IGHJ4*01,1.32534721493721,6.45217752456665,2,-0.57183456,2.8792098,2,0.0,1.487796,1.4812462,0.0,0.0,0.0,0.0,1.9832842,0.0,0.0,0.0,-0.44085535,-0.26636118,1.0,0.0,0.0,0.0,light zone,1
IGHV1-72*01_IGHD5-5*01_IGHJ4*01,4.064135551452637,2.8174185752868652,1,0.7575799,10.255804,5,2.9234657,0.0,0.0,0.0,0.0,0.0,0.0,0.8979281,0.0,0.0,1.0360773,-0.4139873,-0.8779397,0.0,1.0,0.0,0.0,Myc+ light zone,1
IGHV1-72*01_IGHD6-5*01_IGHJ4*01,-1.2755099534988403,5.2670111656188965,1,-5.369134,0.65761083,0,0.0,0.0,0.68768626,0.0,2.4278488,0.0,0.0,0.0,0.0,0.0,0.0,-0.6914057,0.27815506,1.0,0.0,0.0,0.0,light zone,1
IGHV1-72*04_IGHD1-1*01_IGHJ2*01,0.20994406938552856,5.5664167404174805,1,-2.9543495,1.9537541,0,0.0,0.0,1.0382093,0.3023704,0.057177488,0.0,2.3637514,2.159788,0.0,0.0,0.0,-0.14699416,-0.8507129,0.0,0.0,1.0,0.0,dark zone,1
IGHV1-74*01_IGHD1-1*01_IGHJ4*01,4.580486297607422,4.532713890075684,1,3.3909557,9.4535265,5,0.0,2.6451867,1.0770774,0.53050476,1.6793417,0.0,0.0,1.588316,0.0,0.0,0.0,-0.4907521,1.0090699,0.0,1.0,0.0,0.0,Myc+ light zone,1
IGHV1-74*01_IGHD1-2*01_IGHJ3*01,4.527465343475342,8.156432151794434,1,6.8557453,6.515905,4,0.0,0.0,0.0,0.0,0.0,3.071682,3.635433,4.0535526,0.0,0.0,0.0,1.000956,-0.8779397,0.0,0.0,0.0,1.0,plasma cell,1
IGHV1-74*01_IGHD2-12*01_IGHJ4*01,1.9474471807479858,6.154522895812988,1,-0.008392175,4.2012124,2,0.45532316,2.2736008,1.6418918,1.0723628,1.6784339,0.0,1.5094347,1.8434497,0.0,0.0,0.0,-0.28510702,0.8558923,1.0,0.0,0.0,0.0,light zone,1
IGHV1-74*01_IGHD2-13*01_IGHJ3*01,6.0534374713897705,5.071963548660278,4,7.4289365,8.900946,4,1.1697984,1.6511989,0.63378096,0.07336214,0.12980752,0.72708404,1.5273894,2.1381512,0.0,0.8569439,0.38880438,0.13446885,-0.13738038,0.0,0.75,0.0,0.25,Myc+ light zone,3
IGHV1-74*01_IGHD2-4*01_IGHJ3*01,10.020987510681152,7.397328853607178,1,14.775702,3.5428882,1,0.0,0.0,0.0,0.0,0.0,1.5533894,3.509574,3.8467968,0.0,2.0072675,2.5151067,1.3052894,-0.8779397,0.0,0.0,0.0,1.0,plasma cell,1
IGHV1-74*01_IGHD2-4*01_IGHJ4*01,-0.5292561650276184,5.66748046875,1,-3.6835165,0.37982327,0,0.0,0.15232575,0.9518698,0.0,0.0,0.0,0.0,1.9558153,0.0,0.0,0.0,-0.44432554,-0.8153242,1.0,0.0,0.0,0.0,light zone,1
IGHV1-75*01_IGHD1-1*01_IGHJ1*03,1.1946016550064087,4.371675372123718,2,-2.9738183,4.301782,0,1.1836323,1.6292123,1.413012,0.0,0.7438906,0.0,0.6553654,0.93533134,0.0,0.0,1.0556282,-0.33087507,0.14599621,0.5,0.5,0.0,0.0,light zone,2
IGHV1-75*01_IGHD1-1*01_IGHJ3*01,4.471653858820598,5.381786028544108,3,4.3351026,8.725593,5,0.5287067,0.89900255,0.8477847,0.44242895,0.6469641,0.0,0.5992535,1.8985287,0.0,0.0,0.0,-0.38271642,-0.20032084,0.0,1.0,0.0,0.0,Myc+ light zone,2
IGHV1-75*01_IGHD2-1*01_IGHJ3*01,1.8645321130752563,5.63815712928772,2,-0.6003779,4.381755,2,0.60022324,1.0828822,0.9672527,0.27701917,0.76133937,0.0,1.4917675,1.9282566,0.0,0.0,0.0,-0.27642298,-0.07027137,0.5,0.5,0.0,0.0,light zone,2
IGHV1-75*01_IGHD2-3*01_IGHJ1*03,2.0492172241210938,5.357553958892822,1,-0.72665185,5.1296177,2,0.0,0.039034374,2.6590006,0.49280396,0.0,0.0,0.0,2.2349527,0.0,0.0,0.0,-0.40906182,-0.86189413,1.0,0.0,0.0,0.0,light zone,1
IGHV1-75*01_IGHD4-1*01_IGHJ4*01,0.9816030263900757,6.060039043426514,1,-1.0239204,2.7438545,2,0.0,0.0,1.3101712,0.0,0.0,0.0,0.0,2.564776,0.0,0.0,0.7171486,-0.25389025,-0.8779397,1.0,0.0,0.0,0.0,light zone,1
IGHV1-76*01_IGHD1-1*02_IGHJ4*01,7.732713222503662,7.329270998636882,3,11.006275,6.6887193,1,0.55834925,1.1081986,0.39931712,0.0,1.4542893,0.0,1.805653,3.2422316,0.0,1.2293006,0.0,0.123930655,0.27010474,0.0,0.3333333333333333,0.0,0.6666666666666666,plasma cell,2
IGHV1-76*01_IGHD1-3*01_IGHJ3*01,1.410474419593811,4.602620601654053,1,-2.6017694,4.9555697,2,0.0,0.0,2.344809,1.3748232,0.0,0.0,0.0,2.5374253,0.0,0.0,0.0,-0.37085018,-0.8779397,1.0,0.0,0.0,0.0,light zone,1
IGHV1-76*01_IGHD2-10*02_IGHJ3*01,2.3544559478759766,5.510578632354736,1,-0.06420058,5.4011545,2,0.0,1.4456826,1.8504763,1.620563,0.0,0.0,0.0,1.7883852,0.0,0.0,2.0790026,-0.13642885,-0.28367245,0.0,1.0,0.0,0.0,Myc+ light zone,1
IGHV1-76*01_IGHD2-4*01_IGHJ2*01,4.275951862335205,4.766542434692383,1,3.5234292,9.151742,5,0.0,2.794021,0.0,0.0,2.0213125,0.0,0.9624467,2.3177047,0.0,0.0,0.0,-0.28803548,1.2330902,0.0,1.0,0.0,0.0,Myc+ light zone,1
IGHV1-78*01_IGHD1-1*01_IGHJ3*01,-1.1208387613296509,5.58653450012207,1,-5.124909,-0.0013248073,0,0.0,0.0,1.2175442,0.9123098,0.0,0.0,0.0,0.0,0.0,0.0,0.0,-0.6914057,-0.8779397,0.0,0.0,1.0,0.0,dark zone,1
IGHV1-78*01_IGHD1-1*02_IGHJ1*03,4.359072208404541,3.055938959121704,1,1.1806805,9.978655,5,2.5124872,2.1697297,0.45218986,0.0,1.0215144,0.0,0.0,1.4857036,0.0,0.0,1.3373758,-0.29204586,0.5003823,0.0,1.0,0.0,0.0,Myc+ light zone,1
IGHV1-80*01_IGHD1-1*01_IGHJ2*01,0.02481255494058132,6.372039318084717,1,-2.5168142,1.2390395,0,0.0,0.30582175,2.5297127,1.4985492,0.0,0.0,0.0,2.5902815,0.0,0.0,0.0,-0.3641728,-0.75222754,0.0,0.0,1.0,0.0,dark zone,1
IGHV1-80*01_IGHD2-5*01_IGHJ3*01,4.208049535751343,5.404533386230469,2,3.7980092,8.34105,5,0.8969477,0.0,0.5894873,0.0,0.0,0.0,0.0068574823,1.499157,0.0,0.0,1.3827375,-0.28237894,-0.8779397,0.5,0.5,0.0,0.0,light zone,2
IGHV1-81*01_IGHD1-1*01_IGHJ2*01,1.7425890763600667,4.6320756276448565,3,-2.1120918,5.1987686,2,0.6160802,0.9761967,0.0,0.0,1.2721084,0.0,1.2473832,0.8447979,0.0,0.0,0.103134744,-0.42505053,0.12909251,0.3333333333333333,0.6666666666666666,0.0,0.0,Myc+ light zone,3
IGHV1-81*01_IGHD1-1*01_IGHJ3*01,3.3181328773498535,3.381380081176758,1,0.45106506,9.3394785,5,1.6278849,3.3197498,0.6431234,0.0,2.352096,0.0,0.062465858,1.2838612,0.0,0.0,0.5729535,-0.4313551,1.6067109,1.0,0.0,0.0,0.0,light zone,1
IGHV1-81*01_IGHD1-1*02_IGHJ4*01,2.5185325145721436,7.473250389099121,1,2.1779633,3.1700616,3,0.0,3.223442,1.914338,0.54004997,2.1506665,0.0,0.0,2.3172848,0.0,0.0,0.0,-0.3986607,1.4712055,1.0,0.0,0.0,0.0,light zone,1
IGHV1-81*01_IGHD2-1*01_IGHJ3*01,3.7385995388031006,2.4434211254119873,1,0.5339558,10.625326,5,0.6493639,0.0,0.0,0.0,0.0,0.0,0.0,0.0,0.0,0.0,1.8776593,-0.39422444,-0.8779397,0.0,1.0,0.0,0.0,Myc+ light zone,1
IGHV1-81*01_IGHD2-1*01_IGHJ4*01,0.6068053841590881,7.918356895446777,1,-0.8134851,0.51459736,0,0.0,2.690945,0.897745,1.1322527,3.306071,0.0,0.0,1.9420693,0.0,0.0,0.0,-0.44606206,1.8024967,1.0,0.0,0.0,0.0,light zone,1
IGHV1-81*01_IGHD2-13*01_IGHJ4*01,2.8864073753356934,8.404950141906738,1,2.303556,1.9845965,3,0.0,2.1572745,0.6068738,0.044129997,1.3920081,0.0,1.6214927,2.0898323,0.0,0.0,0.0,-0.24110729,0.6716843,0.0,0.0,1.0,0.0,dark zone,1
IGHV1-81*01_IGHD2-4*01_IGHJ4*01,8.41484522819519,8.883802890777588,2,15.075102,5.9069886,1,0.78332853,1.5035567,0.0,0.0,0.057680108,1.1096522,3.113055,3.5713148,0.0,1.51791,2.6067088,1.0503262,-0.23241639,0.0,0.0,0.0,1.0,plasma cell,2
IGHV1-81*01_IGHD4-1*01_IGHJ3*01,-0.4899076819419861,3.6634864807128906,1,-5.5953884,2.250072,0,0.0,0.0,0.0,0.0,0.0,0.0,0.0,0.0,0.0,0.0,0.0,-0.6914057,-0.8779397,1.0,0.0,0.0,0.0,light zone,1
IGHV1-81*01_IGHD6-1*01_IGHJ4*01,3.2925429344177246,5.110471725463867,1,1.297007,7.12927,2,0.0,0.6051724,2.065613,0.0,1.5522867,0.0,1.5268084,3.1083095,0.0,0.0,0.0,-0.12331996,0.10999352,0.0,1.0,0.0,0.0,Myc+ light zone,1
IGHV1-82*01_IGHD1-1*01_IGHJ3*01,2.4148619174957275,3.493133544921875,1,-1.4395032,7.019002,2,0.0,1.7932299,0.0,0.0,0.0,0.0,2.0638871,2.150558,0.0,0.0,0.0,-0.18261057,-0.14080846,1.0,0.0,0.0,0.0,light zone,1
IGHV1-82*01_IGHD2-4*01_IGHJ4*01,8.549692153930664,7.029465675354004,1,12.701124,5.8700724,1,0.0,0.021354964,0.0,0.0,0.0,0.0,3.2653487,4.137839,0.0,2.2786357,0.21303725,0.6077576,-0.8691615,0.0,0.0,0.0,1.0,plasma cell,1
IGHV1-84*01_IGHD1-1*01_IGHJ3*01,-0.1502925157546997,7.554896831512451,1,-1.7137675,0.035430033,0,0.0,0.0,1.7631744,0.8663396,0.07002622,0.0,1.3349751,2.4601321,0.0,0.0,0.0,-0.22724395,-0.8445946,1.0,0.0,0.0,0.0,light zone,1
IGHV1-85*01_IGHD1-1*02_IGHJ4*01,3.18363094329834,4.65772008895874,1,0.24376863,7.131849,2,2.4712374,0.0,1.0940392,0.0,0.82648015,0.0,0.96918154,1.9483867,0.0,0.0,0.0,-0.33391806,-0.48438585,0.0,1.0,0.0,0.0,Myc+ light zone,1
IGHV1-85*01_IGHD2-12*01_IGHJ1*03,-0.9667579531669617,5.86400032043457,1,-4.366637,-0.32207215,0,0.0,0.0,1.0944828,0.91755015,0.0,0.0,0.0123462025,2.110804,0.0,0.0,0.0,-0.4233272,-0.8779397,1.0,0.0,0.0,0.0,light zone,1
IGHV1-9*01_IGHD1-1*02_IGHJ4*01,2.0135610103607178,7.518334865570068,1,1.5046973,2.61242,3,0.0,2.6572096,1.5953412,1.3743219,2.294134,0.0,0.0,1.4641553,0.0,0.0,0.0,-0.5064374,1.3067644,1.0,0.0,0.0,0.0,light zone,1
IGHV1-9*01_IGHD1-2*01_IGHJ3*01,8.296375274658203,7.387048721313477,1,12.088025,6.531353,1,0.0,0.0,0.0,0.0,2.0946946,0.025120951,3.6142523,4.2976527,0.0,3.003486,2.477663,1.14962,0.11951348,0.0,0.0,0.0,1.0,plasma cell,1
IGHV1-9*01_IGHD1-2*01_IGHJ4*01,3.1999142169952393,4.032166481018066,1,-0.058392134,7.9704022,2,1.6367583,1.7662227,1.0208625,0.0,0.0,0.0,0.0,1.8787466,0.0,0.0,0.0,-0.45406172,-0.15191013,1.0,0.0,0.0,0.0,light zone,1
IGHV10-1*01_IGHD1-1*01_IGHJ3*01,4.484312057495117,4.382132530212402,1,2.9505928,9.534561,5,1.9896662,1.8648554,1.705652,0.0,0.0,0.0,0.0,0.0,0.0,0.0,0.0,-0.6914057,-0.111365855,0.0,1.0,0.0,0.0,Myc+ light zone,1
IGHV10-1*01_IGHD1-2*01_IGHJ3*01,2.3236846923828125,8.643800735473633,1,1.9420716,1.5098664,3,0.0,2.7647498,1.4214269,0.6331445,2.7398074,0.0,0.88353276,2.1471758,0.0,0.0,0.0,-0.31864473,1.5631913,0.0,0.0,1.0,0.0,dark zone,1
IGHV10-1*01_IGHD2-13*01_IGHJ2*01,2.0304874181747437,4.084638237953186,2,-1.8795003,6.0323668,2,1.4126841,0.9756996,1.1380916,0.0,0.0,0.0,0.0,1.3666427,0.0,0.0,1.3728709,-0.301469,-0.4768653,0.5,0.5,0.0,0.0,light zone,2
IGHV10-1*01_IGHD2-13*01_IGHJ4*01,4.904592514038086,6.435098648071289,1,6.4406085,7.7798443,4,1.694625,2.2308733,0.81000006,0.0,0.6888824,0.0,1.6008829,0.0,0.0,0.0,0.0,-0.50748575,0.36712325,0.0,1.0,0.0,0.0,Myc+ light zone,1
IGHV10-1*01_IGHD3-2*02_IGHJ3*01,3.313853429009517,5.559859335422516,12,1.9721534,6.8836765,3,1.1754024,1.7977554,1.1647552,0.1766172,1.2336864,0.0,1.0553555,1.7609867,0.0,0.0,0.2676215,-0.3053352,0.44850945,0.4166666666666667,0.5,0.08333333333333333,0.0,Myc+ light zone,6
IGHV10-1*01_IGHD3-3*01_IGHJ3*01,1.9062124490737915,8.402449607849121,1,1.6502583,1.2103544,3,0.0,3.34996,2.1653233,0.8210902,0.9418416,0.0,1.6416522,2.4585369,0.0,0.0,0.0,-0.1922124,0.94759315,0.0,0.0,1.0,0.0,dark zone,1
IGHV10-1*01_IGHD4-1*01_IGHJ3*01,8.187600135803223,8.140342712402344,1,13.0768585,6.9671435,1,0.0,0.0,0.0,0.0,2.2674296,2.1310275,3.571809,4.073236,0.0,0.036625143,1.9087766,1.0706099,0.20176652,0.0,0.0,0.0,1.0,plasma cell,1
IGHV10-3*01_IGHD1-1*02_IGHJ4*01,4.312049388885498,5.843729496002197,1,4.378639,8.155844,4,1.3375374,3.1685896,1.3472264,0.28107056,2.4612393,0.0,0.0,1.6307764,0.0,0.0,0.0,-0.485388,1.5965464,0.0,1.0,0.0,0.0,Myc+ light zone,1
IGHV10-3*01_IGHD2-4*01_IGHJ3*01,8.955178260803223,6.366623401641846,1,13.1680765,5.2868133,1,0.0,0.0,0.0,0.0,0.0,2.7442412,3.6585727,4.0206194,0.0,2.480115,3.074061,1.8047619,-0.8779397,0.0,0.0,0.0,1.0,plasma cell,1
IGHV10-3*01_IGHD4-1*01_IGHJ3*01,8.755081176757812,7.651765823364258,1,13.876482,6.308994,1,1.6647761,0.0,0.0,0.0,0.0,0.0,2.2604141,3.6718705,0.0,1.8514694,0.017916555,0.3336501,-0.8779397,0.0,0.0,0.0,1.0,plasma cell,1
IGHV14-2*01_IGHD1-1*02_IGHJ2*01,8.335142135620117,6.538094520568848,1,12.064719,5.894623,1,1.7507243,0.0,0.0,0.0,0.0,2.8055394,3.8580885,4.3346806,0.0,2.2936487,3.8452034,1.9745497,-0.8779397,0.0,0.0,0.0,1.0,plasma cell,1
IGHV14-2*01_IGHD2-1*01_IGHJ2*01,3.0170279502868653,6.120541286468506,5,2.1443207,5.6987495,3,0.61510664,2.2271483,1.1966814,0.4631475,1.9669125,0.0,1.113467,1.8495419,0.0,0.0,0.0,-0.32982874,0.97416526,0.6,0.2,0.2,0.0,light zone,4
IGHV14-2*01_IGHD2-14*01_IGHJ1*03,1.7147949934005737,8.067634582519531,1,1.335997,1.6285061,3,0.0,1.949507,0.45475632,0.48052132,2.9332066,0.0,0.040304556,1.9840301,0.0,0.0,0.0,-0.43613064,1.3201678,0.0,0.0,1.0,0.0,dark zone,1
IGHV14-2*01_IGHD2-4*01_IGHJ2*01,7.140884876251221,6.121027588844299,2,9.6609,7.084772,1,0.96312237,1.4825172,0.0,0.0,1.327754,0.0,1.761309,2.8922155,0.0,0.6583006,2.1503165,0.32284638,0.36371982,0.0,0.5,0.0,0.5,Myc+ light zone,2
IGHV14-2*01_IGHD2-4*01_IGHJ3*01,4.474357068538666,6.217365980148315,2,5.1128,7.6058135,4,0.0,0.0,0.9062706,0.0,0.8537661,1.663517,1.8418587,2.1348205,0.0,1.3507011,1.4866867,0.656077,-0.47139278,0.5,0.0,0.0,0.5,light zone,2
IGHV14-2*01_IGHD2-5*01_IGHJ3*02,3.5670325756073,6.081681251525879,1,3.103654,6.726907,3,2.3777192,2.857321,0.0,0.0,2.1792767,0.0,0.0,1.1858822,0.0,0.0,1.9934106,-0.2260905,1.3343301,0.0,1.0,0.0,0.0,Myc+ light zone,1
IGHV14-2*01_IGHD3-2*02_IGHJ3*01,3.7298693656921387,2.78857421875,1,0.51689565,9.968129,5,2.382953,0.0,0.0,0.0,0.0,0.0,0.0,2.3727207,0.0,0.0,2.2774768,-0.031196197,-0.8779397,0.0,1.0,0.0,0.0,Myc+ light zone,1
IGHV14-3*01_IGHD1-1*01_IGHJ1*03,-1.0387648344039917,5.814389705657959,1,-4.7120214,-0.011814827,0,0.0,0.0,0.0,0.76019543,0.0,0.0,0.0,2.1543496,0.0,0.0,0.0,-0.4192445,-0.8779397,1.0,0.0,0.0,0.0,light zone,1
IGHV14-3*01_IGHD1-1*01_IGHJ2*01,1.3963677883148193,6.32763687769572,3,-0.72492695,3.1822283,2,0.0,0.9863927,1.5436072,0.3720931,1.6914946,0.0,0.35758126,1.859991,0.0,0.0,0.0,-0.41534984,0.33298734,0.3333333333333333,0.3333333333333333,0.3333333333333333,0.0,light zone,3
IGHV14-3*01_IGHD1-1*01_IGHJ3*01,3.409678389399778,5.809440004825592,20,2.4974954,6.8489337,3,0.5942758,1.1232582,1.0185288,0.30218023,0.89130783,0.24683006,1.298728,2.0410385,0.0,0.39072308,0.7390112,-0.04308015,0.008214271,0.35,0.4,0.05,0.2,Myc+ light zone,8
IGHV14-3*01_IGHD1-1*01_IGHJ4*01,4.190005242824554,7.1545796394348145,2,5.738363,6.2330947,4,0.0,0.0,0.37236103,0.0,2.1584458,0.0,1.801252,2.9263954,0.0,1.2921044,1.0663865,0.26243526,0.14987049,0.5,0.0,0.0,0.5,light zone,2
IGHV14-3*01_IGHD1-1*02_IGHJ4*01,1.5090749263763428,5.78658390045166,1,-1.0926205,3.7576606,2,0.0,2.00881,0.0,0.0,3.011354,0.0,1.9187783,1.7143792,0.0,0.0,0.0,-0.25438455,1.3817574,1.0,0.0,0.0,0.0,light zone,1
IGHV14-3*01_IGHD2-1*01_IGHJ3*01,1.4761912822723389,4.999494552612305,1,-1.9679327,4.6112385,2,0.0,2.726425,0.6056045,0.45504797,0.533157,0.0,0.0,1.901878,0.0,0.0,0.0,-0.45113948,0.496673,1.0,0.0,0.0,0.0,light zone,1
IGHV14-3*01_IGHD2-10*01_IGHJ4*01,-0.8767322897911072,4.03429651260376,1,-5.921767,1.8220372,0,0.0,0.0,0.81496847,0.6858134,2.339385,0.0,2.0837524,0.0,0.0,0.0,0.0,-0.4520105,0.23603031,1.0,0.0,0.0,0.0,light zone,1
IGHV14-4*01_IGHD2-3*01_IGHJ3*01,2.119069218635559,5.823810577392578,2,-0.024585243,4.6193686,2,1.0100836,1.1102493,0.913689,0.40457216,1.1970869,0.0,0.5989245,1.0659821,0.0,0.0,0.43553245,-0.418998,0.1484729,0.5,0.5,0.0,0.0,light zone,2
IGHV1S95*01_IGHD2-1*01_IGHJ3*01,0.27557337284088135,5.417509078979492,1,-3.0806313,2.3015034,0,0.0,1.7173308,1.5099648,0.0,1.2989987,0.0,0.0,2.3065717,0.0,0.0,0.0,-0.40001407,0.4465503,1.0,0.0,0.0,0.0,light zone,1
IGHV2-2*01_IGHD2-13*01_IGHJ4*01,1.529355525970459,7.685103416442871,1,0.8056378,1.6206062,3,0.012275802,1.6196414,1.5139989,0.0,2.505704,0.0,1.9550916,2.11324,0.0,0.0,0.0,-0.19982414,0.9810036,1.0,0.0,0.0,0.0,light zone,1
IGHV2-2*01_IGHD6-1*01_IGHJ2*01,9.731629371643066,8.857515335083008,1,15.115462,3.7127554,1,0.0,0.0,0.0,0.0,0.0,0.0,3.588325,3.8991582,0.0,2.0842834,0.9923623,0.7067053,-0.8779397,0.0,0.0,0.0,1.0,plasma cell,1
IGHV3-6*01_IGHD1-1*01_IGHJ1*03,4.130738973617554,6.741921424865723,2,5.2693715,6.5933,4,0.7611098,1.3576396,0.889245,0.41910887,2.461086,1.1178614,1.5596412,3.3465981,0.0,1.3502815,0.9938609,0.5632005,0.85205793,0.0,0.0,0.5,0.5,dark zone,1
IGHV3-6*01_IGHD1-1*01_IGHJ3*01,2.611180296311012,4.956057493503277,13,-0.1953939,6.356889,2,0.77124155,1.2514532,0.7804121,0.3239968,0.9551855,0.0005895837,0.9647073,1.1185535,0.0,0.08028905,0.43045476,-0.35803905,0.09132778,0.5384615384615384,0.46153846153846156,0.0,0.0,light zone,6
IGHV3-6*01_IGHD1-1*02_IGHJ1*01,4.210402488708496,3.689115524291992,1,1.7014589,9.548786,5,2.7654946,0.0,0.0,0.0,0.0,2.37587,1.9523615,0.0,0.0,0.0,1.158065,0.30604365,-0.8779397,1.0,0.0,0.0,0.0,light zone,1
IGHV3-6*01_IGHD1-1*02_IGHJ1*03,5.560094038645427,6.747411568959554,3,7.481256,7.73864,4,0.609808,1.0223951,0.92119855,0.17360355,0.7311504,0.0,1.2081367,2.2134237,0.0,0.55668557,1.1138762,-0.006889174,-0.10951074,0.6666666666666666,0.0,0.0,0.3333333333333333,light zone,3
IGHV3-6*01_IGHD2-1*01_IGHJ2*01,9.51266860961914,8.330008506774902,1,14.963912,4.2462783,1,0.0,0.0,0.0,0.0,2.4383965,0.0,3.6519296,4.2085567,0.0,2.2943897,3.4527094,1.1763958,0.28317764,0.0,0.0,0.0,1.0,plasma cell,1
IGHV3-6*01_IGHD2-1*01_IGHJ4*01,8.450703620910645,9.242898941040039,1,15.531888,5.2514477,1,0.0,2.4820683,0.011334674,0.0,0.0,0.0,3.0831137,3.100715,0.0,1.9155645,1.3771982,0.58148813,0.14234781,0.0,0.0,0.0,1.0,plasma cell,1
IGHV3-6*01_IGHD2-12*01_IGHJ3*02,0.24189847707748413,6.438872337341309,1,-2.3422081,1.4906011,0,0.0,0.0,2.2470293,0.8515895,0.0,0.0,0.035663683,2.4910307,0.0,0.0,0.0,-0.3726139,-0.8779397,1.0,0.0,0.0,0.0,light zone,1
IGHV3-6*01_IGHD2-2*01_IGHJ4*01,3.0818073749542236,7.043591499328613,1,3.1268454,4.3758335,3,0.0,2.7298973,0.5683466,0.549106,1.038528,0.0,1.9750348,2.107121,0.0,0.0,0.0,-0.19830595,0.73874825,1.0,0.0,0.0,0.0,light zone,1
IGHV3-6*01_IGHD2-5*01_IGHJ3*01,2.9396091302235923,6.543871879577637,3,2.2262042,4.996337,3,0.0,0.0,0.81551033,0.36502612,0.0,0.17179625,1.3510617,2.3147104,0.0,0.010396231,0.0,-0.19943805,-0.8779397,0.6666666666666666,0.0,0.0,0.3333333333333333,light zone,2
IGHV3-6*01_IGHD3-1*01_IGHJ2*01,-0.4510417878627777,5.417645454406738,1,-3.8873513,0.5990618,0,0.0,0.0,2.353417,0.61044663,0.0,0.0,0.8816312,2.2857606,0.0,0.01893892,0.0,-0.2983006,-0.8779397,1.0,0.0,0.0,0.0,light zone,1
IGHV3-6*01_IGHD6-5*01_IGHJ4*01,2.4258567690849304,6.736231565475464,2,1.5325791,3.9849842,3,0.0,2.0555456,1.901418,0.19045077,1.9721444,0.0,0.0,2.1709614,0.0,0.0,0.0,-0.4171459,0.9061171,0.5,0.0,0.5,0.0,light zone,1
IGHV4-1*01_IGHD1-1*01_IGHJ2*01,-0.637708842754364,6.398997783660889,1,-3.0938487,-0.2901338,0,0.0,0.0,1.6015407,0.0,0.0,0.0,0.0,2.7648501,0.0,0.0,0.0,-0.3421193,-0.8779397,0.0,0.0,1.0,0.0,dark zone,1
IGHV4-1*01_IGHD1-1*01_IGHJ3*01,2.1327226385474205,3.91471004486084,2,-1.5044035,6.3198514,2,1.0780866,0.5830113,1.1668173,0.5177469,0.6239775,0.0,1.0421289,0.8746728,0.0,0.0,0.0,-0.46118075,-0.34115905,0.5,0.5,0.0,0.0,light zone,2
IGHV5-16*01_IGHD1-1*01_IGHJ2*01,3.2202672958374023,2.6074061393737793,1,0.26322654,10.298664,5,2.6245477,0.0,0.0,0.69688755,0.0,0.015619485,0.0,1.7108614,0.0,0.0,0.0,-0.47139296,-0.8779397,0.0,1.0,0.0,0.0,Myc+ light zone,1
IGHV5-17*01_IGHD1-1*02_IGHJ3*01,8.1899995803833,7.912707805633545,1,12.555684,6.901126,1,0.0,0.0,0.0,0.0,1.1697235,0.0,3.1328163,3.900521,0.0,2.598302,2.01669,0.89958376,-0.32093996,0.0,0.0,0.0,1.0,plasma cell,1
IGHV5-17*01_IGHD1-1*02_IGHJ4*01,0.860073688129584,6.455495913823445,6,-1.0800842,2.4160903,2,0.0,0.7718851,1.6258129,0.5280275,0.8560486,0.0,0.4891534,2.3049145,0.0,0.0,0.0,-0.34402633,-0.15301214,0.8333333333333334,0.0,0.16666666666666666,0.0,light zone,1
IGHV5-17*01_IGHD2-1*01_IGHJ3*01,-0.24062302708625793,5.776719093322754,1,-3.3653822,0.98444086,0,0.0,0.0,2.491181,0.45686305,0.0,0.0,0.0,1.8029029,0.0,0.0,0.0,-0.4636431,-0.8779397,1.0,0.0,0.0,0.0,light zone,1
IGHV5-17*01_IGHD2-2*01_IGHJ3*01,0.042944323271512985,7.709120750427246,1,-1.4453019,0.010053067,0,0.0,0.0,0.27760845,0.43274722,0.0,0.0,1.5768386,1.6118196,0.0,0.0,0.0,-0.30662528,-0.8779397,0.0,0.0,1.0,0.0,dark zone,1
IGHV5-6*01_IGHD1-1*01_IGHJ3*01,8.362266540527344,7.458144187927246,1,12.576666,6.4739985,1,0.0,0.0,0.0,0.0,0.0,0.8621331,3.0276353,4.227353,0.0,2.595522,0.37059236,0.8818517,-0.8779397,0.0,0.0,0.0,1.0,plasma cell,1
IGHV5-6*01_IGHD1-1*01_IGHJ4*01,5.484758615493774,5.543972969055176,2,6.9768286,8.997539,4,0.8220904,0.9340954,0.0,0.0,0.51088476,1.4484131,1.7079682,1.884295,0.0,0.0,1.1475836,0.2840915,-0.2506938,0.0,0.5,0.0,0.5,Myc+ light zone,2
IGHV5-6*01_IGHD2-1*01_IGHJ2*01,-0.6421511173248291,5.561379432678223,1,-4.013705,0.2085946,0,0.0,0.0,1.131915,0.7658728,0.0,0.0,0.0,0.0,0.0,0.0,0.0,-0.6914057,-0.8779397,1.0,0.0,0.0,0.0,light zone,1
IGHV5-6*01_IGHD3-2*02_IGHJ2*01,2.7181625366210938,7.570191383361816,1,2.31291,3.1113703,3,0.0,0.0,2.22651,0.79859984,0.0,0.0,0.0,2.845679,0.0,0.0,0.0,-0.33190814,-0.8779397,0.0,0.0,1.0,0.0,dark zone,1
IGHV6-3*01_IGHD1-1*01_IGHJ2*01,7.289010047912598,8.418951988220215,1,10.997075,6.476981,1,1.2210308,0.0,0.0,0.0,2.5224257,0.7014757,2.9965086,3.6887004,0.0,2.3676836,0.7014757,0.785958,0.32319072,0.0,0.0,0.0,1.0,plasma cell,1
IGHV6-3*01_IGHD1-1*01_IGHJ3*01,0.6538837254047394,7.645327806472778,2,-0.72128564,0.686803,0,0.0,1.7684561,1.804713,1.300415,1.9832846,0.0,0.0,2.3292003,0.0,0.0,0.0,-0.3971554,0.79340976,0.5,0.0,0.5,0.0,light zone,1
IGHV6-3*01_IGHD1-1*01_IGHJ4*01,0.6523441076278687,4.447998046875,1,-3.6034462,3.4433675,0,0.0,0.0,1.4821528,0.0,0.47941267,0.0,0.0,0.0,0.0,0.0,0.0,-0.6914057,-0.64965266,1.0,0.0,0.0,0.0,light zone,1
IGHV6-3*01_IGHD3-3*01_IGHJ4*01,-1.067734956741333,4.286563873291016,1,-5.7427278,1.5314509,0,0.0,0.0,2.7882135,0.6648667,0.0,0.0,0.0,2.4138327,0.0,0.0,0.0,-0.38646373,-0.8779397,1.0,0.0,0.0,0.0,light zone,1
IGHV6-3*01_IGHD6-1*02_IGHJ3*01,9.132881164550781,9.6582612991333,1,15.328371,3.861055,1,0.0,2.0608208,0.0,0.0,2.7759583,0.0,2.80788,3.4034128,0.0,2.0456343,3.037217,0.8718238,1.2910461,0.0,0.0,0.0,1.0,plasma cell,1
IGHV8-2*01_IGHD2-2*01_IGHJ4*01,0.27414175868034363,5.535648822784424,1,-2.8636305,2.1406841,0,0.0,0.0,0.2785562,0.9191933,0.0,0.0,0.0,2.1501043,0.0,0.0,0.0,-0.41978082,-0.8779397,1.0,0.0,0.0,0.0,light zone,1
IGHV8-7*01_IGHD1-1*01_IGHJ1*03,10.072019577026367,8.71799087524414,1,15.2262125,3.1614585,1,0.16108473,0.0,0.0,0.0,2.2112896,0.0,2.9224997,3.6012802,0.0,2.303817,0.32377848,0.52217406,0.17503378,0.0,0.0,0.0,1.0,plasma cell,1
IGHV8-8*01_IGHD1-1*01_IGHJ1*03,-0.018255559727549553,3.2442827224731445,1,-5.520524,2.6898046,0,0.0,0.0145088835,0.0,1.3365821,0.0,0.0,2.186784,0.0145088835,0.0,0.0,0.0,-0.43834063,-0.87197566,1.0,0.0,0.0,0.0,light zone,1
IGHV9-1*01_IGHD1-1*01_IGHJ3*01,3.689033627510071,6.375158786773682,2,3.6316395,6.5693793,3,0.0,1.3626359,1.6930168,0.23580082,1.7962027,0.0,0.9211479,2.295537,0.0,0.0,0.00665067,-0.294528,0.5375071,1.0,0.0,0.0,0.0,light zone,2
IGHV9-2*01_IGHD1-1*02_IGHJ2*01,4.087015151977539,6.112868785858154,1,4.2643614,7.5689077,4,0.0,1.756042,1.0895383,0.0,1.4272025,0.0,2.006587,2.3277133,0.0,0.0,0.0,-0.16681337,0.52351123,1.0,0.0,0.0,0.0,light zone,1
IGHV9-3*01_IGHD1-1*01_IGHJ1*03,3.236393451690674,2.845520496368408,1,0.04830239,9.972498,5,1.835324,0.0,1.104043,0.0,0.0,0.0,0.0,1.7882729,0.0,0.0,0.0,-0.46549132,-0.8779397,0.0,1.0,0.0,0.0,Myc+ light zone,1
IGHV9-3*01_IGHD1-1*01_IGHJ2*01,2.1295131842295327,6.989566644032796,3,1.5221711,3.42893,3,0.6135554,1.8401862,1.3977674,0.11697683,1.6418366,0.002670475,0.37274912,2.074015,0.0,0.0,0.7259167,-0.27101398,0.66030455,0.0,0.3333333333333333,0.6666666666666666,0.0,dark zone,2
IGHV9-3*01_IGHD1-1*01_IGHJ3*01,3.2523868083953857,6.400738000869751,2,2.7936256,5.755021,3,0.0,2.8998077,0.9918118,0.48911786,2.4926975,0.0,0.005834787,1.7845432,0.0,0.0,0.0,-0.4652922,1.5010396,0.5,0.5,0.0,0.0,light zone,2
IGHV9-3*01_IGHD1-1*02_IGHJ4*01,0.1920863389968872,5.679900169372559,1,-3.0375004,1.6937046,0,0.0,1.5756325,1.4857063,0.7012083,0.45576477,0.0,2.7077618,2.1806839,0.0,0.0,0.022832511,-0.10121843,-0.013228446,0.0,0.0,1.0,0.0,dark zone,1
IGHV9-3*01_IGHD2-12*01_IGHJ3*01,0.37213337421417236,7.478628635406494,1,-1.1098559,0.50243795,0,0.0,0.0,0.97440505,0.57087153,0.0,0.0,0.0,3.036478,0.0,0.0,0.0,-0.3078043,-0.8779397,1.0,0.0,0.0,0.0,light zone,1
IGHV9-3*01_IGHD2-2*01_IGHJ3*01,1.000008225440979,3.8399498462677,1,-3.5578792,3.917548,0,0.0,0.0,0.0,0.0,0.0,0.0,0.0,0.0,0.0,0.0,0.0,-0.6914057,-0.8779397,0.0,0.0,1.0,0.0,dark zone,1
IGHV9-3*01_IGHD3-2*02_IGHJ3*01,5.553510665893555,3.665673017501831,1,2.3588724,10.412459,5,1.7723317,1.7950027,0.0,0.0,0.6650192,0.0,0.0,0.0,0.0,0.0,0.0,-0.6914057,0.17658958,0.0,1.0,0.0,0.0,Myc+ light zone,1
IGHV9-3*01_IGHD3-2*02_IGHJ4*01,4.11937952041626,4.760151147842407,2,3.207535,8.80194,5,1.198056,1.8081644,1.7907808,0.24886185,0.95060384,0.0,0.67986256,1.6917856,0.0,0.0,0.0,-0.3995736,0.3179897,0.5,0.5,0.0,0.0,light zone,2
IGHV9-3*01_IGHD6-1*01_IGHJ2*01,0.16538263857364655,7.287465572357178,1,-1.6142163,0.5646872,0,0.0,0.0,1.5399834,0.92633206,0.0,0.0,0.0,2.136257,0.0,0.0,0.0,-0.42153016,-0.8779397,0.0,0.0,1.0,0.0,dark zone,1
IGHV9-4*01_IGHD2-4*01_IGHJ2*01,9.383833885192871,5.901089668273926,1,13.62999,4.893399,1,0.0,0.0,0.0,0.0,0.0,0.0,3.9803045,3.9230423,0.0,2.4306989,1.935606,0.9599247,-0.8779397,0.0,0.0,0.0,1.0,plasma cell,1
