donor_vdj,X_legacy_0,X_legacy_1,n_cells,x,y,clone_cluster,marker:Myc,marker:Top2a,marker:Bcl6,marker:Aicda,marker:Mki67,marker:Prdm1,marker:Xbp1,marker:Jchain,marker:Mzb1,marker:Sdc1,marker:Irf4,marker:Plasma cell,marker:Cycling,gate:light zone,gate:Myc+ light zone,gate:dark zone,gate:plasma cell,dominant_gate,n_donors
M1|IGHV1-12*01_IGHD2-4*01_IGHJ3*01,8.677329063415527,6.2369914054870605,1,8.150996,0.116181105,3,0.0,0.0,0.9347224,0.0,0.83750665,0.0,3.6399503,3.995768,0.0,2.5852952,3.5124125,1.2045125,-0.47913522,0.0,0.0,0.0,1.0,plasma cell,1
M1|IGHV1-18*01_IGHD1-1*01_IGHJ1*03,4.512787342071533,5.274669170379639,1,2.1923618,3.2981143,2,0.0,1.6527514,1.5109903,0.0,0.0,0.0,0.0,1.3480908,0.0,0.0,0.0,-0.5211,-0.19855402,0.0,1.0,0.0,0.0,Myc+ light zone,1
M1|IGHV1-37*01_IGHD1-1*01_IGHJ2*01,3.560980796813965,4.429078102111816,1,0.45339328,3.73297,4,0.0,0.0,0.0,0.0,0.0,0.0,1.1149364,0.0,0.0,0.0,0.0,-0.5633145,-0.8779397,0.0,1.0,0.0,0.0,Myc+ light zone,1
M1|IGHV1-53*01_IGHD2-4*01_IGHJ2*01,5.102160453796387,5.7701849937438965,1,3.4091604,2.828412,5,0.0,3.0632691,0.44339234,0.12239119,2.0277014,0.0,0.0,0.88622636,0.0,0.0,1.554409,-0.33342806,1.3468106,0.0,1.0,0.0,0.0,Myc+ light zone,1
M1|IGHV1-62-2*01_IGHD1-1*01_IGHJ3*01,6.813345909118652,7.091358661651611,1,5.8218765,1.4041362,6,1.2009064,1.1974905,0.85379696,0.0,2.4871006,0.0,1.6973155,2.2541907,0.0,0.0,0.0,-0.21163271,0.7986142,0.0,1.0,0.0,0.0,Myc+ light zone,1
M1|IGHV1-62-3*01_IGHD1-1*01_IGHJ2*01,3.261971950531006,4.619251728057861,1,0.37160736,4.103017,4,1.8896253,2.8214598,0.8937763,0.0,0.0,0.0,0.0,1.9719608,0.0,0.0,0.0,-0.44228587,0.28185922,0.0,1.0,0.0,0.0,Myc+ light zone,1
M1|IGHV1-66*01_IGHD2-13*01_IGHJ2*01,-1.3316245079040527,4.751643657684326,1,-3.9534752,10.22375,0,0.0,0.0,1.5286617,0.0,0.0,0.0,0.0,0.0,0.0,0.0,0.0,-0.6914057,-0.8779397,1.0,0.0,0.0,0.0,light zone,1
M1|IGHV1-72*01_IGHD1-1*01_IGHJ1*03,4.151766562834382,5.747226148843765,8,2.3371143,3.8279717,2,0.047933802,1.6993927,1.0793675,0.34101194,0.9705159,0.0,1.3991201,1.4882197,0.0,0.5809577,0.6828714,-0.14086428,0.28275943,0.625,0.125,0.0,0.25,light zone,1
M1|IGHV1-72*01_IGHD1-1*01_IGHJ2*01,4.7861432378942315,5.8970065983858975,11,3.0685184,3.267488,2,0.8440386,1.1489558,1.0956993,0.19719471,1.4893936,0.4439119,1.8670849,2.2113042,0.0,0.57266617,0.72500783,0.119788595,0.30357453,0.18181818181818182,0.5454545454545454,0.0,0.2727272727272727,Myc+ light zone,1
M1|IGHV1-72*01_IGHD1-1*01_IGHJ3*01,4.297965437173843,6.010893821716309,2,2.7275813,3.9487078,2,0.0,3.067152,0.0,0.0,2.0573308,0.0,2.6483653,1.6168097,0.0,0.91595817,0.0,-0.035139024,1.3625157,0.5,0.0,0.0,0.5,light zone,1
M1|IGHV1-72*01_IGHD1-1*02_IGHJ4*01,5.45163631439209,5.906084299087524,3,3.741028,2.5652049,5,0.0,0.5749438,0.8683612,0.14346611,0.0058271294,0.82550526,2.6062915,2.5500796,0.0,0.8673613,0.5148821,0.3565298,-0.63882655,0.3333333333333333,0.3333333333333333,0.0,0.3333333333333333,light zone,1
M1|IGHV1-72*01_IGHD1-2*01_IGHJ4*01,4.359286308288574,5.991583824157715,1,2.7743871,3.834874,2,0.535692,2.927162,0.0,0.4289164,1.7120265,0.0,1.346191,1.4165609,0.0,0.0,1.8545599,-0.06426557,1.1405435,0.0,1.0,0.0,0.0,Myc+ light zone,1
M1|IGHV1-74*01_IGHD2-13*01_IGHJ3*01,4.650092124938965,6.875681400299072,1,3.533827,3.7087631,2,0.0,1.1767184,1.3968568,0.29344857,0.0,0.0,1.8181641,1.9112968,0.0,0.0,0.0,-0.24106695,-0.39423382,0.0,1.0,0.0,0.0,Myc+ light zone,1
M1|IGHV1-75*01_IGHD2-1*01_IGHJ3*01,5.273837089538574,5.738393783569336,1,3.5700827,2.691238,5,1.2004465,2.073131,0.0,0.079905175,1.5226787,0.0,1.0847207,1.4925377,0.0,0.0,0.0,-0.378232,0.6993189,0.0,1.0,0.0,0.0,Myc+ light zone,1
M1|IGHV1-78*01_IGHD1-1*02_IGHJ1*03,4.359072208404541,3.055938959121704,1,0.15112704,2.303574,4,2.5124872,2.1697297,0.45218986,0.0,1.0215144,0.0,0.0,1.4857036,0.0,0.0,1.3373758,-0.29204586,0.5003823,0.0,1.0,0.0,0.0,Myc+ light zone,1
M1|IGHV1-81*01_IGHD1-1*01_IGHJ2*01,3.6270127296447754,4.211594581604004,1,0.38079178,3.6251817,4,1.8482406,0.0,0.0,0.0,0.0,0.0,0.0,0.0,0.0,0.0,0.0,-0.6914057,-0.8779397,0.0,1.0,0.0,0.0,Myc+ light zone,1
M1|IGHV10-1*01_IGHD1-1*01_IGHJ3*01,4.484312057495117,4.382132530212402,1,1.2265438,2.848394,4,1.9896662,1.8648554,1.705652,0.0,0.0,0.0,0.0,0.0,0.0,0.0,0.0,-0.6914057,-0.111365855,0.0,1.0,0.0,0.0,Myc+ light zone,1
M1|IGHV10-1*01_IGHD3-2*02_IGHJ3*01,5.112820148468018,5.985437870025635,1,3.5747738,2.8774786,5,1.617607,2.6850688,1.484963,0.27239463,0.9759121,0.0,1.6941795,1.248546,0.0,0.0,0.0,-0.3390371,0.69050443,0.0,1.0,0.0,0.0,Myc+ light zone,1
M1|IGHV10-3*01_IGHD2-4*01_IGHJ3*01,8.955178260803223,6.366623401641846,1,8.627758,-0.005298028,3,0.0,0.0,0.0,0.0,0.0,2.7442412,3.6585727,4.0206194,0.0,2.480115,3.074061,1.8047619,-0.8779397,0.0,0.0,0.0,1.0,plasma cell,1
M1|IGHV14-3*01_IGHD1-1*01_IGHJ3*01,4.280315498510997,5.5488888422648115,6,2.2774343,3.5798843,2,1.0893984,1.1617984,0.70537734,0.23092689,0.93178415,0.0,1.210559,1.7432765,0.0,0.36212876,0.9388686,-0.12508757,0.043330777,0.5,0.3333333333333333,0.0,0.16666666666666666,light zone,1
M1|IGHV14-3*01_IGHD2-10*01_IGHJ4*01,-0.8767322897911072,4.03429651260376,1,-4.0435476,9.83662,0,0.0,0.0,0.81496847,0.6858134,2.339385,0.0,2.0837524,0.0,0.0,0.0,0.0,-0.4520105,0.23603031,1.0,0.0,0.0,0.0,light zone,1
M1|IGHV14-4*01_IGHD2-3*01_IGHJ3*01,5.328883171081543,5.218601703643799,1,3.3410182,2.4130323,5,2.020167,2.2204986,0.0,0.0,2.3941739,0.0,1.197849,0.0,0.0,0.0,0.8710649,-0.4159236,1.1748855,0.0,1.0,0.0,0.0,Myc+ light zone,1
M1|IGHV3-6*01_IGHD1-1*01_IGHJ3*01,5.0867228507995605,4.269012689590454,2,1.3852249,2.424363,4,2.2248397,2.7247155,0.0,0.0,0.8505958,0.0,1.6268368,0.53256714,0.0,0.0,1.127951,-0.25870097,0.64712846,0.0,1.0,0.0,0.0,Myc+ light zone,1
M1|IGHV5-16*01_IGHD1-1*01_IGHJ2*01,3.2202672958374023,2.6074061393737793,1,-0.29533362,2.733209,4,2.6245477,0.0,0.0,0.69688755,0.0,0.015619485,0.0,1.7108614,0.0,0.0,0.0,-0.47139296,-0.8779397,0.0,1.0,0.0,0.0,Myc+ light zone,1
M1|IGHV6-3*01_IGHD3-3*01_IGHJ4*01,-1.067734956741333,4.286563873291016,1,-4.0064864,9.933026,0,0.0,0.0,2.7882135,0.6648667,0.0,0.0,0.0,2.4138327,0.0,0.0,0.0,-0.38646373,-0.8779397,1.0,0.0,0.0,0.0,light zone,1
M2|IGHV1-22*01_IGHD1-1*01_IGHJ3*01,6.444833517074585,6.054551601409912,2,5.2690535,1.7203844,6,0.6124343,0.76882625,0.536301,0.10770564,0.5044707,0.0,1.8717058,1.9584407,0.0,0.9894447,2.2504885,0.28683555,-0.32168412,0.0,0.5,0.0,0.5,Myc+ light zone,1
M2|IGHV1-53*01_IGHD1-1*01_IGHJ3*01,4.530465602874756,5.437989234924316,1,2.3674946,3.2507374,2,1.3690625,2.015609,0.0,0.0,2.2474217,0.0,1.6918643,1.7622405,0.0,0.0,0.0,-0.27440754,1.0207824,0.0,1.0,0.0,0.0,Myc+ light zone,1
M2|IGHV1-53*01_IGHD1-1*02_IGHJ4*01,5.185420989990234,4.379547595977783,1,1.5618134,2.4144075,4,1.7691432,2.6692574,1.2519679,0.0,2.32826,0.0,1.1350671,1.0928525,0.0,0.0,0.0,-0.42294052,1.3279669,0.0,1.0,0.0,0.0,Myc+ light zone,1
M2|IGHV1-64*01_IGHD2-13*01_IGHJ2*01,6.419480800628662,6.898033142089844,1,5.6233926,1.5319594,6,1.7377053,2.3326554,1.5482255,0.0,1.502793,0.0,1.337779,1.8959877,0.0,0.0,0.0,-0.29819074,0.7965306,0.0,1.0,0.0,0.0,Myc+ light zone,1
M2|IGHV1-66*01_IGHD2-1*01_IGHJ2*01,9.158241271972656,8.621747016906738,1,9.76367,0.29870746,3,0.0,0.0,0.0,0.0,2.1158097,2.0594559,3.449378,4.117302,0.0,3.2832417,0.5465925,1.3524531,0.12956807,0.0,0.0,0.0,1.0,plasma cell,1
M2|IGHV1-66*01_IGHD2-1*01_IGHJ4*01,4.0665364265441895,2.6201815605163574,1,-0.0003049326,2.3705094,4,1.932063,0.0,0.0,0.0,0.0,0.0,1.5932864,0.0,0.0,0.0,0.0,-0.5083585,-0.8779397,0.0,1.0,0.0,0.0,Myc+ light zone,1
M2|IGHV1-72*01_IGHD1-1*01_IGHJ1*03,6.321791648864746,6.87541937828064,2,5.578005,1.5541539,6,0.15291,2.1205087,0.30437404,0.0,1.7287343,1.3144809,2.369701,1.6486057,0.0,1.113285,0.9874222,0.45132253,0.8169137,0.0,0.5,0.0,0.5,Myc+ light zone,1
M2|IGHV1-72*01_IGHD1-1*01_IGHJ2*01,4.4747210294008255,5.042883729934692,10,1.97529,3.2058885,2,0.43020827,1.2632452,1.0577123,0.25475955,1.3211987,0.0,1.5306635,1.9308208,0.0,0.46952328,0.64652556,-0.09356531,0.2704636,0.2,0.6,0.0,0.2,Myc+ light zone,1
M2|IGHV1-72*01_IGHD1-1*01_IGHJ4*01,1.1051898002624512,5.488765716552734,1,-1.5471374,7.1145253,1,0.0,1.44824,1.7152141,0.8709015,0.0,0.0,0.0,2.4651496,0.0,0.0,0.0,-0.3799808,-0.2826212,1.0,0.0,0.0,0.0,light zone,1
M2|IGHV1-72*01_IGHD2-1*01_IGHJ4*01,9.438353538513184,8.973994255065918,1,10.08959,0.18003432,3,0.0,0.0,0.0,0.0,0.0,1.9222453,2.9516232,4.2752647,0.0,2.0779212,0.0,1.000219,-0.8779397,0.0,0.0,0.0,1.0,plasma cell,1
M2|IGHV1-75*01_IGHD1-1*01_IGHJ1*03,4.101717948913574,3.035804033279419,1,0.090691715,2.378367,4,2.3672645,3.2584245,0.89066756,0.0,1.4877812,0.0,1.3107308,1.8706627,0.0,0.0,2.1112564,0.029655576,1.1699321,0.0,1.0,0.0,0.0,Myc+ light zone,1
M2|IGHV1-85*01_IGHD1-1*02_IGHJ4*01,3.18363094329834,4.65772008895874,1,0.31311625,4.116728,4,2.4712374,0.0,1.0940392,0.0,0.82648015,0.0,0.96918154,1.9483867,0.0,0.0,0.0,-0.33391806,-0.48438585,0.0,1.0,0.0,0.0,Myc+ light zone,1
M2|IGHV10-1*01_IGHD2-13*01_IGHJ4*01,4.904592514038086,6.435098648071289,1,3.5010092,3.3203206,2,1.694625,2.2308733,0.81000006,0.0,0.6888824,0.0,1.6008829,0.0,0.0,0.0,0.0,-0.50748575,0.36712325,0.0,1.0,0.0,0.0,Myc+ light zone,1
M2|IGHV10-1*01_IGHD3-2*02_IGHJ3*01,4.6058672904968265,5.389137268066406,5,2.374217,3.2150662,2,1.525946,2.1341295,1.1012931,0.18028149,2.1077266,0.0,1.5460768,2.0538146,0.0,0.0,0.1648073,-0.2282373,1.0029817,0.0,1.0,0.0,0.0,Myc+ light zone,1
M2|IGHV10-3*01_IGHD1-1*02_IGHJ4*01,4.312049388885498,5.843729496002197,1,2.4993608,3.785642,2,1.3375374,3.1685896,1.3472264,0.28107056,2.4612393,0.0,0.0,1.6307764,0.0,0.0,0.0,-0.485388,1.5965464,0.0,1.0,0.0,0.0,Myc+ light zone,1
M2|IGHV14-2*01_IGHD3-2*02_IGHJ3*01,3.7298693656921387,2.78857421875,1,-0.095100634,2.5347211,4,2.382953,0.0,0.0,0.0,0.0,0.0,0.0,2.3727207,0.0,0.0,2.2774768,-0.031196197,-0.8779397,0.0,1.0,0.0,0.0,Myc+ light zone,1
M2|IGHV14-3*01_IGHD1-1*01_IGHJ3*01,4.96038818359375,3.490633487701416,1,0.70500433,2.2194097,4,1.4849879,2.506806,1.4742987,0.0,2.2680452,0.0,0.0,0.8739993,0.0,0.0,0.0,-0.5809924,1.2325159,0.0,1.0,0.0,0.0,Myc+ light zone,1
M2|IGHV3-6*01_IGHD1-1*01_IGHJ3*01,2.4399260878562927,4.930988311767578,2,-0.2717488,5.2963514,1,0.84270453,1.2003053,1.5857471,0.04699737,1.5298942,0.0,1.1036606,1.0863082,0.0,0.52187884,0.23477408,-0.30603376,0.3439681,0.5,0.5,0.0,0.0,light zone,1
M2|IGHV9-3*01_IGHD3-2*02_IGHJ4*01,4.246039867401123,4.155115604400635,1,0.91097796,2.9068537,4,0.41962865,1.8888669,1.4011273,0.32511285,0.0,0.0,1.3597251,1.3561963,0.0,0.0,0.0,-0.3638619,-0.101495594,0.0,1.0,0.0,0.0,Myc+ light zone,1
M3|IGHV1-26*01_IGHD2-1*01_IGHJ1*03,-0.2114022821187973,3.97696852684021,1,-3.7869413,9.319795,0,0.0,0.0,0.0,0.0,0.0,0.0,0.0,0.0,0.0,0.0,0.0,-0.6914057,-0.8779397,0.0,0.0,1.0,0.0,dark zone,1
M3|IGHV1-62-2*01_IGHD1-1*01_IGHJ3*01,1.9973032474517822,6.9637651443481445,1,0.26797742,7.029696,1,0.0,1.3068643,1.8795894,1.1144441,0.16520762,0.01780436,0.0,2.7359853,0.0,0.0,0.0,-0.34134555,-0.26206693,0.0,0.0,1.0,0.0,dark zone,1
M3|IGHV1-72*01_IGHD1-1*01_IGHJ1*03,5.355749607086182,3.149707794189453,1,0.6172998,2.0336864,4,2.6376898,2.7835956,0.0,0.0,1.9534498,0.0,0.0,1.434159,0.0,0.0,1.6305611,-0.2521544,1.1964898,0.0,1.0,0.0,0.0,Myc+ light zone,1
M3|IGHV1-72*01_IGHD1-1*01_IGHJ2*01,4.004750569661458,6.010507742563884,6,2.4942486,4.1706095,2,1.4681107,1.6572362,0.8319091,0.33621398,1.30471,0.1937858,1.2089906,2.1465974,0.0,0.42318735,0.5864293,-0.0721365,0.4245673,0.0,0.5,0.3333333333333333,0.16666666666666666,Myc+ light zone,1
M3|IGHV1-72*01_IGHD1-1*01_IGHJ3*01,4.039409160614014,5.104814529418945,1,1.6926669,3.4627094,2,0.0,2.2827682,1.540171,0.34434935,2.305226,0.0,0.51162004,1.0710129,0.0,0.0,2.554875,-0.09295962,1.1581271,0.0,1.0,0.0,0.0,Myc+ light zone,1
M3|IGHV1-72*01_IGHD1-1*02_IGHJ1*03,7.225348854064942,5.676388692855835,5,5.8713827,1.3516499,6,1.6775833,1.3058951,0.0,0.0,1.6495224,0.004947184,2.4643545,3.017729,0.0,1.7316202,2.3874068,0.6313618,0.4443368,0.0,0.4,0.0,0.6,plasma cell,1
M3|IGHV1-72*01_IGHD1-1*02_IGHJ4*01,2.915965477625529,7.338228543599446,3,1.2330879,6.606977,1,0.4831309,2.9748008,1.6728855,0.7174654,2.1496613,0.124250405,1.323291,2.0236413,0.0,0.0,0.5069462,-0.17264539,1.3685194,0.0,0.3333333333333333,0.6666666666666666,0.0,dark zone,1
M3|IGHV1-72*01_IGHD2-1*01_IGHJ4*01,2.3475372791290283,8.652865409851074,1,1.1397197,7.703779,1,0.0,0.0,0.73347306,0.42612422,3.0882015,0.0,0.0,2.259645,0.0,0.0,0.0,-0.4059424,0.5926024,0.0,0.0,1.0,0.0,dark zone,1
M3|IGHV1-72*01_IGHD2-12*01_IGHJ4*01,3.690807580947876,4.565990447998047,1,0.5508647,3.77279,4,0.0,2.4885626,1.7343533,0.0,2.111527,0.0,0.0,0.97927684,0.0,0.0,0.0,-0.56769264,1.1504858,0.0,1.0,0.0,0.0,Myc+ light zone,1
M3|IGHV1-72*01_IGHD2-13*01_IGHJ2*01,-0.07246996462345123,4.279847621917725,1,-3.6408336,9.094319,0,0.0,0.031478632,0.0,0.91750133,1.9384761,0.0,0.0,1.7350096,0.0,0.0,0.0,-0.47222015,0.058064938,0.0,0.0,1.0,0.0,dark zone,1
M3|IGHV1-72*01_IGHD2-3*01_IGHJ3*01,3.566847085952759,5.938766002655029,2,1.8547155,4.794678,2,1.203068,1.5211306,2.0529928,0.33934402,2.1907501,0.0,1.4959793,1.3853338,0.0,0.0,0.7660681,-0.22327985,0.79053444,0.0,0.5,0.5,0.0,Myc+ light zone,1
M3|IGHV1-72*01_IGHD2-4*01_IGHJ2*01,4.153644561767578,5.457760334014893,1,2.062556,3.6641178,2,0.76830685,2.4566846,0.8670485,0.0,1.5810229,1.4279127,1.993335,1.894622,0.0,0.0,1.0589509,0.29906318,0.8847661,0.0,1.0,0.0,0.0,Myc+ light zone,1
M3|IGHV1-74*01_IGHD1-1*01_IGHJ4*01,4.580486297607422,4.532713890075684,1,1.3937949,2.8064146,4,0.0,2.6451867,1.0770774,0.53050476,1.6793417,0.0,0.0,1.588316,0.0,0.0,0.0,-0.4907521,1.0090699,0.0,1.0,0.0,0.0,Myc+ light zone,1
M3|IGHV1-78*01_IGHD1-1*01_IGHJ3*01,-1.1208387613296509,5.58653450012207,1,-3.5096269,10.062377,0,0.0,0.0,1.2175442,0.9123098,0.0,0.0,0.0,0.0,0.0,0.0,0.0,-0.6914057,-0.8779397,0.0,0.0,1.0,0.0,dark zone,1
M3|IGHV14-2*01_IGHD1-1*02_IGHJ2*01,8.335142135620117,6.538094520568848,1,7.839477,0.15945944,3,1.7507243,0.0,0.0,0.0,0.0,2.8055394,3.8580885,4.3346806,0.0,2.2936487,3.8452034,1.9745497,-0.8779397,0.0,0.0,0.0,1.0,plasma cell,1
M3|IGHV14-2*01_IGHD2-1*01_IGHJ2*01,2.6930246353149414,6.3505024909973145,1,0.35625732,6.1619678,1,0.31843308,2.7049048,0.2893065,0.0,3.1357079,0.0,1.3040011,0.9700339,0.0,0.0,0.0,-0.41904807,1.7271113,0.0,0.0,1.0,0.0,dark zone,1
M3|IGHV14-3*01_IGHD1-1*01_IGHJ3*01,8.891129493713379,8.281928062438965,1,9.064366,0.29436478,3,0.0,0.0,0.0,0.0,0.0,2.2572467,3.53467,4.588616,0.0,3.093538,2.4549108,1.742332,-0.8779397,0.0,0.0,0.0,1.0,plasma cell,1
M3|IGHV5-17*01_IGHD2-2*01_IGHJ3*01,0.042944323271512985,7.709120750427246,1,-1.7759986,8.913439,0,0.0,0.0,0.27760845,0.43274722,0.0,0.0,1.5768386,1.6118196,0.0,0.0,0.0,-0.30662528,-0.8779397,0.0,0.0,1.0,0.0,dark zone,1
M3|IGHV5-6*01_IGHD3-2*02_IGHJ2*01,2.7181625366210938,7.570191383361816,1,1.1617856,6.8743377,1,0.0,0.0,2.22651,0.79859984,0.0,0.0,0.0,2.845679,0.0,0.0,0.0,-0.33190814,-0.8779397,0.0,0.0,1.0,0.0,dark zone,1
M3|IGHV9-3*01_IGHD1-1*02_IGHJ4*01,0.1920863389968872,5.679900169372559,1,-2.6769073,8.446616,0,0.0,1.5756325,1.4857063,0.7012083,0.45576477,0.0,2.7077618,2.1806839,0.0,0.0,0.022832511,-0.10121843,-0.013228446,0.0,0.0,1.0,0.0,dark zone,1
M3|IGHV9-3*01_IGHD6-1*01_IGHJ2*01,0.16538263857364655,7.287465572357178,1,-1.7619635,8.757359,0,0.0,0.0,1.5399834,0.92633206,0.0,0.0,0.0,2.136257,0.0,0.0,0.0,-0.42153016,-0.8779397,0.0,0.0,1.0,0.0,dark zone,1
M4|IGHV1-22*01_IGHD1-1*01_IGHJ3*01,4.024470567703247,4.394116640090942,2,0.8908126,3.1481345,4,0.0,2.6079452,1.2133883,0.13585617,1.1496574,0.15494618,1.2454518,1.7839019,0.0,0.0,0.0,-0.28448915,0.7415359,0.0,1.0,0.0,0.0,Myc+ light zone,1
M4|IGHV1-72*01_IGHD1-1*01_IGHJ1*03,5.545650124549866,6.408473491668701,2,4.028251,2.6334543,5,0.77533406,0.6633309,0.22256632,0.19959274,2.3696923,0.75710547,2.8267837,3.1562018,0.0,1.5257437,1.1110079,0.6420045,0.52313316,0.0,0.5,0.0,0.5,Myc+ light zone,1
M4|IGHV1-72*01_IGHD1-1*01_IGHJ2*01,4.167745637893677,4.997762537002563,5,1.6970183,3.348,2,1.3536994,1.8016379,0.26973066,0.13615884,1.0429859,0.0,1.0832803,1.1961435,0.0,0.0,0.8337986,-0.28387418,0.3592975,0.0,0.8,0.2,0.0,Myc+ light zone,1
M4|IGHV1-72*01_IGHD1-1*01_IGHJ3*01,5.662795543670654,3.137659788131714,1,0.54703355,2.0519075,4,3.1120265,2.791476,0.0,0.0,1.011548,0.0,1.4360268,1.5256851,0.0,0.0,0.74624366,-0.2155745,0.75121367,0.0,1.0,0.0,0.0,Myc+ light zone,1
M4|IGHV1-72*01_IGHD1-1*01_IGHJ4*01,3.7494475841522217,5.650749683380127,1,2.0171237,4.3518615,2,2.0609405,2.6108172,0.54607034,0.22051665,1.6528163,0.0,2.2795508,1.8036025,0.0,0.10404792,0.0,-0.18488115,0.982311,0.0,1.0,0.0,0.0,Myc+ light zone,1
M4|IGHV1-72*01_IGHD1-1*02_IGHJ1*03,3.3734664916992188,4.5190054178237915,4,0.29015976,4.026161,4,0.8415104,1.5519488,1.263376,0.6456685,1.4541397,0.0,0.49225417,0.7808497,0.0,0.0,0.47051457,-0.4617374,0.45244297,0.0,1.0,0.0,0.0,Myc+ light zone,1
M4|IGHV1-72*01_IGHD1-1*02_IGHJ4*01,9.771218299865723,7.773970127105713,1,9.940776,0.039964065,3,0.0,0.0,0.0,0.0,0.95709246,1.3137288,3.5695348,3.9301286,0.0,3.094942,3.545677,1.6017665,-0.42219076,0.0,0.0,0.0,1.0,plasma cell,1
M4|IGHV1-72*01_IGHD1-2*01_IGHJ2*01,2.024617910385132,3.7304317951202393,1,-0.48427182,3.7282774,4,2.2993305,0.29632267,2.1674187,0.6607108,0.0,0.0,0.0,2.2943747,0.0,0.0,0.0,-0.40155497,-0.7561323,0.0,1.0,0.0,0.0,Myc+ light zone,1
M4|IGHV1-72*01_IGHD2-1*01_IGHJ1*03,1.4413349628448486,6.412508964538574,1,-0.9567385,6.9257483,1,0.0,1.7583207,1.2241702,1.2332971,2.0214303,0.0,1.7900584,2.2057705,0.0,0.0,0.0,-0.20709474,0.80740774,0.0,0.0,1.0,0.0,dark zone,1
M4|IGHV1-72*01_IGHD2-13*01_IGHJ2*01,5.5845011075337725,6.396556218465169,3,4.0879817,2.5094082,5,0.92874795,0.8650019,0.9751458,0.14612772,0.2859808,0.0,1.9156915,2.2906163,0.0,0.8583544,1.6654176,0.22010656,-0.3861905,0.0,0.6666666666666666,0.0,0.3333333333333333,Myc+ light zone,1
M4|IGHV1-76*01_IGHD2-4*01_IGHJ2*01,4.275951862335205,4.766542434692383,1,1.5089471,3.171382,2,0.0,2.794021,0.0,0.0,2.0213125,0.0,0.9624467,2.3177047,0.0,0.0,0.0,-0.28803548,1.2330902,0.0,1.0,0.0,0.0,Myc+ light zone,1
M4|IGHV1-81*01_IGHD2-1*01_IGHJ3*01,3.7385995388031006,2.4434211254119873,1,-0.1425731,2.4594018,4,0.6493639,0.0,0.0,0.0,0.0,0.0,0.0,0.0,0.0,0.0,1.8776593,-0.39422444,-0.8779397,0.0,1.0,0.0,0.0,Myc+ light zone,1
M4|IGHV10-1*01_IGHD1-2*01_IGHJ3*01,2.3236846923828125,8.643800735473633,1,1.0663493,7.7137547,1,0.0,2.7647498,1.4214269,0.6331445,2.7398074,0.0,0.88353276,2.1471758,0.0,0.0,0.0,-0.31864473,1.5631913,0.0,0.0,1.0,0.0,dark zone,1
M4|IGHV10-1*01_IGHD3-3*01_IGHJ3*01,1.9062124490737915,8.402449607849121,1,0.96051204,7.8394046,1,0.0,3.34996,2.1653233,0.8210902,0.9418416,0.0,1.6416522,2.4585369,0.0,0.0,0.0,-0.1922124,0.94759315,0.0,0.0,1.0,0.0,dark zone,1
M4|IGHV14-2*01_IGHD2-1*01_IGHJ2*01,4.108439922332764,5.237051486968994,1,1.8492782,3.5563304,2,1.5328323,2.754202,1.2770118,0.213834,2.4821684,0.0,0.8338322,2.1824226,0.0,0.0,0.0,-0.31990185,1.4361727,0.0,1.0,0.0,0.0,Myc+ light zone,1
M4|IGHV14-3*01_IGHD1-1*01_IGHJ2*01,2.0640180110931396,7.55526876449585,1,0.64493686,7.146648,1,0.0,2.959178,1.9749697,0.45427686,2.3263214,0.0,1.0727438,1.6340098,0.0,0.0,0.0,-0.3617357,1.4462196,0.0,1.0,0.0,0.0,Myc+ light zone,1
M4|IGHV9-3*01_IGHD1-1*01_IGHJ3*01,3.9563136100769043,5.857926368713379,1,2.2116256,4.248105,2,0.0,2.3968928,1.8616992,0.0,2.2336562,0.0,0.011669574,2.0105736,0.0,0.0,0.0,-0.4360672,1.1709592,0.0,1.0,0.0,0.0,Myc+ light zone,1
M4|IGHV9-3*01_IGHD3-2*02_IGHJ3*01,5.553510665893555,3.665673017501831,1,0.7697588,2.053807,4,1.7723317,1.7950027,0.0,0.0,0.6650192,0.0,0.0,0.0,0.0,0.0,0.0,-0.6914057,0.17658958,0.0,1.0,0.0,0.0,Myc+ light zone,1
M5|IGHV1-22*01_IGHD1-1*01_IGHJ2*01,7.756325721740723,8.712899208068848,1,7.9704294,0.5227073,3,0.0,2.2333074,0.0,0.0,1.6887635,0.0,3.4448826,3.7652793,0.0,1.8821379,1.8588438,0.7778447,0.8442479,0.0,0.0,0.0,1.0,plasma cell,1
M5|IGHV1-22*01_IGHD2-1*01_IGHJ4*01,3.94883131980896,6.914788246154785,1,3.1312232,4.610827,2,0.0,2.7590122,1.3748645,0.7780395,1.2573171,0.0,1.3979437,2.4385402,0.0,0.0,0.0,-0.22273743,0.85489947,0.0,0.0,1.0,0.0,dark zone,1
M5|IGHV1-22*01_IGHD3-2*02_IGHJ3*01,1.6329734325408936,8.697587013244629,1,0.99570596,7.875583,1,0.0,2.230599,1.5020974,0.48204863,2.339427,0.0,1.6691333,3.1495748,0.0,0.0,0.0,-0.10175567,1.1529679,0.0,0.0,1.0,0.0,dark zone,1
M5|IGHV1-26*01_IGHD3-2*02_IGHJ2*01,-0.5454502105712891,7.087555408477783,1,-2.2923234,9.229836,0,0.0,0.0,2.2278504,0.8793545,0.0,0.0,0.0,2.7207236,0.0,0.0,0.0,-0.3476939,-0.8779397,0.0,0.0,1.0,0.0,dark zone,1
M5|IGHV1-39*01_IGHD1-1*01_IGHJ2*01,3.2317774295806885,3.2982728481292725,1,-0.21662308,3.0948815,4,1.3528109,0.0,0.0,0.0,0.0,0.0,0.0,0.0,0.0,0.0,0.0,-0.6914057,-0.8779397,0.0,1.0,0.0,0.0,Myc+ light zone,1
M5|IGHV1-5*01_IGHD1-1*02_IGHJ4*01,2.98671555519104,4.483020305633545,1,0.07750609,4.186328,4,1.6745608,1.7117811,1.4128851,0.0,2.1231608,0.0,2.055178,0.2650925,0.0,0.0,0.13501011,-0.4004356,0.83671916,0.0,1.0,0.0,0.0,Myc+ light zone,1
M5|IGHV1-53*01_IGHD2-1*01_IGHJ2*01,-0.3694404065608978,3.4833052158355713,1,-4.195853,9.575449,0,0.0,0.0,0.028166907,0.0,0.0,0.0,0.0,0.028166907,0.0,0.0,0.0,-0.6878473,-0.8779397,0.0,0.0,1.0,0.0,dark zone,1
M5|IGHV1-58*01_IGHD1-3*01_IGHJ3*01,10.030998229980469,6.065910816192627,1,9.59526,0.03715029,3,0.0,0.0,0.0,0.0,1.3162932,0.0,3.7414765,3.9717717,0.0,2.3378103,2.6857717,1.0423893,-0.2511463,0.0,0.0,0.0,1.0,plasma cell,1
M5|IGHV1-64*01_IGHD1-1*01_IGHJ3*01,0.8944278955459595,8.016615867614746,1,-1.3415745,8.640258,0,0.0,0.024454683,2.538459,1.1407228,2.7634025,0.0,0.0,1.8635147,0.0,0.0,0.0,-0.455986,0.4479917,0.0,0.0,1.0,0.0,dark zone,1
M5|IGHV1-72*01_IGHD1-1*01_IGHJ1*03,5.943643093109131,5.725165367126465,1,4.138826,2.2231545,5,2.430528,2.517048,1.6611048,0.0,0.0078097275,0.0,1.4496367,2.2772446,0.0,0.0,0.31371102,-0.18752353,0.16044548,0.0,1.0,0.0,0.0,Myc+ light zone,1
M5|IGHV1-72*01_IGHD1-1*01_IGHJ2*01,4.171497169137001,6.246484804153442,10,2.7509696,4.1739917,2,0.6623712,0.7706525,1.1793388,0.27968243,1.4949772,0.19105215,1.0308267,1.6618954,0.0,0.31119093,0.39336786,-0.20313892,0.1507267,0.0,0.5,0.3,0.2,Myc+ light zone,1
M5|IGHV1-72*01_IGHD1-1*01_IGHJ3*01,3.6541397472222648,6.326689561208089,3,2.164193,4.901415,2,0.0,0.036045928,0.35115325,0.24609493,1.3659807,0.0,1.2247393,3.0546577,0.0,0.89381677,0.76934105,0.10114396,-0.21266885,0.0,0.0,0.6666666666666666,0.3333333333333333,dark zone,1
M5|IGHV1-72*01_IGHD1-1*02_IGHJ2*01,2.854008436203003,3.4638917446136475,1,-0.3580044,3.3268838,4,0.0,0.0,1.5406351,0.0,0.0,0.0,0.0,1.9121354,0.0,0.0,0.0,-0.44984367,-0.8779397,0.0,1.0,0.0,0.0,Myc+ light zone,1
M5|IGHV1-72*01_IGHD1-1*02_IGHJ4*01,1.8310481309890747,4.1765947341918945,1,-1.0407228,5.883844,1,0.3427767,0.0,0.0,0.4351138,0.0,0.0,1.4389626,1.9855051,0.0,0.0,0.0,-0.27525732,-0.8779397,0.0,1.0,0.0,0.0,Myc+ light zone,1
M5|IGHV1-72*01_IGHD1-2*01_IGHJ4*01,3.151066303253174,3.68562650680542,1,-0.19540703,3.291939,4,2.0843349,1.3645841,0.0,0.0,0.107540675,0.0,0.0,0.0,0.0,0.0,0.0,-0.6914057,-0.2658003,0.0,1.0,0.0,0.0,Myc+ light zone,1
M5|IGHV1-72*01_IGHD2-1*01_IGHJ3*01,4.033477306365967,6.230185508728027,1,2.6046686,4.246232,2,1.4980881,2.054654,0.97202677,0.0,1.7355931,0.0,0.0,0.0,0.0,0.0,0.0,-0.6914057,0.7931093,0.0,1.0,0.0,0.0,Myc+ light zone,1
M5|IGHV1-72*01_IGHD2-12*01_IGHJ4*01,3.3670495748519897,5.3366639614105225,2,0.6958734,4.583835,4,1.046705,2.144868,0.46645147,0.11104746,1.688689,0.0,0.024270294,1.8842496,0.0,0.0,0.7822293,-0.32677302,0.80785817,0.0,0.5,0.5,0.0,Myc+ light zone,1
M5|IGHV1-72*01_IGHD2-13*01_IGHJ2*01,3.4441094398498535,3.5007333755493164,1,-0.108086996,3.083551,4,0.0,0.0,1.1384658,0.0,0.0,0.0,0.0,1.2525387,0.0,0.0,0.027900144,-0.52875537,-0.8779397,0.0,1.0,0.0,0.0,Myc+ light zone,1
M5|IGHV1-72*01_IGHD2-2*01_IGHJ1*03,8.703024864196777,7.479071617126465,1,8.591719,0.2761162,3,0.0,0.0,0.0,0.0,0.0,0.0,3.9208302,4.093359,0.0,2.6217153,0.0,0.69906825,-0.8779397,0.0,0.0,0.0,1.0,plasma cell,1
M5|IGHV1-72*01_IGHD2-2*01_IGHJ2*01,-0.5492531061172485,6.1726460456848145,2,-2.6280565,9.421526,0,0.0,0.0,1.6755859,0.71724665,0.0,0.0,0.9816483,2.0843248,0.0,0.0,0.0,-0.31531256,-0.8779397,0.0,0.0,1.0,0.0,dark zone,1
M5|IGHV1-72*01_IGHD2-3*01_IGHJ3*01,3.7671430110931396,3.9786570072174072,1,0.39017713,3.2799737,4,0.74604326,0.0,0.0,0.0,0.0,0.0,1.4873159,0.0,0.0,0.0,0.0,-0.5205331,-0.8779397,0.0,1.0,0.0,0.0,Myc+ light zone,1
M5|IGHV1-72*01_IGHD2-5*01_IGHJ4*01,3.208150804042816,4.989405274391174,2,0.47254422,4.3782263,4,1.5794617,1.9138154,1.1634775,0.0,1.6105304,0.0,0.40401906,1.9651875,0.0,0.0,0.0,-0.39672515,0.6756634,0.0,0.5,0.5,0.0,Myc+ light zone,1
M5|IGHV1-72*01_IGHD3-2*02_IGHJ2*01,1.2483199834823608,5.793533802032471,1,-1.423859,7.025686,1,0.0,0.0,1.8365113,1.0169202,0.0,0.0,2.7424238,2.0144098,0.0,0.0,0.0,-0.12185556,-0.8779397,0.0,0.0,1.0,0.0,dark zone,1
M5|IGHV1-72*01_IGHD5-5*01_IGHJ4*01,4.064135551452637,2.8174185752868652,1,0.045934103,2.3890908,4,2.9234657,0.0,0.0,0.0,0.0,0.0,0.0,0.8979281,0.0,0.0,1.0360773,-0.4139873,-0.8779397,0.0,1.0,0.0,0.0,Myc+ light zone,1
M5|IGHV1-80*01_IGHD2-5*01_IGHJ3*01,4.412087917327881,3.1269025802612305,1,0.2757565,2.2477188,4,1.7938954,0.0,0.0,0.0,0.0,0.0,0.0137149645,1.5709896,0.0,0.0,2.765475,-0.053667545,-0.8779397,0.0,1.0,0.0,0.0,Myc+ light zone,1
M5|IGHV1-82*01_IGHD2-4*01_IGHJ4*01,8.549692153930664,7.029465675354004,1,8.222989,0.21603054,3,0.0,0.021354964,0.0,0.0,0.0,0.0,3.2653487,4.137839,0.0,2.2786357,0.21303725,0.6077576,-0.8691615,0.0,0.0,0.0,1.0,plasma cell,1
M5|IGHV2-2*01_IGHD6-1*01_IGHJ2*01,9.731629371643066,8.857515335083008,1,10.216455,0.15467818,3,0.0,0.0,0.0,0.0,0.0,0.0,3.588325,3.8991582,0.0,2.0842834,0.9923623,0.7067053,-0.8779397,0.0,0.0,0.0,1.0,plasma cell,1
M5|IGHV5-6*01_IGHD1-1*01_IGHJ4*01,7.611847400665283,8.236852645874023,1,7.589997,0.5520328,3,0.0,1.8681908,0.0,0.0,1.0217695,0.0,3.4159365,3.76859,0.0,0.0,2.2951672,0.54039055,0.37655213,0.0,0.0,0.0,1.0,plasma cell,1
M5|IGHV9-3*01_IGHD1-1*01_IGHJ2*01,2.787189483642578,8.729187965393066,1,1.2491797,7.573784,1,0.0,3.4235187,0.6345773,0.35093048,2.5665512,0.0,1.1022882,2.3114936,0.0,0.0,0.0,-0.2727542,1.751486,0.0,0.0,1.0,0.0,dark zone,1
M6|IGHV1-15*01_IGHD2-10*01_IGHJ2*01,-0.39140960574150085,7.4763264656066895,1,-1.9983431,9.075419,0,0.0,0.0,0.0,0.71524686,0.0,0.0,0.0,2.7049167,0.0,0.0,0.0,-0.34969077,-0.8779397,1.0,0.0,0.0,0.0,light zone,1
M6|IGHV1-22*01_IGHD1-1*01_IGHJ3*01,3.800411105155945,4.929754257202148,2,1.2385424,3.6665692,2,0.0,1.2981364,1.1004902,0.012775263,0.29691157,0.0,2.3388677,0.72574526,0.0,0.0,0.0,-0.33101705,-0.20293975,0.0,1.0,0.0,0.0,Myc+ light zone,1
M6|IGHV1-5*01_IGHD2-4*01_IGHJ2*01,3.440459966659546,6.36923360824585,1,1.9602386,5.1278653,2,0.0,3.0209484,0.51582265,1.1190797,2.5370018,0.0,1.6832421,2.0441277,0.0,0.0,0.0,-0.23978703,1.571933,0.0,1.0,0.0,0.0,Myc+ light zone,1
M6|IGHV1-53*01_IGHD2-4*01_IGHJ2*01,3.3265790939331055,8.277837753295898,1,1.385687,7.202352,1,0.0,2.5125015,2.2773495,1.6867712,2.1859715,0.0,1.8196812,1.8010247,0.0,0.0,0.0,-0.25482345,1.1957753,1.0,0.0,0.0,0.0,light zone,1
M6|IGHV1-59*01_IGHD1-1*01_IGHJ1*03,5.523398399353027,6.391912937164307,1,4.0536523,2.5982795,5,0.0,2.0983443,1.4441309,0.0,1.732063,0.0,1.3097653,1.9621013,0.0,0.0,0.0,-0.29305696,0.8093879,0.0,1.0,0.0,0.0,Myc+ light zone,1
M6|IGHV1-64*01_IGHD2-12*01_IGHJ4*01,1.5503637790679932,8.180606842041016,1,0.7817765,7.909023,1,0.0,0.0,2.1068914,0.8069549,2.3950984,0.0,0.0,2.9154117,0.0,0.0,0.0,-0.32309872,0.26255998,1.0,0.0,0.0,0.0,light zone,1
M6|IGHV1-64*01_IGHD2-13*01_IGHJ2*01,9.280476570129395,7.447450160980225,1,9.249121,0.1778801,3,0.0970736,0.0,0.0,0.0,0.0,0.8867304,3.905543,4.2284775,0.0,3.3587618,3.0026836,1.5286642,-0.8779397,0.0,0.0,0.0,1.0,plasma cell,1
M6|IGHV1-66*01_IGHD2-13*01_IGHJ2*01,9.348676681518555,7.23637580871582,1,9.198231,0.05756768,3,0.017278958,0.0,0.0,0.0,0.0,0.0,3.6754403,3.6820428,0.0,0.0,3.280382,0.7152025,-0.8779397,0.0,0.0,0.0,1.0,plasma cell,1
M6|IGHV1-72*01_IGHD1-1*01_IGHJ1*03,1.5089852809906006,8.88217544555664,1,0.91608316,7.8977604,1,0.0,0.0,1.7336389,0.0,0.23918656,0.0,2.1556602,2.1238618,0.0,0.0,0.0,-0.17543964,-0.7640437,1.0,0.0,0.0,0.0,light zone,1
M6|IGHV1-72*01_IGHD1-1*01_IGHJ2*01,4.68046577160175,5.355473169913659,13,2.4533758,3.131952,2,1.0831971,1.6627476,0.6885694,0.1441353,1.2048405,0.12086463,1.1088789,1.9042895,0.0,0.4580064,1.0260623,-0.05715491,0.37927687,0.15384615384615385,0.6153846153846154,0.0,0.23076923076923078,Myc+ light zone,1
M6|IGHV1-72*01_IGHD1-1*01_IGHJ2*03,5.352156162261963,5.741365909576416,1,3.6058176,2.5921333,5,0.0,1.9701865,0.5748685,0.0,1.5610107,0.0,1.4838098,2.5406551,0.0,0.0,0.0,-0.19997229,0.67525506,0.0,1.0,0.0,0.0,Myc+ light zone,1
M6|IGHV1-72*01_IGHD1-1*01_IGHJ3*01,7.4274420738220215,5.657733678817749,2,6.0389576,1.2907296,6,1.4459078,1.0592633,0.0,0.0,0.0076453267,0.0,2.18713,2.83684,0.0,1.370599,0.92638385,0.28595713,-0.43887472,0.5,0.5,0.0,0.0,light zone,1
M6|IGHV1-72*01_IGHD2-1*01_IGHJ4*01,9.20063591003418,8.724199295043945,1,9.869337,0.42577752,3,0.0,0.013674903,0.0,0.0,0.25397956,1.8537344,3.332229,3.5317252,0.0,2.2435277,2.9492822,1.4265071,-0.75137836,0.0,0.0,0.0,1.0,plasma cell,1
M6|IGHV1-72*01_IGHD2-4*01_IGHJ2*01,3.167339563369751,5.51028299331665,1,0.6471829,4.7521553,4,0.0,2.326766,1.0832907,0.32622993,1.8722849,0.0,1.1465299,2.1782002,0.0,0.0,0.0,-0.28451052,0.9700547,0.0,1.0,0.0,0.0,Myc+ light zone,1
M6|IGHV1-72*01_IGHD2-4*01_IGHJ4*01,2.5502939224243164,4.255046367645264,1,-0.21499938,4.220694,4,0.0,0.01842786,0.0,0.0,0.0,0.0,0.0,0.122386545,0.0,0.0,0.0,-0.6759445,-0.8703647,0.0,1.0,0.0,0.0,Myc+ light zone,1
M6|IGHV1-74*01_IGHD1-2*01_IGHJ3*01,4.527465343475342,8.156432151794434,1,3.663067,3.9758372,2,0.0,0.0,0.0,0.0,0.0,3.071682,3.635433,4.0535526,0.0,0.0,0.0,1.000956,-0.8779397,0.0,0.0,0.0,1.0,plasma cell,1
M6|IGHV1-74*01_IGHD2-13*01_IGHJ3*01,9.389842987060547,6.148221015930176,1,9.04098,-0.091916636,3,0.0,0.0,0.0,0.0,0.0,2.9083362,4.110186,4.609711,0.0,3.4277756,0.0,1.638134,-0.8779397,0.0,0.0,0.0,1.0,plasma cell,1
M6|IGHV1-75*01_IGHD1-1*01_IGHJ3*01,2.6072285175323486,5.317904949188232,1,-0.09655172,5.342744,1,0.0,2.6970077,1.1182115,1.3272868,0.0,0.0,1.7977605,2.1496966,0.0,0.0,0.0,-0.21329375,0.2307015,0.0,1.0,0.0,0.0,Myc+ light zone,1
M6|IGHV1-81*01_IGHD2-1*01_IGHJ4*01,0.6068053841590881,7.918356895446777,1,-1.485446,8.675291,0,0.0,2.690945,0.897745,1.1322527,3.306071,0.0,0.0,1.9420693,0.0,0.0,0.0,-0.44606206,1.8024967,1.0,0.0,0.0,0.0,light zone,1
M6|IGHV1-84*01_IGHD1-1*01_IGHJ3*01,-0.1502925157546997,7.554896831512451,1,-1.8502202,8.965365,0,0.0,0.0,1.7631744,0.8663396,0.07002622,0.0,1.3349751,2.4601321,0.0,0.0,0.0,-0.22724395,-0.8445946,1.0,0.0,0.0,0.0,light zone,1
M6|IGHV10-1*01_IGHD3-2*02_IGHJ3*01,4.177338600158691,7.666527271270752,1,3.4937239,4.3823204,2,0.0,2.7542155,0.27531978,0.40877563,2.4975271,0.0,1.4043359,2.143781,0.0,0.0,0.0,-0.2592403,1.4434918,1.0,0.0,0.0,0.0,light zone,1
M6|IGHV14-2*01_IGHD2-4*01_IGHJ2*01,4.8659210205078125,3.7041494846343994,1,0.75950533,2.1986935,4,1.9262447,2.9650345,0.0,0.0,2.655508,0.0,0.0,1.889673,0.0,0.0,2.0217123,-0.13270052,1.6053793,0.0,1.0,0.0,0.0,Myc+ light zone,1
M6|IGHV14-3*01_IGHD1-1*01_IGHJ3*01,2.346880029886961,5.202520906925201,4,-0.35432136,5.61294,1,0.9660343,1.182955,1.2270157,0.44939372,1.1820917,0.0,0.0,1.6522732,0.0,0.0,0.563965,-0.39341235,0.17121911,0.25,0.75,0.0,0.0,Myc+ light zone,1
M6|IGHV2-2*01_IGHD2-13*01_IGHJ4*01,1.529355525970459,7.685103416442871,1,0.64314514,7.66352,1,0.012275802,1.6196414,1.5139989,0.0,2.505704,0.0,1.9550916,2.11324,0.0,0.0,0.0,-0.19982414,0.9810036,1.0,0.0,0.0,0.0,light zone,1
M6|IGHV3-6*01_IGHD1-1*01_IGHJ3*01,5.023369789123535,4.53759765625,1,1.6953169,2.5299847,4,0.0,1.6159322,1.2573923,0.7361142,0.1335193,0.0,0.01092802,2.098405,0.0,0.0,0.0,-0.42505655,-0.15010977,0.0,1.0,0.0,0.0,Myc+ light zone,1
M6|IGHV5-6*01_IGHD1-1*01_IGHJ4*01,3.3576698303222656,2.851093292236328,1,-0.23137589,2.711515,4,1.6441808,0.0,0.0,0.0,0.0,2.8968263,0.0,0.0,0.0,0.0,0.0,0.027792454,-0.8779397,0.0,1.0,0.0,0.0,Myc+ light zone,1
M6|IGHV9-3*01_IGHD1-1*01_IGHJ1*03,3.236393451690674,2.845520496368408,1,-0.2788397,2.784751,4,1.835324,0.0,1.104043,0.0,0.0,0.0,0.0,1.7882729,0.0,0.0,0.0,-0.46549132,-0.8779397,0.0,1.0,0.0,0.0,Myc+ light zone,1
M8|IGHV1-22*01_IGHD1-1*01_IGHJ1*03,0.22833774983882904,6.194526195526123,1,-2.3768485,8.4676895,0,0.0,0.0,2.4379091,0.74700594,1.6219035,0.0,1.7516654,1.5926125,0.0,0.0,0.0,-0.28896648,-0.10562056,0.0,0.0,1.0,0.0,dark zone,1
M8|IGHV1-22*01_IGHD1-1*01_IGHJ2*01,1.964282751083374,7.446250915527344,1,0.4645822,7.1820455,1,0.0,2.7530818,2.4108386,0.0,0.26389366,0.0,0.0,2.6418285,0.0,0.0,0.0,-0.35766077,0.37941265,0.0,0.0,1.0,0.0,dark zone,1
M8|IGHV1-22*01_IGHD1-1*01_IGHJ3*01,4.809601783752441,3.8415687084198,1,0.99097306,2.4631748,4,2.5098524,0.012937963,0.0,0.0,1.1874938,0.0,1.1510957,1.2528281,0.0,0.0,0.0,-0.40088916,-0.3071598,0.0,1.0,0.0,0.0,Myc+ light zone,1
M8|IGHV1-22*01_IGHD2-5*01_IGHJ3*01,5.176792621612549,4.986483097076416,1,3.1173906,2.3893895,5,0.0,2.8640783,0.0,0.0,2.4404585,0.0,1.3622519,1.0238017,0.0,0.0,0.0,-0.40556332,1.4614775,0.0,1.0,0.0,0.0,Myc+ light zone,1
M8|IGHV1-26*01_IGHD1-1*01_IGHJ1*03,5.16309118270874,2.773059844970703,1,0.3486703,2.0499854,4,2.711799,0.0,0.0,0.0,0.0,0.0,1.7571597,0.0,0.0,0.0,0.0,-0.48953164,-0.8779397,0.0,1.0,0.0,0.0,Myc+ light zone,1
M8|IGHV1-53*01_IGHD1-1*02_IGHJ4*01,3.8984262943267822,3.4987123012542725,1,0.24882264,2.8470414,4,0.0,0.8859412,0.0,0.0,0.0,0.0,0.0,0.0,0.0,0.0,0.0,-0.6914057,-0.5137617,0.0,1.0,0.0,0.0,Myc+ light zone,1
M8|IGHV1-62-2*01_IGHD1-1*01_IGHJ3*01,9.961015701293945,6.767077445983887,1,9.786957,-0.066942856,3,0.019679321,0.0,0.0,0.0,0.8118528,0.0,3.8022711,3.735788,0.0,2.2243867,1.0184165,0.73736954,-0.4913511,0.0,0.0,0.0,1.0,plasma cell,1
M8|IGHV1-62-2*01_IGHD2-2*01_IGHJ3*01,4.338658809661865,4.4240403175354,1,1.1461012,2.9472132,4,1.8149052,2.005609,1.64295,0.0,1.7767256,0.0,1.7228454,2.0618703,0.0,0.0,0.56535524,-0.14351566,0.7925353,0.0,1.0,0.0,0.0,Myc+ light zone,1
M8|IGHV1-64*01_IGHD1-1*01_IGHJ3*01,2.845094919204712,7.890841484069824,1,1.1991156,7.1585436,1,0.0,2.4324641,1.7971586,0.7425966,2.2800522,0.0,0.0,3.053893,0.0,0.0,0.0,-0.30560422,1.2076743,0.0,0.0,1.0,0.0,dark zone,1
M8|IGHV1-64*01_IGHD2-1*01_IGHJ4*01,4.433978080749512,3.6438891887664795,1,0.71420884,2.510412,4,0.0,0.0,2.1860218,0.0,0.0,0.0,1.9191128,1.8244702,0.0,0.0,0.0,-0.24043821,-0.8779397,0.0,1.0,0.0,0.0,Myc+ light zone,1
M8|IGHV1-64*01_IGHD2-13*01_IGHJ2*01,5.928460121154785,5.419367790222168,1,3.8913124,2.2323344,5,2.2323303,2.7402432,0.0,0.19553187,2.0590672,0.0,0.0,0.9295222,0.0,0.0,2.0442648,-0.25042793,1.2289622,0.0,1.0,0.0,0.0,Myc+ light zone,1
M8|IGHV1-72*01_IGHD1-1*01_IGHJ1*03,3.755897730588913,6.388931035995483,6,2.3246596,4.8347964,2,0.30726972,0.8036942,1.2801381,0.21176703,0.7519911,0.44437245,2.0585008,2.783188,0.0,0.31947866,0.6705432,0.16467924,-0.18948679,0.0,0.16666666666666666,0.5,0.3333333333333333,dark zone,1
M8|IGHV1-72*01_IGHD1-1*01_IGHJ2*01,3.781437722119418,6.047548597509211,11,2.1175194,4.5769053,2,0.62255865,1.2156924,1.019127,0.28337705,1.2167672,0.0,1.5338893,2.1090143,0.0,0.45297405,0.25808322,-0.13483253,0.20118813,0.0,0.36363636363636365,0.45454545454545453,0.18181818181818182,dark zone,1
M8|IGHV1-72*01_IGHD1-1*02_IGHJ2*01,-0.4257377404719591,5.514005184173584,2,-3.1075368,9.413739,0,0.0,2.1737025,1.940017,0.9813854,0.9547659,0.0,0.8937072,2.101752,0.0,0.0,0.0,-0.32321423,0.47023103,0.0,0.0,1.0,0.0,dark zone,1
M8|IGHV1-72*01_IGHD1-1*02_IGHJ4*01,5.392510016759236,4.9476869106292725,3,3.192541,2.357565,5,1.5043789,0.0,0.0,0.0,0.7626113,0.0,1.6176271,2.3203318,0.0,0.8863151,1.8555175,0.22421479,-0.51479894,0.0,0.6666666666666666,0.0,0.3333333333333333,Myc+ light zone,1
M8|IGHV1-72*01_IGHD2-1*01_IGHJ3*01,2.138317346572876,7.04619026184082,1,0.41657615,6.885602,1,0.0,2.476067,1.8032436,0.79598916,1.9498824,0.0,1.4368652,2.3698878,0.0,0.0,0.0,-0.2269388,1.0683773,0.0,0.0,1.0,0.0,dark zone,1
M8|IGHV1-72*01_IGHD2-1*01_IGHJ4*01,4.1919050216674805,3.9865007400512695,2,0.7207838,2.8653393,4,2.3875756,1.3593364,0.0,0.21301994,0.8892038,0.0,0.0,2.1071975,0.0,0.0,0.8763782,-0.28649494,0.10425544,0.0,1.0,0.0,0.0,Myc+ light zone,1
M8|IGHV1-72*01_IGHD2-13*01_IGHJ2*01,-0.916174054145813,6.168694496154785,1,-3.0340676,9.864319,0,0.0,0.0,1.7424234,0.0,0.0,0.0,1.9630762,1.7453239,0.0,0.0,0.0,-0.24538602,-0.8779397,0.0,0.0,1.0,0.0,dark zone,1
M8|IGHV1-74*01_IGHD2-13*01_IGHJ3*01,5.086907386779785,3.6319758892059326,2,0.7977836,2.1924412,4,2.3395967,2.7140386,0.56913346,0.0,0.25961503,0.0,0.090603754,1.0157986,0.0,0.0,0.77760875,-0.42959583,0.361326,0.0,1.0,0.0,0.0,Myc+ light zone,1
M8|IGHV1-75*01_IGHD1-1*01_IGHJ3*01,5.403866529464722,5.413726568222046,2,3.4903443,2.45833,5,0.7930601,0.0,0.71257126,0.0,0.9704461,0.0,0.0,1.7729449,0.0,0.0,0.0,-0.46742773,-0.415832,0.0,1.0,0.0,0.0,Myc+ light zone,1
M8|IGHV1-76*01_IGHD1-1*02_IGHJ4*01,5.529780387878418,6.18113374710083,1,3.9366016,2.627669,5,1.6750478,0.0,1.1798398,0.0,1.7019637,0.0,0.0,1.7103151,0.0,0.0,0.0,-0.4753398,-0.06749746,0.0,1.0,0.0,0.0,Myc+ light zone,1
M8|IGHV1-76*01_IGHD2-10*02_IGHJ3*01,2.3544559478759766,5.510578632354736,1,-0.2256786,5.6962104,1,0.0,1.4456826,1.8504763,1.620563,0.0,0.0,0.0,1.7883852,0.0,0.0,2.0790026,-0.13642885,-0.28367245,0.0,1.0,0.0,0.0,Myc+ light zone,1
M8|IGHV1-80*01_IGHD1-1*01_IGHJ2*01,0.02481255494058132,6.372039318084717,1,-2.3068733,8.603931,0,0.0,0.30582175,2.5297127,1.4985492,0.0,0.0,0.0,2.5902815,0.0,0.0,0.0,-0.3641728,-0.75222754,0.0,0.0,1.0,0.0,dark zone,1
M8|IGHV1-81*01_IGHD1-1*01_IGHJ2*01,3.4292056560516357,4.371707916259766,1,0.34747016,3.7920449,4,0.0,2.92859,0.0,0.0,1.9489464,0.0,1.4478539,2.0410643,0.0,0.0,0.30940422,-0.21824688,1.2539473,0.0,1.0,0.0,0.0,Myc+ light zone,1
M8|IGHV1-81*01_IGHD6-1*01_IGHJ4*01,3.2925429344177246,5.110471725463867,1,0.5703867,4.5069084,4,0.0,0.6051724,2.065613,0.0,1.5522867,0.0,1.5268084,3.1083095,0.0,0.0,0.0,-0.12331996,0.10999352,0.0,1.0,0.0,0.0,Myc+ light zone,1
M8|IGHV10-1*01_IGHD2-13*01_IGHJ2*01,2.5016047954559326,3.117835283279419,1,-0.40650243,3.2341545,4,2.8253682,0.0,0.9463183,0.0,0.0,0.0,0.0,1.5555862,0.0,0.0,2.7457418,-0.06031229,-0.8779397,0.0,1.0,0.0,0.0,Myc+ light zone,1
M8|IGHV10-1*01_IGHD3-2*02_IGHJ3*01,3.0830748081207275,5.956739902496338,1,1.2171984,5.1464252,2,0.020298589,2.5078337,1.7751108,0.0,0.7836039,0.0,0.020298589,2.101338,0.0,0.0,0.0,-0.4236095,0.5260761,0.0,0.0,1.0,0.0,dark zone,1
M8|IGHV14-2*01_IGHD2-4*01_IGHJ2*01,9.415848731994629,8.5379056930542,1,9.975839,0.23493437,3,0.0,0.0,0.0,0.0,0.0,0.0,3.522618,3.894758,0.0,1.3166012,2.2789207,0.77839327,-0.8779397,0.0,0.0,0.0,1.0,plasma cell,1
M8|IGHV14-2*01_IGHD2-5*01_IGHJ3*02,3.5670325756073,6.081681251525879,1,1.9566104,4.808977,2,2.3777192,2.857321,0.0,0.0,2.1792767,0.0,0.0,1.1858822,0.0,0.0,1.9934106,-0.2260905,1.3343301,0.0,1.0,0.0,0.0,Myc+ light zone,1
M8|IGHV14-3*01_IGHD1-1*01_IGHJ2*01,-1.0921931266784668,5.186215400695801,1,-3.622797,10.092111,0,0.0,0.0,1.9602863,0.6620025,0.0,0.0,0.0,1.6532669,0.0,0.0,0.0,-0.48254678,-0.8779397,0.0,0.0,1.0,0.0,dark zone,1
M8|IGHV14-3*01_IGHD1-1*01_IGHJ3*01,2.9265228509902954,5.43557596206665,2,0.44280776,4.9212995,4,0.0,2.7197645,0.84788287,0.40108985,1.1321458,0.0,0.70202076,0.6581543,0.0,0.0,0.0,-0.5276076,0.77916193,0.0,1.0,0.0,0.0,Myc+ light zone,1
M8|IGHV3-6*01_IGHD1-1*01_IGHJ3*01,4.853193044662476,4.683977723121643,2,1.6929903,2.6494572,4,1.344731,0.81395584,0.75638163,0.15995643,1.1440319,0.0038322941,1.7322626,1.8832439,0.0,0.0,1.2345701,-0.05813026,0.001413703,0.0,1.0,0.0,0.0,Myc+ light zone,1
M8|IGHV3-6*01_IGHD1-1*02_IGHJ1*03,7.802813529968262,7.538747787475586,1,7.516878,0.48710066,3,0.0,0.0,0.0,0.0,0.0,0.0,3.6142616,3.8967047,0.0,1.6700567,2.7602806,0.9223692,-0.8779397,0.0,0.0,0.0,1.0,plasma cell,1
M8|IGHV4-1*01_IGHD1-1*01_IGHJ3*01,4.452424049377441,2.973670482635498,1,0.23767816,2.2644067,4,2.1561732,1.1660227,0.0,0.0,1.247955,0.0,2.0842578,0.0,0.0,0.0,0.0,-0.45195246,0.19562164,0.0,1.0,0.0,0.0,Myc+ light zone,1
M8|IGHV9-3*01_IGHD1-1*01_IGHJ2*01,1.8006750345230103,6.119755983352661,2,-0.494536,6.533414,1,0.9203331,1.0485201,1.7793626,0.0,1.1794794,0.0040057125,0.007979589,1.9552753,0.0,0.0,1.088875,-0.27014387,0.11471388,0.0,0.5,0.5,0.0,Myc+ light zone,1
M8|IGHV9-3*01_IGHD2-2*01_IGHJ3*01,1.000008225440979,3.8399498462677,1,-3.3371277,8.51655,0,0.0,0.0,0.0,0.0,0.0,0.0,0.0,0.0,0.0,0.0,0.0,-0.6914057,-0.8779397,0.0,0.0,1.0,0.0,dark zone,1
S1|IGHV1-12*01_IGHD1-1*01_IGHJ1*03,8.391475677490234,9.059070587158203,1,9.183678,0.626912,3,0.19955397,1.7804453,0.0,0.0,2.1266205,0.036148384,3.008227,3.6654441,0.0,2.4340405,2.1821113,0.86423206,0.86659193,0.0,0.0,0.0,1.0,plasma cell,1
S1|IGHV1-22*01_IGHD1-1*01_IGHJ3*01,8.392194747924805,9.18497371673584,1,9.262754,0.5792849,3,0.0,0.0,0.0,0.0,0.0,0.0,3.874053,4.5448017,0.0,1.6021069,1.8153273,0.8735697,-0.8779397,0.0,0.0,0.0,1.0,plasma cell,1
S1|IGHV1-22*01_IGHD2-1*01_IGHJ4*01,1.8811211287975311,6.850248336791992,2,0.0707448,6.910723,1,0.0,1.2709816,1.3480425,0.7071874,1.0337924,0.0,0.4924084,1.0086054,0.0,0.0,0.0,-0.5074164,0.13678634,1.0,0.0,0.0,0.0,light zone,1
S1|IGHV1-22*01_IGHD2-2*01_IGHJ3*01,0.007808336056768894,6.59548807144165,1,-2.2582648,8.662609,0,0.0,2.3538735,0.0,0.0,2.6693015,0.0,0.0,2.6183898,0.0,0.0,0.0,-0.3606218,1.3607216,1.0,0.0,0.0,0.0,light zone,1
S1|IGHV1-22*01_IGHD2-3*01_IGHJ3*01,4.689284324645996,5.661777496337891,1,2.6632988,3.2425175,2,1.0902727,2.8566568,1.2993528,0.0,2.51262,0.0,2.182321,2.3424556,0.0,0.0,0.0,-0.14476147,1.4927887,1.0,0.0,0.0,0.0,light zone,1
S1|IGHV1-22*01_IGHD3-1*01_IGHJ1*03,2.3616561889648438,6.145660400390625,1,0.028641013,6.141423,1,0.0,2.7417982,1.3068525,1.0971029,2.4366734,0.0,0.0,1.7781308,0.0,0.0,0.0,-0.4667726,1.4094102,1.0,0.0,0.0,0.0,light zone,1
S1|IGHV1-22*01_IGHD5-2*01_IGHJ1*03,1.0452581644058228,6.104888916015625,1,-1.6283331,7.268116,1,0.0,1.6696746,2.4328876,0.48102897,0.0,0.0,0.0,2.1297612,0.0,0.0,0.0,-0.42235076,-0.19159752,1.0,0.0,0.0,0.0,light zone,1
S1|IGHV1-26*01_IGHD1-1*01_IGHJ3*01,2.1679141521453857,4.8543219566345215,1,-0.5301847,5.5620465,1,0.0,3.000291,1.6862385,0.41377744,1.9055561,0.0,1.2086773,0.8432947,0.0,0.0,0.0,-0.44601062,1.2627593,1.0,0.0,0.0,0.0,light zone,1
S1|IGHV1-39*01_IGHD2-4*01_IGHJ3*01,6.170818328857422,5.506695747375488,1,4.167122,2.1387005,5,2.308844,2.8182857,0.0,0.0,1.6615049,0.0,0.0,0.0,0.0,0.0,2.0384314,-0.3687787,1.0717311,1.0,0.0,0.0,0.0,light zone,1
S1|IGHV1-4*01_IGHD2-3*01_IGHJ4*01,0.6551126837730408,4.980519771575928,1,-2.8590775,8.287163,0,0.0,3.330441,1.6342945,0.0,0.0,0.0,1.4314731,1.5457612,0.0,0.0,0.0,-0.33167103,0.49108285,1.0,0.0,0.0,0.0,light zone,1
S1|IGHV1-50*01_IGHD2-4*01_IGHJ2*01,0.5416498780250549,3.7626051902770996,1,-3.5256522,8.750042,0,1.5761033,0.79455334,0.0,0.94984794,0.0,0.0,0.0,0.0,0.0,0.0,0.0,-0.6914057,-0.5513279,1.0,0.0,0.0,0.0,light zone,1
S1|IGHV1-53*01_IGHD2-13*01_IGHJ4*01,5.426542282104492,5.119802474975586,1,3.365885,2.3592021,5,1.6891513,0.0,0.7933898,0.0,0.5957526,0.0,0.0,0.0,0.0,0.0,0.052192636,-0.68314505,-0.59425384,1.0,0.0,0.0,0.0,light zone,1
S1|IGHV1-53*01_IGHD2-2*01_IGHJ4*01,-1.0279109477996826,4.385263442993164,1,-3.9750211,9.981987,0,0.0,0.0,0.0,0.0,0.0,0.0,0.0,0.0,0.0,0.0,0.0,-0.6914057,-0.8779397,1.0,0.0,0.0,0.0,light zone,1
S1|IGHV1-53*01_IGHD2-4*01_IGHJ3*01,8.876299381256104,6.84796142578125,2,8.559606,0.06462498,3,0.0,0.0,0.0,0.0,1.1279199,1.3546329,3.5164542,4.28015,0.0,2.3180273,1.4337173,1.1904547,-0.340846,0.0,0.0,0.0,1.0,plasma cell,1
S1|IGHV1-55*01_IGHD3-1*01_IGHJ2*01,1.8341041803359985,6.185694694519043,1,-0.41858268,6.573286,1,0.0,2.9772415,2.542218,0.6368172,2.1690824,0.0,0.0,1.7939118,0.0,0.0,0.0,-0.46477893,1.3787706,1.0,0.0,0.0,0.0,light zone,1
S1|IGHV1-7*01_IGHD1-1*02_IGHJ1*03,0.016160139814019203,4.459249496459961,1,-3.4093943,8.879704,0,0.0,0.0,0.0,0.6501287,0.0,0.0,0.0,2.3491259,0.0,0.0,0.0,-0.3946382,-0.8779397,1.0,0.0,0.0,0.0,light zone,1
S1|IGHV1-72*01_IGHD1-1*01_IGHJ1*03,3.781575014193853,6.964206218719482,3,3.139485,4.6056256,2,0.0,0.83190507,0.8670964,0.18037994,1.1029398,0.0,1.1906614,2.3923423,0.0,0.897134,0.039489496,-0.10142223,-0.010775268,0.6666666666666666,0.0,0.0,0.3333333333333333,light zone,1
S1|IGHV1-72*01_IGHD1-1*01_IGHJ2*01,3.9640256580896676,7.025287804396256,46,3.2364573,4.585589,2,0.24877432,1.0655483,0.9865308,0.31261462,0.866006,0.41219497,1.6171439,2.5589423,0.0,0.53091675,0.6692709,0.11156068,-0.027556367,0.5652173913043478,0.0,0.08695652173913043,0.34782608695652173,light zone,1
S1|IGHV1-72*01_IGHD1-1*01_IGHJ2*02,5.218066692352295,3.669861316680908,1,0.8336356,2.1239994,4,1.8077575,2.7822645,0.94456255,0.0,1.3940425,0.0,1.6177003,1.8958306,0.0,0.0,0.39388686,-0.20371008,0.92956364,1.0,0.0,0.0,0.0,light zone,1
S1|IGHV1-72*01_IGHD1-1*01_IGHJ3*01,3.3188404781477794,6.932555902571905,21,1.895704,5.659144,2,0.3317084,0.85216576,0.94091314,0.49262795,0.92349523,0.2658028,1.3152754,2.3698697,0.0,0.40724263,0.836504,0.023168037,-0.08789488,0.47619047619047616,0.0,0.2857142857142857,0.23809523809523808,light zone,1
S1|IGHV1-72*01_IGHD1-1*01_IGHJ4*01,5.039839084659304,7.002581596374512,7,3.753667,3.2915921,2,0.58913153,0.6293424,0.6088277,0.20711152,0.5823044,0.087354474,1.944586,2.9871614,0.0,1.0102928,0.8663576,0.231149,-0.34195796,0.42857142857142855,0.0,0.14285714285714285,0.42857142857142855,light zone,1
S1|IGHV1-72*01_IGHD1-1*02_IGHJ1*03,3.9220625360806785,6.906330585479736,3,3.1898732,4.5851426,2,0.0,0.98649335,1.3327373,0.65249676,0.8450926,0.03285607,1.4142894,2.780511,0.0,0.7033336,0.82170194,0.0740054,-0.070011534,0.6666666666666666,0.0,0.0,0.3333333333333333,light zone,1
S1|IGHV1-72*01_IGHD1-1*02_IGHJ2*01,7.13101589679718,8.50699758529663,4,7.322983,0.64195305,3,0.0022935164,1.226609,0.1947949,0.30017948,0.5182638,0.6555942,3.0518916,3.3820577,0.0,1.6843309,1.2897824,0.72507304,-0.1269384,0.0,0.0,0.25,0.75,plasma cell,1
S1|IGHV1-72*01_IGHD1-1*02_IGHJ4*01,2.0449419021606445,8.419295310974121,1,1.1043153,7.8364916,1,0.0,1.7538556,0.24093863,1.1159294,0.0,0.0,1.7121236,0.53552896,0.0,0.0,0.0,-0.42705175,-0.1569938,1.0,0.0,0.0,0.0,light zone,1
S1|IGHV1-72*01_IGHD1-2*01_IGHJ1*03,8.91440486907959,7.099144458770752,1,8.627594,0.007996034,3,0.0,0.0,0.0,0.0,0.0,1.8270124,4.003229,4.5421176,0.0,1.7471598,0.0,1.077748,-0.8779397,0.0,0.0,0.0,1.0,plasma cell,1
S1|IGHV1-72*01_IGHD1-2*01_IGHJ4*01,2.5326554775238037,7.17741584777832,1,0.82034487,6.706717,1,1.4731312,2.87564,2.0512333,0.43387997,2.721406,0.0,0.074740805,1.9716499,0.0,0.0,0.0,-0.43373844,1.6000118,1.0,0.0,0.0,0.0,light zone,1
S1|IGHV1-72*01_IGHD2-1*01_IGHJ2*01,5.739493561287721,7.615162531534831,3,5.4767656,1.6437614,6,0.0,0.4638543,0.33274356,0.23470788,0.8850023,0.0,2.0951068,3.502581,0.0,0.78369874,1.0305104,0.28129697,-0.26584515,0.3333333333333333,0.0,0.0,0.6666666666666666,plasma cell,1
S1|IGHV1-72*01_IGHD2-1*01_IGHJ4*01,0.2036769986152649,6.34298038482666,3,-2.3368628,8.4638195,0,0.0,0.0,1.3861809,0.56522804,0.5920076,0.0,1.0297822,1.2417885,0.0,0.0,0.74866205,-0.29772875,-0.5960371,0.6666666666666666,0.0,0.3333333333333333,0.0,light zone,1
S1|IGHV1-72*01_IGHD2-10*02_IGHJ1*03,7.947985649108887,9.071135520935059,1,8.518075,0.59658426,3,0.0,3.0416837,0.0,0.0,2.4048462,0.95449847,3.5793223,3.4163527,0.0,2.140963,2.8686159,1.1877537,1.5175266,0.0,0.0,0.0,1.0,plasma cell,1
S1|IGHV1-72*01_IGHD2-12*01_IGHJ4*01,6.36614547835456,7.439750989278157,9,5.7194095,1.4678445,6,0.7054078,0.98202294,0.43506706,0.16444123,0.63143855,0.16701142,2.7125,3.260745,0.0,1.3186446,1.3161325,0.49463728,-0.17358711,0.3333333333333333,0.0,0.0,0.6666666666666666,plasma cell,1
S1|IGHV1-72*01_IGHD2-13*01_IGHJ2*01,1.7044135332107544,8.100981712341309,1,0.84517276,7.8204274,1,0.0,2.4868536,1.4909163,0.8993968,0.736556,0.0,0.0,1.0044123,0.0,0.0,0.0,-0.56451726,0.49504864,1.0,0.0,0.0,0.0,light zone,1
S1|IGHV1-72*01_IGHD2-3*01_IGHJ1*03,2.362719740718603,6.554874102274577,6,0.32771048,6.3808284,1,0.070206665,0.93827873,1.7288991,0.4738337,0.884793,0.102656454,0.8094072,1.9384365,0.0,0.4931384,0.198479,-0.21708326,-0.07092629,0.8333333333333334,0.0,0.0,0.16666666666666666,light zone,1
S1|IGHV1-72*01_IGHD2-3*01_IGHJ3*01,2.0739543437957764,7.114591836929321,4,0.4066391,6.972948,1,0.54187053,2.0302556,1.0910512,0.8298307,1.3661695,0.0,0.31544453,1.0683992,0.0,0.0,0.0,-0.5201934,0.6071676,1.0,0.0,0.0,0.0,light zone,1
S1|IGHV1-72*01_IGHD2-4*01_IGHJ2*01,4.75642192363739,6.115313529968262,4,3.171248,3.395146,2,0.0,0.09009726,1.0308893,0.18939488,0.0738167,0.42791575,2.6255283,2.9767427,0.0,0.6494554,0.9126451,0.34173536,-0.80575395,0.5,0.0,0.0,0.5,light zone,1
S1|IGHV1-72*01_IGHD2-5*01_IGHJ4*01,6.72681458791097,8.589653650919596,3,7.1920543,0.6986921,3,0.0,1.6969465,0.32805958,0.28902188,1.4961609,0.0,1.9059286,3.0756843,0.0,1.6958652,2.2303584,0.5426754,0.53205585,0.3333333333333333,0.0,0.0,0.6666666666666666,plasma cell,1
S1|IGHV1-72*01_IGHD3-2*02_IGHJ2*01,3.965913861989975,7.066758632659912,2,3.2623532,4.5390882,2,0.0,0.0,1.7463626,0.22608167,0.7125182,0.0,3.0127854,3.1749687,0.0,1.1982192,1.2034459,0.4395749,-0.5386523,0.5,0.0,0.0,0.5,light zone,1
S1|IGHV1-72*01_IGHD4-1*01_IGHJ1*03,3.3958446979522705,6.471606254577637,1,1.8858881,5.2371006,2,0.0,2.3208947,1.5620929,0.5971927,1.752722,0.0,0.55270344,1.9713398,0.0,0.0,0.0,-0.3788661,0.9107076,1.0,0.0,0.0,0.0,light zone,1
S1|IGHV1-72*01_IGHD5-1-1*01_IGHJ1*03,7.779496669769287,7.095290660858154,1,7.4434195,0.48125726,3,0.0,2.284924,0.0,0.0,0.0,0.0,3.5885859,4.9891806,0.0,0.9913447,2.284924,0.8727152,0.06130904,0.0,0.0,0.0,1.0,plasma cell,1
S1|IGHV1-72*04_IGHD1-1*01_IGHJ2*01,0.20994406938552856,5.5664167404174805,1,-2.7994347,8.535983,0,0.0,0.0,1.0382093,0.3023704,0.057177488,0.0,2.3637514,2.159788,0.0,0.0,0.0,-0.14699416,-0.8507129,0.0,0.0,1.0,0.0,dark zone,1
S1|IGHV1-75*01_IGHD4-1*01_IGHJ4*01,0.9816030263900757,6.060039043426514,1,-1.6736122,7.3249416,1,0.0,0.0,1.3101712,0.0,0.0,0.0,0.0,2.564776,0.0,0.0,0.7171486,-0.25389025,-0.8779397,1.0,0.0,0.0,0.0,light zone,1
S1|IGHV1-76*01_IGHD1-3*01_IGHJ3*01,1.410474419593811,4.602620601654053,1,-1.2898185,6.363956,1,0.0,0.0,2.344809,1.3748232,0.0,0.0,0.0,2.5374253,0.0,0.0,0.0,-0.37085018,-0.8779397,1.0,0.0,0.0,0.0,light zone,1
S1|IGHV1-80*01_IGHD2-5*01_IGHJ3*01,4.004011154174805,7.682164192199707,1,3.5352662,4.43703,2,0.0,0.0,1.1789746,0.0,0.0,0.0,0.0,1.4273244,0.0,0.0,0.0,-0.51109034,-0.8779397,1.0,0.0,0.0,0.0,light zone,1
S1|IGHV1-81*01_IGHD2-4*01_IGHJ4*01,7.700006008148193,8.765762329101562,1,7.9642906,0.4998729,3,1.5666571,2.9294145,0.0,0.0,0.115360215,0.0,2.8334947,3.0425408,0.0,0.7486221,1.9050697,0.44077078,0.38116777,0.0,0.0,0.0,1.0,plasma cell,1
S1|IGHV1-81*01_IGHD4-1*01_IGHJ3*01,-0.4899076819419861,3.6634864807128906,1,-4.0618043,9.596147,0,0.0,0.0,0.0,0.0,0.0,0.0,0.0,0.0,0.0,0.0,0.0,-0.6914057,-0.8779397,1.0,0.0,0.0,0.0,light zone,1
S1|IGHV10-3*01_IGHD4-1*01_IGHJ3*01,8.755081176757812,7.651765823364258,1,8.640257,0.16529807,3,1.6647761,0.0,0.0,0.0,0.0,0.0,2.2604141,3.6718705,0.0,1.8514694,0.017916555,0.3336501,-0.8779397,0.0,0.0,0.0,1.0,plasma cell,1
S1|IGHV3-6*01_IGHD1-1*02_IGHJ1*03,5.909351825714111,4.829528331756592,1,3.638173,2.201795,5,1.829424,0.0,1.1876826,0.0,0.0,0.0,0.0,1.1263287,0.0,0.0,0.58134806,-0.4571042,-0.8779397,1.0,0.0,0.0,0.0,light zone,1
S1|IGHV3-6*01_IGHD2-12*01_IGHJ3*02,0.24189847707748413,6.438872337341309,1,-2.2278893,8.358059,0,0.0,0.0,2.2470293,0.8515895,0.0,0.0,0.035663683,2.4910307,0.0,0.0,0.0,-0.3726139,-0.8779397,1.0,0.0,0.0,0.0,light zone,1
S1|IGHV3-6*01_IGHD2-5*01_IGHJ3*01,1.861607313156128,6.434798717498779,1,-0.29303136,6.6226525,1,0.0,0.0,1.7004093,1.0950783,0.0,0.14830263,0.0,2.1865432,0.0,0.0,0.0,-0.37835816,-0.8779397,1.0,0.0,0.0,0.0,light zone,1
S1|IGHV4-1*01_IGHD1-1*01_IGHJ2*01,-0.637708842754364,6.398997783660889,1,-2.6832223,9.501249,0,0.0,0.0,1.6015407,0.0,0.0,0.0,0.0,2.7648501,0.0,0.0,0.0,-0.3421193,-0.8779397,0.0,0.0,1.0,0.0,dark zone,1
S1|IGHV5-17*01_IGHD1-1*02_IGHJ4*01,0.860073688129584,6.455495913823445,6,-1.6036453,7.448751,1,0.0,0.7718851,1.6258129,0.5280275,0.8560486,0.0,0.4891534,2.3049145,0.0,0.0,0.0,-0.34402633,-0.15301214,0.8333333333333334,0.0,0.16666666666666666,0.0,light zone,1
S1|IGHV6-3*01_IGHD1-1*01_IGHJ3*01,0.6538837254047394,7.645327806472778,2,-1.5259109,8.680089,0,0.0,1.7684561,1.804713,1.300415,1.9832846,0.0,0.0,2.3292003,0.0,0.0,0.0,-0.3971554,0.79340976,0.5,0.0,0.5,0.0,light zone,1
S1|IGHV8-8*01_IGHD1-1*01_IGHJ1*03,-0.018255559727549553,3.2442827224731445,1,-4.0137377,9.464767,0,0.0,0.0145088835,0.0,1.3365821,0.0,0.0,2.186784,0.0145088835,0.0,0.0,0.0,-0.43834063,-0.87197566,1.0,0.0,0.0,0.0,light zone,1
S1|IGHV9-1*01_IGHD1-1*01_IGHJ3*01,4.018356800079346,6.176149368286133,1,2.5002046,4.321594,2,0.0,2.7252717,1.1989112,0.47160164,1.4190776,0.0,1.4696122,2.444492,0.0,0.0,0.01330134,-0.21164656,0.9180572,1.0,0.0,0.0,0.0,light zone,1
S1|IGHV9-3*01_IGHD2-12*01_IGHJ3*01,0.37213337421417236,7.478628635406494,1,-1.636393,8.756707,0,0.0,0.0,0.97440505,0.57087153,0.0,0.0,0.0,3.036478,0.0,0.0,0.0,-0.3078043,-0.8779397,1.0,0.0,0.0,0.0,light zone,1
S2|IGHV1-12*01_IGHD1-1*01_IGHJ2*01,-0.2878621518611908,6.7844038009643555,1,-2.2512913,9.063489,0,0.0,0.0,1.8957844,0.0,0.0,0.0,0.0,2.198263,0.0,0.0,0.0,-0.41369686,-0.8779397,1.0,0.0,0.0,0.0,light zone,1
S2|IGHV1-15*01_IGHD2-10*01_IGHJ2*01,2.9135656356811523,8.138453483581543,1,1.2659602,7.1685834,1,0.0,2.931229,1.8076382,0.0,2.2793634,0.0,1.3643371,1.8682082,0.0,0.0,0.0,-0.298649,1.4123703,1.0,0.0,0.0,0.0,light zone,1
S2|IGHV1-22*01_IGHD1-1*01_IGHJ1*03,9.986062049865723,7.284633636474609,1,9.8399725,-0.024630833,3,0.0,0.0,0.0,0.0,2.2699564,0.0,3.537122,3.8837395,0.0,1.4590683,0.0,0.44095907,0.2029697,0.0,0.0,0.0,1.0,plasma cell,1
S2|IGHV1-22*01_IGHD1-1*01_IGHJ4*01,-0.23386892676353455,3.3251287937164307,1,-4.168706,9.547398,0,0.0,0.0,1.2691069,0.6129371,0.0,2.2553892,1.9883616,0.0,0.0,0.0,0.0,0.09697827,-0.8779397,1.0,0.0,0.0,0.0,light zone,1
S2|IGHV1-22*01_IGHD2-3*01_IGHJ3*01,2.0477142333984375,6.443718910217285,1,-0.0839254,6.5997987,1,0.0,3.237018,1.5716329,0.40870035,1.851781,0.0,0.0,2.3627768,0.0,0.0,0.0,-0.39291367,1.3344625,1.0,0.0,0.0,0.0,light zone,1
S2|IGHV1-26*01_IGHD1-1*01_IGHJ3*01,-0.37306860089302063,3.1110658645629883,1,-4.1326246,9.5414715,0,0.0,0.0,0.0,0.0,0.0,0.0,2.1379945,0.0,0.0,0.0,0.0,-0.44577885,-0.8779397,1.0,0.0,0.0,0.0,light zone,1
S2|IGHV1-4*01_IGHD2-13*01_IGHJ2*01,9.209274291992188,7.990644931793213,1,9.44464,0.20684473,3,0.0,0.0,0.0,0.0,0.0,2.4316528,3.5717342,4.3697214,0.0,2.4571736,2.5165691,1.6693449,-0.8779397,0.0,0.0,0.0,1.0,plasma cell,1
S2|IGHV1-52*01_IGHD2-4*01_IGHJ2*01,-1.1226906776428223,5.30750036239624,1,-3.5191293,10.042013,0,0.0,0.0,2.0954304,0.0,0.0,0.0,0.0,1.7795095,0.0,0.0,0.0,-0.4665984,-0.8779397,1.0,0.0,0.0,0.0,light zone,1
S2|IGHV1-53*01_IGHD1-1*02_IGHJ4*01,9.223467826843262,9.531220436096191,1,10.116127,0.3215518,3,0.0,0.0,0.0,0.0,0.0,0.0,3.364161,4.5057745,0.0,0.0,2.3563654,0.6372575,-0.8779397,0.0,0.0,0.0,1.0,plasma cell,1
S2|IGHV1-53*01_IGHD2-12*01_IGHJ4*01,4.7657790184021,3.10892915725708,1,0.36913505,2.172746,4,2.9122243,0.24527316,0.016218957,0.0,0.0,0.0,0.0,0.0,0.0,0.0,1.8244978,-0.40263844,-0.7771169,1.0,0.0,0.0,0.0,light zone,1
S2|IGHV1-64*01_IGHD1-1*01_IGHJ1*03,2.1520445346832275,5.680712699890137,1,-0.3296145,5.97572,1,0.0,2.3841097,0.60728437,0.4796987,1.717922,0.0,1.9801482,1.3387085,0.0,0.0,0.0,-0.29479283,0.9201219,1.0,0.0,0.0,0.0,light zone,1
S2|IGHV1-66*01_IGHD2-13*01_IGHJ2*01,3.4743540287017822,4.959063529968262,1,0.6223883,4.2600245,4,2.32709,0.0,1.2392805,1.0707741,0.0,0.0,0.0,0.0,0.0,0.0,0.0,-0.6914057,-0.8779397,1.0,0.0,0.0,0.0,light zone,1
S2|IGHV1-72*01_IGHD1-1*01_IGHJ1*03,5.221278592944145,6.401446461677551,4,3.8531158,2.8886294,5,0.0,0.0,0.7204536,0.28102994,0.0,0.61379886,1.7105603,2.7271283,0.0,0.50874275,0.9716801,0.23787862,-0.8779397,0.5,0.0,0.0,0.5,light zone,1
S2|IGHV1-72*01_IGHD1-1*01_IGHJ2*01,2.3310281662270427,5.955185562372208,16,-0.13605884,5.99257,1,0.35143334,0.8444489,1.1551832,0.46452266,0.78567713,0.006836785,0.7776068,1.5165167,0.0,0.24902906,0.38866037,-0.307104,-0.15669331,0.8125,0.0,0.0,0.1875,light zone,1
S2|IGHV1-72*01_IGHD1-1*01_IGHJ3*01,0.6810876727104187,6.596207618713379,1,-1.7257279,7.624042,1,0.0,0.0,2.2063434,0.7596506,0.0,0.01976013,0.0,0.0,0.0,0.0,0.0,-0.68649983,-0.8779397,1.0,0.0,0.0,0.0,light zone,1
S2|IGHV1-72*01_IGHD1-1*02_IGHJ2*01,2.1458628177642822,6.890064239501953,1,0.31602886,6.8124704,1,0.0,2.2260468,2.215476,0.0,2.5265286,0.0,0.0,2.1362593,0.0,0.0,0.0,-0.42152986,1.240191,1.0,0.0,0.0,0.0,light zone,1
S2|IGHV1-72*01_IGHD1-1*02_IGHJ4*01,8.922573566436768,7.58513617515564,2,8.80886,0.12825836,3,0.59363663,0.46133953,0.0,0.0,1.907822,0.0,3.3322778,3.4567823,0.0,2.5527046,1.9787502,0.8530811,0.22016816,0.0,0.0,0.0,1.0,plasma cell,1
S2|IGHV1-72*01_IGHD1-3*01_IGHJ1*03,6.625862121582031,6.783017635345459,1,5.694002,1.4894696,6,0.0,2.7805207,0.0,0.0,1.9703686,2.504246,3.1974373,4.6801085,0.0,2.7631278,0.0,1.3346276,1.2032822,0.0,0.0,0.0,1.0,plasma cell,1
S2|IGHV1-72*01_IGHD2-1*01_IGHJ4*01,6.365542054176331,6.8517138957977295,2,5.513698,1.5982809,6,1.036572,1.2315185,0.53333825,0.0,2.091084,0.99635816,2.0300004,3.262333,0.0,1.6192805,0.99896854,0.62062746,0.6240263,0.5,0.0,0.0,0.5,light zone,1
S2|IGHV1-72*01_IGHD2-12*01_IGHJ4*01,1.831575870513916,7.173086166381836,1,0.3675768,7.1158233,1,0.0,1.4076573,1.4383278,0.09116959,0.6537457,0.0,0.0,3.0314527,0.0,0.0,0.0,-0.30843917,0.011997789,1.0,0.0,0.0,0.0,light zone,1
S2|IGHV1-72*01_IGHD2-13*01_IGHJ2*01,1.7931560277938843,6.630118370056152,1,-0.14116278,6.8175755,1,0.0,1.1222075,0.6714472,0.6335983,1.9102119,0.0,1.0007417,1.10229,0.0,0.0,0.0,-0.4371805,0.49296483,1.0,0.0,0.0,0.0,light zone,1
S2|IGHV1-72*01_IGHD2-5*01_IGHJ2*01,9.371923446655273,6.7464375495910645,1,9.088787,-0.06814031,3,0.0,0.0,0.0,0.0,0.0,0.0,3.697079,3.9243793,0.0,0.2377001,2.6907187,0.6933189,-0.8779397,0.0,0.0,0.0,1.0,plasma cell,1
S2|IGHV1-74*01_IGHD2-4*01_IGHJ3*01,10.020987510681152,7.397328853607178,1,9.831424,-0.06003869,3,0.0,0.0,0.0,0.0,0.0,1.5533894,3.509574,3.8467968,0.0,2.0072675,2.5151067,1.3052894,-0.8779397,0.0,0.0,0.0,1.0,plasma cell,1
S2|IGHV1-76*01_IGHD1-1*02_IGHJ4*01,8.834179639816284,7.903339624404907,2,8.857004,0.25688988,3,0.0,1.662298,0.009055709,0.0,1.3304521,0.0,2.7084794,4.0081897,0.0,1.8439509,0.0,0.42356586,0.43890584,0.0,0.0,0.0,1.0,plasma cell,1
S2|IGHV1-81*01_IGHD1-1*01_IGHJ3*01,3.3181328773498535,3.381380081176758,1,-0.19400088,3.1217499,4,1.6278849,3.3197498,0.6431234,0.0,2.352096,0.0,0.062465858,1.2838612,0.0,0.0,0.5729535,-0.4313551,1.6067109,1.0,0.0,0.0,0.0,light zone,1
S2|IGHV10-1*01_IGHD3-2*02_IGHJ3*01,-0.6471987590193748,5.0486226081848145,2,-3.3514755,9.532044,0,1.012855,0.37878278,1.8199124,0.2684144,0.0,0.0,0.0,1.3140683,0.0,0.0,0.0,-0.52539814,-0.722236,1.0,0.0,0.0,0.0,light zone,1
S2|IGHV14-2*01_IGHD2-1*01_IGHJ2*01,2.709862470626831,4.35318660736084,1,-0.17131637,4.268859,4,0.0,0.0,1.1987485,0.61764413,0.0,0.0,1.9556582,2.4479198,0.0,0.0,0.0,-0.15747859,-0.8779397,1.0,0.0,0.0,0.0,light zone,1
S2|IGHV14-2*01_IGHD2-4*01_IGHJ3*01,10.16157054901123,7.9503397941589355,1,10.166718,-0.019966237,3,0.0,0.0,0.0,0.0,1.7075322,3.327034,3.6837175,4.269641,0.0,2.7014022,2.9733734,2.0035598,-0.06484586,0.0,0.0,0.0,1.0,plasma cell,1
S2|IGHV14-3*01_IGHD1-1*01_IGHJ3*01,7.805474519729614,6.901366233825684,2,7.4683146,0.46353105,3,0.0,0.79267156,0.0,0.0,0.74242926,1.3396772,3.771681,4.36007,0.0,1.2740756,2.2181213,1.1819112,-0.19857094,0.0,0.0,0.0,1.0,plasma cell,1
S2|IGHV14-3*01_IGHD1-1*01_IGHJ4*01,9.833667755126953,9.173116683959961,1,10.2337265,0.04990245,3,0.0,0.0,0.0,0.0,2.0544572,0.0,3.602504,3.919253,0.0,2.5842087,2.132773,0.9720104,0.10035315,0.0,0.0,0.0,1.0,plasma cell,1
S2|IGHV14-4*01_IGHD2-3*01_IGHJ3*01,-1.0907447338104248,6.429019451141357,1,-3.0853908,9.940821,0,0.0,0.0,1.827378,0.8091443,0.0,0.0,0.0,2.1319642,0.0,0.0,0.0,-0.42207244,-0.8779397,1.0,0.0,0.0,0.0,light zone,1
S2|IGHV3-6*01_IGHD1-1*01_IGHJ3*01,0.8921568691730499,5.757622241973877,4,-1.7565968,7.318678,1,0.30039737,1.293751,1.0509269,0.7654841,1.3087119,0.0,0.3367837,0.91959596,0.0,0.0,0.10033041,-0.52066076,0.2770574,1.0,0.0,0.0,0.0,light zone,1
S2|IGHV4-1*01_IGHD1-1*01_IGHJ3*01,-0.1869787722826004,4.855749607086182,1,-3.2449124,9.005268,0,0.0,0.0,2.3336346,1.0354939,0.0,0.0,0.0,1.7493455,0.0,0.0,0.0,-0.47040904,-0.8779397,1.0,0.0,0.0,0.0,light zone,1
S2|IGHV8-2*01_IGHD2-2*01_IGHJ4*01,0.27414175868034363,5.535648822784424,1,-2.6616948,8.4234915,0,0.0,0.0,0.2785562,0.9191933,0.0,0.0,0.0,2.1501043,0.0,0.0,0.0,-0.41978082,-0.8779397,1.0,0.0,0.0,0.0,light zone,1
S2|IGHV9-1*01_IGHD1-1*01_IGHJ3*01,3.359710454940796,6.5741682052612305,1,1.9482172,5.3374877,2,0.0,0.0,2.1871223,0.0,2.1733277,0.0,0.37268353,2.1465816,0.0,0.0,0.0,-0.3774095,0.156957,1.0,0.0,0.0,0.0,light zone,1
S2|IGHV9-3*01_IGHD1-1*01_IGHJ3*01,2.548460006713867,6.943549633026123,1,0.7799861,6.5275445,1,0.0,3.4027226,0.12192442,0.9782357,2.7517388,0.0,0.0,1.5585127,0.0,0.0,0.0,-0.49451718,1.83112,1.0,0.0,0.0,0.0,light zone,1
S3|IGHV1-5*01_IGHD2-4*01_IGHJ2*01,-0.5395457744598389,3.7805566787719727,1,-4.040915,9.564077,0,0.0,0.0,0.0,0.0,0.0,0.0,2.1967432,0.0,0.0,0.0,0.0,-0.43902943,-0.8779397,1.0,0.0,0.0,0.0,light zone,1
S3|IGHV1-55*01_IGHD1-2*01_IGHJ2*01,8.381624221801758,8.182060241699219,1,8.591234,0.3472104,3,1.0095023,1.7895441,0.6089905,0.0,1.3483726,0.72917783,2.7183394,3.3473384,0.0,2.2592413,2.172701,0.93311447,0.49974546,0.0,0.0,0.0,1.0,plasma cell,1
S3|IGHV1-62-3*01_IGHD2-12*01_IGHJ4*01,8.46927261352539,8.034149169921875,1,8.5135145,0.31607968,3,0.0,0.0,0.0,0.0,0.0,0.0,2.3057392,3.6952412,0.0,0.19874443,2.5379038,0.47405514,-0.8779397,0.0,0.0,0.0,1.0,plasma cell,1
S3|IGHV1-69*02_IGHD2-3*01_IGHJ2*01,1.030372142791748,6.711501598358154,1,-1.5832415,7.4206314,1,0.0,3.6144984,1.8932863,0.63858217,2.9039364,0.0,0.32277983,2.059577,0.0,0.0,0.0,-0.39413413,1.9906468,1.0,0.0,0.0,0.0,light zone,1
S3|IGHV1-7*01_IGHD1-1*01_IGHJ3*01,1.7842267751693726,5.4503912925720215,1,-0.80550915,6.2980704,1,0.0,2.6882665,0.0,0.0,2.1140993,0.0,0.0,2.410064,0.0,0.0,0.0,-0.38693985,1.2338016,1.0,0.0,0.0,0.0,light zone,1
S3|IGHV1-72*01_IGHD1-1*01_IGHJ1*03,6.086455538868904,6.238732159137726,8,4.4967437,2.1160314,5,0.4085933,1.3758333,0.5213259,0.20687664,0.8832826,1.042286,2.1360526,2.3581476,0.0,1.3289593,1.4109552,0.54836214,0.10821718,0.5,0.0,0.0,0.5,light zone,1
S3|IGHV1-72*01_IGHD1-1*01_IGHJ2*01,5.491517538825671,6.851816286643346,24,4.0864077,2.623779,5,0.08548653,0.5436339,0.4349717,0.18943107,0.8793544,0.34641662,2.4615486,2.7621143,0.0,1.1305399,1.3231957,0.4181299,-0.23574008,0.3333333333333333,0.0,0.041666666666666664,0.625,plasma cell,1
S3|IGHV1-72*01_IGHD1-1*01_IGHJ3*01,2.9742399752140045,6.838705658912659,4,1.5112323,5.972336,2,0.0,1.197248,0.9106511,0.4838183,2.0147254,0.0,0.736816,1.9036825,0.0,0.64535004,0.4699639,-0.1877786,0.5735786,0.5,0.0,0.25,0.25,light zone,1
S3|IGHV1-72*01_IGHD1-1*01_IGHJ4*01,2.9739654660224915,5.734303891658783,4,0.7748687,5.0222497,4,0.4224065,1.4083769,0.6751013,0.54387,1.2300515,0.0,1.4118134,2.1872025,0.0,0.6799998,0.0,-0.143206,0.28671938,0.75,0.0,0.0,0.25,light zone,1
S3|IGHV1-72*01_IGHD1-1*02_IGHJ1*03,0.023481249809265137,5.433689991633098,3,-2.8949952,8.585816,0,0.0,0.0,0.91449946,0.8860238,0.07498706,0.41605362,0.72403556,0.9299743,0.0,0.0,0.0,-0.38744506,-0.8422323,1.0,0.0,0.0,0.0,light zone,1
S3|IGHV1-72*01_IGHD1-1*02_IGHJ4*01,0.6495442390441895,6.356222629547119,1,-1.8520672,7.638517,1,0.05572286,2.9159555,1.3370848,0.6203449,0.0,0.0,0.0,2.127314,0.0,0.0,0.0,-0.4226599,0.32070303,1.0,0.0,0.0,0.0,light zone,1
S3|IGHV1-72*01_IGHD2-1*01_IGHJ1*03,0.6312541253864765,5.506096124649048,2,-2.3485353,7.9615164,0,0.0,0.9002757,1.6319456,0.6555063,0.5454052,0.0,0.9716977,1.2201002,0.0,0.0,0.0,-0.42563415,-0.24815786,1.0,0.0,0.0,0.0,light zone,1
S3|IGHV1-72*01_IGHD2-1*01_IGHJ3*01,4.240049488014645,6.822381522920397,9,3.2553077,4.322014,2,0.51111865,1.1257204,1.3019688,0.2871425,1.3109552,0.62173355,1.1624271,2.4612362,0.0,0.26553032,0.5218147,0.03285159,0.20905432,0.6666666666666666,0.0,0.0,0.3333333333333333,light zone,1
S3|IGHV1-72*01_IGHD2-1*01_IGHJ4*01,4.131126135587692,6.394290208816528,2,2.8383281,4.243791,2,0.0,0.0,1.1305304,0.0,0.0,0.0,2.866608,3.0568147,0.0,1.6834222,1.6091226,0.5503292,-0.8779397,0.5,0.0,0.0,0.5,light zone,1
S3|IGHV1-72*01_IGHD2-12*01_IGHJ4*01,6.8651334047317505,6.659467856089274,3,5.733821,1.4700615,6,0.0,0.0,0.6746018,0.0,0.0,0.9691704,2.5168965,3.4992726,0.0,1.6511487,0.867032,0.684007,-0.8779397,0.3333333333333333,0.0,0.0,0.6666666666666666,plasma cell,1
S3|IGHV1-72*01_IGHD2-13*01_IGHJ2*01,1.3998532593250275,5.021181583404541,2,-1.2609063,6.5273023,1,0.0,0.0,0.91952676,0.2621007,0.5531033,0.0,0.024398416,1.8638186,0.0,0.0,0.0,-0.45314452,-0.6145626,1.0,0.0,0.0,0.0,light zone,1
S3|IGHV1-72*01_IGHD2-3*01_IGHJ1*03,7.834537665049235,6.903855959574382,6,7.4921865,0.39422306,3,0.0,0.49096975,0.3717166,0.16291295,0.9964139,1.1792178,3.474535,3.7770452,0.0,1.4554405,1.4502655,0.942007,-0.20164691,0.16666666666666666,0.0,0.0,0.8333333333333334,plasma cell,1
S3|IGHV1-72*01_IGHD2-3*01_IGHJ3*01,-1.2475234270095825,4.583816051483154,1,-3.9838774,10.149264,0,0.0,0.2517222,1.3642786,0.61078596,0.0,0.0,0.30275953,1.7691828,0.0,0.0,0.0,-0.43312,-0.7744659,1.0,0.0,0.0,0.0,light zone,1
S3|IGHV1-72*01_IGHD2-4*01_IGHJ2*01,4.612958610057831,6.587752819061279,2,3.4071007,3.611485,2,0.0,0.0,0.79718006,0.04935635,0.0,1.3031596,1.9696361,3.1659029,0.0,1.2670195,0.0,0.46274865,-0.8779397,0.5,0.0,0.0,0.5,light zone,1
S3|IGHV1-72*01_IGHD4-1*01_IGHJ3*01,3.1466798782348633,6.272927761077881,1,1.6038797,5.2312784,2,0.0,3.2894697,1.3282418,0.74877304,2.3183608,0.0,2.122034,1.1280117,0.0,0.0,0.0,-0.3051096,1.5781999,1.0,0.0,0.0,0.0,light zone,1
S3|IGHV1-72*01_IGHD6-5*01_IGHJ4*01,-1.2755099534988403,5.2670111656188965,1,-3.7635453,10.166742,0,0.0,0.0,0.68768626,0.0,2.4278488,0.0,0.0,0.0,0.0,0.0,0.0,-0.6914057,0.27815506,1.0,0.0,0.0,0.0,light zone,1
S3|IGHV1-74*01_IGHD2-12*01_IGHJ4*01,1.9474471807479858,6.154522895812988,1,-0.38371572,6.4700994,1,0.45532316,2.2736008,1.6418918,1.0723628,1.6784339,0.0,1.5094347,1.8434497,0.0,0.0,0.0,-0.28510702,0.8558923,1.0,0.0,0.0,0.0,light zone,1
S3|IGHV1-75*01_IGHD1-1*01_IGHJ1*03,-1.7125146389007568,5.707546710968018,1,-3.8314388,10.331255,0,0.0,0.0,1.9353566,0.0,0.0,0.0,0.0,0.0,0.0,0.0,0.0,-0.6914057,-0.8779397,1.0,0.0,0.0,0.0,light zone,1
S3|IGHV1-75*01_IGHD2-1*01_IGHJ3*01,-1.5447728633880615,5.5379204750061035,1,-3.8429976,10.265462,0,0.0,0.09263328,1.9345053,0.47413316,0.0,0.0,1.8988143,2.3639755,0.0,0.0,0.0,-0.17461395,-0.83986163,1.0,0.0,0.0,0.0,light zone,1
S3|IGHV1-9*01_IGHD1-2*01_IGHJ4*01,3.1999142169952393,4.032166481018066,1,0.025134256,3.693262,4,1.6367583,1.7662227,1.0208625,0.0,0.0,0.0,0.0,1.8787466,0.0,0.0,0.0,-0.45406172,-0.15191013,1.0,0.0,0.0,0.0,light zone,1
S3|IGHV10-1*01_IGHD4-1*01_IGHJ3*01,8.187600135803223,8.140342712402344,1,8.306105,0.38026708,3,0.0,0.0,0.0,0.0,2.2674296,2.1310275,3.571809,4.073236,0.0,0.036625143,1.9087766,1.0706099,0.20176652,0.0,0.0,0.0,1.0,plasma cell,1
S3|IGHV14-2*01_IGHD2-1*01_IGHJ2*01,2.786906361579895,7.33098292350769,2,1.1527557,6.6780486,1,0.6121339,2.8383172,1.60917,0.7421297,2.108343,0.0,0.7369217,1.8236666,0.0,0.0,0.0,-0.37635761,1.2927411,1.0,0.0,0.0,0.0,light zone,1
S3|IGHV14-3*01_IGHD1-1*01_IGHJ3*01,-1.4880290031433105,5.6748881340026855,1,-3.7154615,10.351937,0,0.0,0.0,2.3234086,0.8332168,0.0,0.0,0.0,2.040816,0.0,0.0,0.0,-0.4335873,-0.8779397,1.0,0.0,0.0,0.0,light zone,1
S3|IGHV14-3*01_IGHD1-1*01_IGHJ4*01,-1.4536572694778442,5.136042594909668,1,-3.8432064,10.306167,0,0.0,0.0,0.74472207,0.0,2.2624342,0.0,0.0,1.9335377,0.0,0.0,0.0,-0.44713986,0.19938782,1.0,0.0,0.0,0.0,light zone,1
S3|IGHV14-3*01_IGHD1-1*02_IGHJ4*01,1.5090749263763428,5.78658390045166,1,-1.1180236,6.7817683,1,0.0,2.00881,0.0,0.0,3.011354,0.0,1.9187783,1.7143792,0.0,0.0,0.0,-0.25438455,1.3817574,1.0,0.0,0.0,0.0,light zone,1
S3|IGHV14-3*01_IGHD2-1*01_IGHJ3*01,1.4761912822723389,4.999494552612305,1,-1.1934713,6.507189,1,0.0,2.726425,0.6056045,0.45504797,0.533157,0.0,0.0,1.901878,0.0,0.0,0.0,-0.45113948,0.496673,1.0,0.0,0.0,0.0,light zone,1
S3|IGHV1S95*01_IGHD2-1*01_IGHJ3*01,0.27557337284088135,5.417509078979492,1,-2.7863967,8.440006,0,0.0,1.7173308,1.5099648,0.0,1.2989987,0.0,0.0,2.3065717,0.0,0.0,0.0,-0.40001407,0.4465503,1.0,0.0,0.0,0.0,light zone,1
S3|IGHV3-6*01_IGHD6-5*01_IGHJ4*01,2.4258567690849304,6.736231565475464,2,0.54309636,6.548159,1,0.0,2.0555456,1.901418,0.19045077,1.9721444,0.0,0.0,2.1709614,0.0,0.0,0.0,-0.4171459,0.9061171,0.5,0.0,0.5,0.0,light zone,1
S3|IGHV5-17*01_IGHD1-1*02_IGHJ3*01,8.1899995803833,7.912707805633545,1,8.141294,0.40332124,3,0.0,0.0,0.0,0.0,1.1697235,0.0,3.1328163,3.900521,0.0,2.598302,2.01669,0.89958376,-0.32093996,0.0,0.0,0.0,1.0,plasma cell,1
S3|IGHV5-17*01_IGHD2-1*01_IGHJ3*01,-0.24062302708625793,5.776719093322754,1,-2.8743503,9.152426,0,0.0,0.0,2.491181,0.45686305,0.0,0.0,0.0,1.8029029,0.0,0.0,0.0,-0.4636431,-0.8779397,1.0,0.0,0.0,0.0,light zone,1
S3|IGHV6-3*01_IGHD1-1*01_IGHJ4*01,0.6523441076278687,4.447998046875,1,-3.2657845,8.498957,0,0.0,0.0,1.4821528,0.0,0.47941267,0.0,0.0,0.0,0.0,0.0,0.0,-0.6914057,-0.64965266,1.0,0.0,0.0,0.0,light zone,1
S3|IGHV9-2*01_IGHD1-1*02_IGHJ2*01,4.087015151977539,6.112868785858154,1,2.5960758,4.206667,2,0.0,1.756042,1.0895383,0.0,1.4272025,0.0,2.006587,2.3277133,0.0,0.0,0.0,-0.16681337,0.52351123,1.0,0.0,0.0,0.0,light zone,1
S4|IGHV1-12*01_IGHD2-13*01_IGHJ4*01,8.618762969970703,7.570574760437012,1,8.472794,0.19483034,3,0.0,0.0,0.0,0.0,0.0,0.0,3.240493,3.9948683,0.0,3.0294745,2.0826626,1.0038668,-0.8779397,0.0,0.0,0.0,1.0,plasma cell,1
S4|IGHV1-18*01_IGHD2-4*01_IGHJ3*01,4.700882434844971,6.954263687133789,1,3.585953,3.6927702,2,0.0,2.7466965,1.1655612,0.19948366,1.2321213,0.0,2.8689284,3.6436267,0.0,1.8778418,1.5374644,0.64474845,0.8378392,1.0,0.0,0.0,0.0,light zone,1
S4|IGHV1-20*01_IGHD2-4*01_IGHJ2*01,3.384162664413452,7.336063861846924,1,1.9112599,5.8346033,2,0.0,2.8861868,1.2734143,0.63963884,2.5552146,0.0,2.1253731,2.061967,0.0,0.0,0.0,-0.18673845,1.5252101,1.0,0.0,0.0,0.0,light zone,1
S4|IGHV1-22*01_IGHD1-1*01_IGHJ1*03,-0.5313783884048462,6.413152694702148,1,-2.561708,9.34241,0,0.0,1.6520419,1.1264727,0.9630581,0.0,0.0,0.0,2.2028055,0.0,0.0,0.0,-0.41312298,-0.19884568,1.0,0.0,0.0,0.0,light zone,1
S4|IGHV1-22*01_IGHD1-1*01_IGHJ3*01,4.542929425835609,7.083094120025635,2,3.5828483,3.9355996,2,0.0,0.0,0.0,0.0,0.0,0.9037252,2.7447987,3.1161942,0.0,1.4912355,0.4535677,0.55431175,-0.8779397,0.5,0.0,0.0,0.5,light zone,1
S4|IGHV1-22*01_IGHD2-14*01_IGHJ1*03,2.535479784011841,4.3242692947387695,1,-0.2224799,4.3124523,4,0.9212233,0.0,1.0943274,0.0,0.3142979,0.0,0.0,2.3324142,0.0,0.0,0.0,-0.3967494,-0.72827715,1.0,0.0,0.0,0.0,light zone,1
S4|IGHV1-22*01_IGHD2-3*01_IGHJ3*01,6.333019971847534,8.417177438735962,2,6.266653,1.1564276,6,0.0,1.3622321,0.82835007,0.3764507,0.6917555,0.0,2.5566094,3.1149879,0.0,1.6309055,0.43459192,0.32769674,0.0114246905,0.0,0.0,0.5,0.5,dark zone,1
S4|IGHV1-26*01_IGHD2-13*01_IGHJ2*01,4.3303608894348145,6.210974216461182,1,2.913188,3.940844,2,2.3476467,0.7320217,0.6149943,0.0,0.3377996,0.0,1.0978842,2.2139733,0.0,0.0,0.0,-0.28558,-0.4161787,1.0,0.0,0.0,0.0,light zone,1
S4|IGHV1-39*01_IGHD2-1*01_IGHJ4*01,-0.6629771590232849,6.025345325469971,1,-2.8877506,9.633552,0,0.0,0.0,0.54663277,0.0,0.0,0.0,0.0,2.064786,0.0,0.0,0.0,-0.43055916,-0.8779397,1.0,0.0,0.0,0.0,light zone,1
S4|IGHV1-53*01_IGHD1-1*01_IGHJ2*01,2.100257635116577,8.697957992553711,1,1.0117663,7.8267756,1,0.0,3.0355754,0.978248,1.0401679,2.808896,0.0,0.0,2.224265,0.0,0.0,0.0,-0.41041198,1.7074165,0.0,0.0,1.0,0.0,dark zone,1
S4|IGHV1-53*01_IGHD1-1*01_IGHJ3*01,0.14518867433071136,4.952420234680176,1,-3.0429533,8.645716,0,0.0,0.0,2.6819034,0.94390845,2.336615,0.0,0.0,0.0,0.0,0.0,0.0,-0.6914057,0.23471132,1.0,0.0,0.0,0.0,light zone,1
S4|IGHV1-53*01_IGHD1-1*02_IGHJ4*01,0.19721698760986328,7.6452717781066895,1,-1.6572303,8.728494,0,0.0,1.1318543,0.5575564,0.0,0.0,0.0,0.0,2.3608398,0.0,0.0,0.0,-0.39315835,-0.4126758,1.0,0.0,0.0,0.0,light zone,1
S4|IGHV1-53*01_IGHD2-1*01_IGHJ4*01,3.9601898193359375,7.08971643447876,1,3.2909977,4.463976,2,0.0,2.5419042,0.76913023,0.040806636,2.0644155,0.0,1.3236938,2.522705,0.0,0.0,0.0,-0.22063512,1.149979,1.0,0.0,0.0,0.0,light zone,1
S4|IGHV1-53*01_IGHD2-4*01_IGHJ2*01,0.9483474493026733,5.792392730712891,1,-1.7095909,7.314645,1,0.0,0.0,1.5984372,0.0,1.9262606,0.0,1.9352366,1.7383485,0.0,0.0,0.0,-0.24946564,0.0393084,1.0,0.0,0.0,0.0,light zone,1
S4|IGHV1-53*01_IGHD2-4*01_IGHJ3*01,8.88223934173584,8.916144371032715,1,9.65202,0.5596832,3,0.0,1.964873,0.010137818,0.0,2.1948087,0.6770133,3.1057687,3.2348895,0.0,1.8627038,2.3664546,0.91716903,0.9748733,0.0,0.0,0.0,1.0,plasma cell,1
S4|IGHV1-53*01_IGHD2-5*01_IGHJ2*01,-0.20698729157447815,4.816905498504639,1,-3.2906935,9.068221,0,0.0,0.0,1.412296,0.71516985,0.0,0.0,0.0,0.027839504,0.0,0.0,0.0,-0.6878887,-0.8779397,1.0,0.0,0.0,0.0,light zone,1
S4|IGHV1-55*01_IGHD1-1*01_IGHJ1*03,3.893202066421509,7.494781017303467,1,3.5003855,4.614561,2,0.0,2.2378767,2.0261407,0.38856468,0.48077112,0.0,1.5450269,1.8596276,0.0,0.0,0.0,-0.27897418,0.2709035,1.0,0.0,0.0,0.0,light zone,1
S4|IGHV1-55*01_IGHD2-5*01_IGHJ4*01,2.3542442321777344,8.015104293823242,1,1.004362,7.372368,1,0.0,2.4234288,1.5736084,0.0,0.0,0.0,2.223741,2.272641,0.0,0.0,0.0,-0.14882264,0.11824328,1.0,0.0,0.0,0.0,light zone,1
S4|IGHV1-62-2*01_IGHD2-4*01_IGHJ3*01,6.9955010414123535,7.3209991455078125,1,6.142988,1.2363027,6,0.0,0.0,0.0,0.0,0.0,0.0,3.8127317,4.8176746,0.0,2.211479,0.0,0.71197814,-0.8779397,0.0,0.0,0.0,1.0,plasma cell,1
S4|IGHV1-64*01_IGHD1-1*01_IGHJ2*01,-0.7247670888900757,5.505985260009766,1,-3.1834135,9.632317,0,0.05033843,0.0,1.1367762,0.20189273,0.0,0.0,2.0515997,2.0625982,0.0,0.0,0.0,-0.19513428,-0.8779397,1.0,0.0,0.0,0.0,light zone,1
S4|IGHV1-64*01_IGHD1-1*01_IGHJ3*01,-0.6680139303207397,5.864865303039551,1,-2.9658077,9.644781,0,0.0,0.0,3.002084,0.4093723,0.0,0.0,2.0123174,2.267426,0.0,0.0,0.0,-0.17377119,-0.8779397,1.0,0.0,0.0,0.0,light zone,1
S4|IGHV1-64*01_IGHD1-1*02_IGHJ2*01,8.815674781799316,9.261080741882324,1,9.731294,0.54822767,3,0.0,1.8778974,0.0,0.0,1.4232835,1.5411756,2.9983044,3.2412353,0.0,1.734395,1.9078854,1.026895,0.5717354,0.0,0.0,0.0,1.0,plasma cell,1
S4|IGHV1-64*01_IGHD1-1*02_IGHJ4*01,8.21351408958435,8.861077785491943,2,8.697533,0.56166315,3,0.2296088,0.10719743,0.0,0.0,1.0299112,1.1636701,2.9305172,3.362544,0.0,1.5033536,0.43247616,0.6699233,-0.34345096,0.0,0.0,0.0,1.0,plasma cell,1
S4|IGHV1-64*01_IGHD2-13*01_IGHJ2*01,8.650005340576172,9.123332977294922,1,9.501912,0.5878009,3,0.0,2.7657588,0.0,0.0,2.5355337,2.209579,3.0440454,3.5339408,0.0,2.409488,2.452295,1.4301362,1.4663348,0.0,0.0,0.0,1.0,plasma cell,1
S4|IGHV1-7*01_IGHD2-13*01_IGHJ4*01,9.565794944763184,8.519742012023926,1,10.017833,0.2869258,3,0.0,0.0,0.0,0.0,0.026658578,2.6728742,3.0021172,3.997344,0.0,2.4991028,3.3490753,1.7552751,-0.86524546,0.0,0.0,0.0,1.0,plasma cell,1
S4|IGHV1-72*01_IGHD1-1*01_IGHJ1*03,0.27835115790367126,4.546880602836609,4,-3.392733,8.74415,0,0.0,0.4575137,1.510938,0.15218434,0.0,0.0,0.0,2.08149,0.0,0.00607426,0.0,-0.42746907,-0.68987256,1.0,0.0,0.0,0.0,light zone,1
S4|IGHV1-72*01_IGHD1-1*01_IGHJ2*01,3.63401277248676,6.643101197022658,39,2.236609,5.0484285,2,0.25887293,1.0853704,0.8635086,0.30435336,1.0167323,0.25129053,1.479571,2.4768105,0.0,0.61404526,0.6308426,0.052758854,0.05236471,0.5641025641025641,0.0,0.1794871794871795,0.2564102564102564,light zone,1
S4|IGHV1-72*01_IGHD1-1*01_IGHJ3*01,4.741637289524078,8.039130210876465,2,3.8181145,3.8700829,2,0.0,1.446265,0.6596551,0.0,0.94148827,0.0,1.9524382,3.0683463,0.0,0.0,0.012832273,-0.077438414,0.16488552,0.5,0.0,0.0,0.5,light zone,1
S4|IGHV1-72*01_IGHD1-1*01_IGHJ4*01,4.488990783691406,6.364219029744466,3,3.20301,3.8388467,2,0.0,1.7447747,1.236945,0.16831446,0.0,0.0,1.2132316,2.7269993,0.0,1.1540436,0.82084584,0.10855699,-0.16072662,0.6666666666666666,0.0,0.0,0.3333333333333333,light zone,1
S4|IGHV1-72*01_IGHD1-1*02_IGHJ1*03,2.357114039361477,6.220036625862122,8,0.08515348,6.200343,1,0.0,1.2683505,1.040464,0.74231684,0.9579236,0.22615355,0.9971234,2.1359637,0.0,0.3737693,0.0,-0.19057156,0.09957753,0.375,0.0,0.5,0.125,dark zone,1
S4|IGHV1-72*01_IGHD1-1*02_IGHJ4*01,2.5086849530537925,5.759841124216716,3,-0.1316855,5.803375,1,0.0,0.0,0.0,0.83306646,0.0,1.0261906,1.9342394,1.6178535,0.0,0.9903348,1.0420942,0.31465495,-0.8779397,0.6666666666666666,0.0,0.0,0.3333333333333333,light zone,1
S4|IGHV1-72*01_IGHD1-2*01_IGHJ1*03,8.579111576080322,8.31203007698059,2,8.791264,0.4377427,3,0.0,0.0,0.03222526,0.0,0.0,0.0,3.5800319,4.5904083,0.0,2.752521,0.93786204,0.89224535,-0.8779397,0.0,0.0,0.0,1.0,plasma cell,1
S4|IGHV1-72*01_IGHD2-1*01_IGHJ3*01,-0.334733784198761,5.589183966318767,3,-3.0113938,9.291554,0,0.0,0.0,1.458047,0.6817455,0.0,0.0,0.0,2.2615683,0.0,0.0,0.82771903,-0.27469453,-0.8779397,0.6666666666666666,0.0,0.3333333333333333,0.0,light zone,1
S4|IGHV1-72*01_IGHD2-1*01_IGHJ4*01,0.9310542146364847,6.085899988810222,3,-1.7850604,7.3587527,1,0.0,0.9706451,1.7490271,0.57350343,0.3073814,0.0,0.0029225696,2.3325908,0.0,0.0038166402,0.0,-0.39577565,-0.33257392,1.0,0.0,0.0,0.0,light zone,1
S4|IGHV1-72*01_IGHD2-10*02_IGHJ4*01,8.672699928283691,8.107032775878906,1,8.953668,0.31840658,3,0.024079215,0.114985615,0.0,0.0,0.0,1.5380963,3.9602897,4.459806,0.0,2.880114,0.46053082,1.2463311,-0.83067334,0.0,0.0,0.0,1.0,plasma cell,1
S4|IGHV1-72*01_IGHD2-12*01_IGHJ2*01,7.210445404052734,8.365784645080566,1,7.2799935,0.65494066,3,0.0,1.7044032,0.0,0.07647184,1.6927724,1.3174344,2.6009898,3.12288,0.0,1.2049136,1.6355994,0.78224325,0.62874365,1.0,0.0,0.0,0.0,light zone,1
S4|IGHV1-72*01_IGHD2-12*01_IGHJ4*01,7.809812068939209,8.078433990478516,1,7.724773,0.45965564,3,0.0,0.0,0.0,0.0,0.80186796,0.0,3.471469,3.703058,0.0,2.503481,2.5611098,0.98441577,-0.49610567,0.0,0.0,0.0,1.0,plasma cell,1
S4|IGHV1-72*01_IGHD2-13*01_IGHJ2*01,-0.6162533164024353,4.570742607116699,1,-3.6580315,9.555532,0,0.0,0.0,2.2797344,0.7172529,0.0,0.0,0.0,0.7046887,0.0,0.0,0.0,-0.60238165,-0.8779397,1.0,0.0,0.0,0.0,light zone,1
S4|IGHV1-72*01_IGHD2-3*01_IGHJ1*03,2.0545175075531006,8.738542556762695,1,1.0577068,7.792924,1,0.0,0.3294449,1.7821275,0.71320623,0.71320623,0.0,2.2895465,2.6131794,0.0,0.0,0.0,-0.09824189,-0.40290195,0.0,0.0,1.0,0.0,dark zone,1
S4|IGHV1-72*01_IGHD2-4*01_IGHJ2*01,7.704923152923584,7.4856061935424805,1,7.4229765,0.5173632,3,0.0,0.0,0.0,0.0,0.0,0.0,3.6927307,4.52708,0.0,2.3078554,2.7045197,1.1050771,-0.8779397,0.0,0.0,0.0,1.0,plasma cell,1
S4|IGHV1-72*01_IGHD2-5*01_IGHJ1*03,7.88477087020874,7.115349769592285,1,7.4510603,0.43194216,3,0.0,0.0,0.0,0.0,0.0,0.0,3.2659986,4.3271112,0.0,3.3145278,0.0,0.76512355,-0.8779397,0.0,0.0,0.0,1.0,plasma cell,1
S4|IGHV1-72*01_IGHD5-1-1*01_IGHJ4*01,1.32534721493721,6.45217752456665,2,-1.1316613,7.0863037,1,0.0,1.487796,1.4812462,0.0,0.0,0.0,0.0,1.9832842,0.0,0.0,0.0,-0.44085535,-0.26636118,1.0,0.0,0.0,0.0,light zone,1
S4|IGHV1-74*01_IGHD2-4*01_IGHJ4*01,-0.5292561650276184,5.66748046875,1,-3.034905,9.51217,0,0.0,0.15232575,0.9518698,0.0,0.0,0.0,0.0,1.9558153,0.0,0.0,0.0,-0.44432554,-0.8153242,1.0,0.0,0.0,0.0,light zone,1
S4|IGHV1-75*01_IGHD2-3*01_IGHJ1*03,2.0492172241210938,5.357553958892822,1,-0.54193556,5.8799467,1,0.0,0.039034374,2.6590006,0.49280396,0.0,0.0,0.0,2.2349527,0.0,0.0,0.0,-0.40906182,-0.86189413,1.0,0.0,0.0,0.0,light zone,1
S4|IGHV1-81*01_IGHD1-1*01_IGHJ2*01,-1.828451156616211,5.312924385070801,1,-3.859975,10.285494,0,0.0,0.0,0.0,0.0,1.8673787,0.0,2.294296,0.49332952,0.0,0.0,0.0,-0.36549905,0.011269987,1.0,0.0,0.0,0.0,light zone,1
S4|IGHV1-81*01_IGHD1-1*02_IGHJ4*01,2.5185325145721436,7.473250389099121,1,0.94907355,6.8037915,1,0.0,3.223442,1.914338,0.54004997,2.1506665,0.0,0.0,2.3172848,0.0,0.0,0.0,-0.3986607,1.4712055,1.0,0.0,0.0,0.0,light zone,1
S4|IGHV1-81*01_IGHD2-13*01_IGHJ4*01,2.8864073753356934,8.404950141906738,1,1.3043334,7.3299503,1,0.0,2.1572745,0.6068738,0.044129997,1.3920081,0.0,1.6214927,2.0898323,0.0,0.0,0.0,-0.24110729,0.6716843,0.0,0.0,1.0,0.0,dark zone,1
S4|IGHV1-81*01_IGHD2-4*01_IGHJ4*01,9.129684448242188,9.001843452453613,1,9.827857,0.5033384,3,0.0,0.07769901,0.0,0.0,0.0,2.2193043,3.3926153,4.1000886,0.0,2.2871978,3.308348,1.6598816,-0.84600055,0.0,0.0,0.0,1.0,plasma cell,1
S4|IGHV1-82*01_IGHD1-1*01_IGHJ3*01,2.4148619174957275,3.493133544921875,1,-0.44197285,3.4744148,4,0.0,1.7932299,0.0,0.0,0.0,0.0,2.0638871,2.150558,0.0,0.0,0.0,-0.18261057,-0.14080846,1.0,0.0,0.0,0.0,light zone,1
S4|IGHV1-85*01_IGHD2-12*01_IGHJ1*03,-0.9667579531669617,5.86400032043457,1,-3.2103026,9.845945,0,0.0,0.0,1.0944828,0.91755015,0.0,0.0,0.0123462025,2.110804,0.0,0.0,0.0,-0.4233272,-0.8779397,1.0,0.0,0.0,0.0,light zone,1
S4|IGHV1-9*01_IGHD1-1*02_IGHJ4*01,2.0135610103607178,7.518334865570068,1,0.589013,7.2290945,1,0.0,2.6572096,1.5953412,1.3743219,2.294134,0.0,0.0,1.4641553,0.0,0.0,0.0,-0.5064374,1.3067644,1.0,0.0,0.0,0.0,light zone,1
S4|IGHV1-9*01_IGHD1-2*01_IGHJ3*01,8.296375274658203,7.387048721313477,1,8.038495,0.27468756,3,0.0,0.0,0.0,0.0,2.0946946,0.025120951,3.6142523,4.2976527,0.0,3.003486,2.477663,1.14962,0.11951348,0.0,0.0,0.0,1.0,plasma cell,1
S4|IGHV10-1*01_IGHD2-13*01_IGHJ2*01,1.5593700408935547,5.051441192626953,1,-1.1153088,6.42603,1,0.0,1.9513992,1.3298647,0.0,0.0,0.0,0.0,1.1776991,0.0,0.0,0.0,-0.5426257,-0.07579085,1.0,0.0,0.0,0.0,light zone,1
S4|IGHV10-1*01_IGHD3-2*02_IGHJ3*01,2.8290343284606934,5.033337712287903,2,0.071187876,4.8819594,4,1.4057417,1.0988667,0.6476898,0.0,0.00428054,0.0,0.9075347,1.3704824,0.0,0.0,1.1937106,-0.2250765,-0.4241975,1.0,0.0,0.0,0.0,light zone,1
S4|IGHV14-2*01_IGHD2-14*01_IGHJ1*03,1.7147949934005737,8.067634582519531,1,0.734014,7.733599,1,0.0,1.949507,0.45475632,0.48052132,2.9332066,0.0,0.040304556,1.9840301,0.0,0.0,0.0,-0.43613064,1.3201678,0.0,0.0,1.0,0.0,dark zone,1
S4|IGHV14-2*01_IGHD2-4*01_IGHJ3*01,-1.212856411933899,4.484392166137695,1,-4.047459,10.122496,0,0.0,0.0,1.8125412,0.0,0.0,0.0,0.0,0.0,0.0,0.0,0.0,-0.6914057,-0.8779397,1.0,0.0,0.0,0.0,light zone,1
S4|IGHV14-3*01_IGHD1-1*01_IGHJ1*03,-1.0387648344039917,5.814389705657959,1,-3.3025637,10.01048,0,0.0,0.0,0.0,0.76019543,0.0,0.0,0.0,2.1543496,0.0,0.0,0.0,-0.4192445,-0.8779397,1.0,0.0,0.0,0.0,light zone,1
S4|IGHV14-3*01_IGHD1-1*01_IGHJ2*01,3.217278480529785,6.241426467895508,1,1.5088153,5.183006,2,0.0,0.0,0.6955657,0.0,2.7481623,0.0,0.0,2.292696,0.0,0.0,0.0,-0.40176702,0.43068215,1.0,0.0,0.0,0.0,light zone,1
S4|IGHV14-3*01_IGHD1-1*01_IGHJ3*01,-0.2344429127406329,6.6546831130981445,3,-2.267631,8.995907,0,0.0,0.41029182,1.9122587,0.40835726,0.49663016,0.0,2.076377,2.0707138,0.0,0.0,0.0,-0.19126248,-0.47279808,0.6666666666666666,0.0,0.3333333333333333,0.0,light zone,1
S4|IGHV3-6*01_IGHD1-1*01_IGHJ1*03,4.130738973617554,6.741921424865723,2,3.1417823,4.402824,2,0.7611098,1.3576396,0.889245,0.41910887,2.461086,1.1178614,1.5596412,3.3465981,0.0,1.3502815,0.9938609,0.5632005,0.85205793,0.0,0.0,0.5,0.5,dark zone,1
S4|IGHV3-6*01_IGHD1-1*01_IGHJ3*01,0.29683130979537964,4.546351671218872,2,-3.3200276,8.76695,0,0.0,0.0,0.0,0.0,0.0,0.0,1.1288062,0.8800843,0.0,0.0,0.0,-0.45053905,-0.8779397,1.0,0.0,0.0,0.0,light zone,1
S4|IGHV3-6*01_IGHD1-1*02_IGHJ1*01,4.210402488708496,3.689115524291992,1,0.53908324,2.7143931,4,2.7654946,0.0,0.0,0.0,0.0,2.37587,1.9523615,0.0,0.0,0.0,1.158065,0.30604365,-0.8779397,1.0,0.0,0.0,0.0,light zone,1
S4|IGHV3-6*01_IGHD1-1*02_IGHJ1*03,2.9681167602539062,7.873958587646484,1,1.2802573,7.0799966,1,0.0,3.0671854,1.575913,0.52081066,2.1934512,0.0,0.0101482095,1.6172377,0.0,0.0,0.0,-0.4859325,1.4273472,1.0,0.0,0.0,0.0,light zone,1
S4|IGHV3-6*01_IGHD2-1*01_IGHJ2*01,9.51266860961914,8.330008506774902,1,10.054278,0.17609817,3,0.0,0.0,0.0,0.0,2.4383965,0.0,3.6519296,4.2085567,0.0,2.2943897,3.4527094,1.1763958,0.28317764,0.0,0.0,0.0,1.0,plasma cell,1
S4|IGHV3-6*01_IGHD2-1*01_IGHJ4*01,8.450703620910645,9.242898941040039,1,9.3373785,0.542575,3,0.0,2.4820683,0.011334674,0.0,0.0,0.0,3.0831137,3.100715,0.0,1.9155645,1.3771982,0.58148813,0.14234781,0.0,0.0,0.0,1.0,plasma cell,1
S4|IGHV3-6*01_IGHD2-2*01_IGHJ4*01,3.0818073749542236,7.043591499328613,1,1.6287992,5.9885373,2,0.0,2.7298973,0.5683466,0.549106,1.038528,0.0,1.9750348,2.107121,0.0,0.0,0.0,-0.19830595,0.73874825,1.0,0.0,0.0,0.0,light zone,1
S4|IGHV3-6*01_IGHD2-5*01_IGHJ3*01,3.478610038757324,6.598408460617065,2,2.1015034,5.220208,2,0.0,0.0,0.37306085,0.0,0.0,0.18354306,2.0265925,2.3787937,0.0,0.015594346,0.0,-0.109978035,-0.8779397,0.5,0.0,0.0,0.5,light zone,1
S4|IGHV3-6*01_IGHD3-1*01_IGHJ2*01,-0.4510417878627777,5.417645454406738,1,-3.080503,9.434069,0,0.0,0.0,2.353417,0.61044663,0.0,0.0,0.8816312,2.2857606,0.0,0.01893892,0.0,-0.2983006,-0.8779397,1.0,0.0,0.0,0.0,light zone,1
S4|IGHV5-6*01_IGHD1-1*01_IGHJ3*01,8.362266540527344,7.458144187927246,1,8.251719,0.25925425,3,0.0,0.0,0.0,0.0,0.0,0.8621331,3.0276353,4.227353,0.0,2.595522,0.37059236,0.8818517,-0.8779397,0.0,0.0,0.0,1.0,plasma cell,1
S4|IGHV5-6*01_IGHD2-1*01_IGHJ2*01,-0.6421511173248291,5.561379432678223,1,-3.2108681,9.651685,0,0.0,0.0,1.131915,0.7658728,0.0,0.0,0.0,0.0,0.0,0.0,0.0,-0.6914057,-0.8779397,1.0,0.0,0.0,0.0,light zone,1
S4|IGHV6-3*01_IGHD1-1*01_IGHJ2*01,7.289010047912598,8.418951988220215,1,7.362184,0.6265838,3,1.2210308,0.0,0.0,0.0,2.5224257,0.7014757,2.9965086,3.6887004,0.0,2.3676836,0.7014757,0.785958,0.32319072,0.0,0.0,0.0,1.0,plasma cell,1
S4|IGHV6-3*01_IGHD6-1*02_IGHJ3*01,9.132881164550781,9.6582612991333,1,10.16656,0.2910108,3,0.0,2.0608208,0.0,0.0,2.7759583,0.0,2.80788,3.4034128,0.0,2.0456343,3.037217,0.8718238,1.2910461,0.0,0.0,0.0,1.0,plasma cell,1
S4|IGHV8-7*01_IGHD1-1*01_IGHJ1*03,10.072019577026367,8.71799087524414,1,10.166066,0.09282249,3,0.16108473,0.0,0.0,0.0,2.2112896,0.0,2.9224997,3.6012802,0.0,2.303817,0.32377848,0.52217406,0.17503378,0.0,0.0,0.0,1.0,plasma cell,1
S4|IGHV9-3*01_IGHD3-2*02_IGHJ4*01,3.9927191734313965,5.36518669128418,1,1.8899112,3.6929781,2,1.9764833,1.7274617,2.1804342,0.17261086,1.9012077,0.0,0.0,2.027375,0.0,0.0,0.0,-0.4352853,0.73747504,1.0,0.0,0.0,0.0,light zone,1
S4|IGHV9-4*01_IGHD2-4*01_IGHJ2*01,9.383833885192871,5.901089668273926,1,9.058603,-0.11249299,3,0.0,0.0,0.0,0.0,0.0,0.0,3.9803045,3.9230423,0.0,2.4306989,1.935606,0.9599247,-0.8779397,0.0,0.0,0.0,1.0,plasma cell,1
